Entity,Code,Year,Hepatitis B (HepB3),H. influenza type b (Hib3),Inactivated polio vaccine (IPV1),"Measles, first dose (MCV1)",Pneumococcal vaccine (PCV3),Polio (Pol3),Rubella (RCV1),Rotavirus (RotaC),Diptheria/tetanus/pertussis (DTP3)
Afghanistan,AFG,1980,,,,11,,,,,4
Afghanistan,AFG,1981,,,,,,3,,,3
Afghanistan,AFG,1982,,,,8,,5,,,5
Afghanistan,AFG,1983,,,,9,,5,,,5
Afghanistan,AFG,1984,,,,14,,16,,,16
Afghanistan,AFG,1985,,,,14,,15,,,15
Afghanistan,AFG,1986,,,,14,,11,,,11
Afghanistan,AFG,1987,,,,31,,25,,,25
Afghanistan,AFG,1988,,,,34,,35,,,35
Afghanistan,AFG,1989,,,,22,,33,,,33
Afghanistan,AFG,1990,,,,20,,25,,,25
Afghanistan,AFG,1991,,,,19,,23,,,23
Afghanistan,AFG,1992,,,,22,,21,,,21
Afghanistan,AFG,1993,,,,25,,18,,,18
Afghanistan,AFG,1994,,,,40,,8,,,12
Afghanistan,AFG,1995,,,,41,,20,,,20
Afghanistan,AFG,1996,,,,42,,31,,,31
Afghanistan,AFG,1997,,,,38,,28,,,28
Afghanistan,AFG,1998,,,,31,,28,,,27
Afghanistan,AFG,1999,,,,31,,27,,,27
Afghanistan,AFG,2000,,,,27,,24,,,24
Afghanistan,AFG,2001,,,,37,,35,,,33
Afghanistan,AFG,2002,,,,35,,36,,,36
Afghanistan,AFG,2003,,,,39,,41,,,41
Afghanistan,AFG,2004,,,,48,,50,,,50
Afghanistan,AFG,2005,,,,50,,58,,,58
Afghanistan,AFG,2006,,,,53,,58,,,58
Afghanistan,AFG,2007,63,,,55,,63,,,63
Afghanistan,AFG,2008,64,,,59,,64,,,64
Afghanistan,AFG,2009,63,63,,60,,63,,,63
Afghanistan,AFG,2010,66,66,,62,,66,,,66
Afghanistan,AFG,2011,68,68,,64,,68,,,68
Afghanistan,AFG,2012,67,67,,59,,67,,,67
Afghanistan,AFG,2013,64,64,,57,,64,,,64
Afghanistan,AFG,2014,62,62,,60,49,63,,,62
Afghanistan,AFG,2015,64,64,,62,64,65,,,64
Afghanistan,AFG,2016,66,66,65,64,62,66,,,66
Afghanistan,AFG,2017,64,64,61,64,63,64,,,64
Afghanistan,AFG,2018,68,68,66,66,64,67,,46,68
Afghanistan,AFG,2019,65,65,63,57,61,63,,49,65
Afghanistan,AFG,2020,61,61,56,57,59,61,,53,61
Afghanistan,AFG,2021,55,55,56,51,53,55,,50,55
Afghanistan,AFG,2022,58,58,61,56,55,60,,53,58
Afghanistan,AFG,2023,60,60,59,55,58,59,,55,60
Afghanistan,AFG,2024,59,59,59,55,57,59,,56,59
Africa,OWID_AFR,1980,,,,8.788675,,10.659865,,,9.280128
Africa,OWID_AFR,1981,,,,13.584435,,14.85983,0.0024084074,,14.024124
Africa,OWID_AFR,1982,,,,16.1695,,17.51523,0.005234502,,15.810309
Africa,OWID_AFR,1983,,,,22.506445,,23.841959,0.0078658825,,22.324041
Africa,OWID_AFR,1984,,,,27.358686,,28.822533,0.0060665742,,28.290375
Africa,OWID_AFR,1985,,,,37.62574,,36.026085,0.0069829165,,36.273804
Africa,OWID_AFR,1986,,,,43.977665,,41.26465,0.007285251,,40.47414
Africa,OWID_AFR,1987,,,,48.090973,,46.598835,0.007155202,,46.71855
Africa,OWID_AFR,1988,,,,53.309116,,50.10822,0.006547526,,50.22169
Africa,OWID_AFR,1989,,,,58.952354,,54.993004,0.0064208126,,55.134563
Africa,OWID_AFR,1990,,,,60.099186,,60.26462,0.006057423,,59.96432
Africa,OWID_AFR,1991,0.1474861,,,57.623325,,54.664852,0.0061144107,,52.78793
Africa,OWID_AFR,1992,0.41907984,,,54.89886,,54.051056,0.006174817,,53.432983
Africa,OWID_AFR,1993,0.5242127,,,55.636944,,53.637333,0.0059950105,,53.492268
Africa,OWID_AFR,1994,4.6038184,,,58.456398,,58.064297,0.005968022,,57.247498
Africa,OWID_AFR,1995,5.896559,,,58.0215,,57.036182,0.39410242,,56.69431
Africa,OWID_AFR,1996,6.760703,,,58.00786,,56.40393,0.43630525,,54.87563
Africa,OWID_AFR,1997,10.124232,,,57.545433,,56.899475,0.43574384,,53.40453
Africa,OWID_AFR,1998,10.557017,0.18968733,,55.333866,,54.613285,0.429669,,52.293278
Africa,OWID_AFR,1999,11.379977,0.18304695,,53.57708,,55.011646,6.8811803,,53.57892
Africa,OWID_AFR,2000,12.694634,2.7899144,,54.72067,,56.550716,7.0053377,,55.335575
Africa,OWID_AFR,2001,14.137585,2.5885217,,56.288155,,58.199753,7.032908,,56.13366
Africa,OWID_AFR,2002,29.480455,10.481474,,57.418213,,61.47698,6.745995,,57.02247
Africa,OWID_AFR,2003,32.59442,11.454642,,59.886723,,63.543938,6.8071265,,59.627296
Africa,OWID_AFR,2004,38.011642,14.202113,,62.025993,,64.98652,8.536828,,62.330452
Africa,OWID_AFR,2005,44.71034,15.3655405,,63.863575,,67.4109,8.508334,,65.32099
Africa,OWID_AFR,2006,49.655983,18.219095,,66.37255,,68.45577,8.428175,,67.22611
Africa,OWID_AFR,2007,64.58655,27.282167,,67.29736,,71.50162,8.374386,,68.78828
Africa,OWID_AFR,2008,68.04139,36.45894,,69.403336,,73.24793,6.2846146,,71.47963
Africa,OWID_AFR,2009,72.78368,55.124043,,73.46289,0.3275371,75.333496,6.4862223,0.55681306,74.41143
Africa,OWID_AFR,2010,70.83765,55.623516,,73.391235,2.9891293,73.83157,6.56377,1.9772316,73.46544
Africa,OWID_AFR,2011,72.04215,57.64875,,73.64224,10.451161,72.82288,6.641598,4.484932,74.61256
Africa,OWID_AFR,2012,71.554855,59.844746,,72.30815,20.115334,72.68205,7.0125203,8.256735,71.64807
Africa,OWID_AFR,2013,71.58746,62.60473,,71.619995,31.759102,72.19465,10.235187,14.721178,71.82764
Africa,OWID_AFR,2014,73.04553,73.054375,,71.328094,45.404278,73.281166,16.35955,29.85668,73.628334
Africa,OWID_AFR,2015,73.05498,73.05932,20.996874,70.985695,56.160465,73.53381,18.267654,37.090595,73.12444
Africa,OWID_AFR,2016,75.65001,75.66516,39.34589,71.4517,62.709064,74.910385,19.60126,41.147476,75.71784
Africa,OWID_AFR,2017,75.95633,75.9592,39.29166,72.509415,65.34646,75.37468,30.30243,42.472027,76.02699
Africa,OWID_AFR,2018,77.12315,77.121796,58.709503,72.629005,67.082,76.40605,35.953274,44.75137,77.16107
Africa,OWID_AFR,2019,78.157326,78.155975,76.91746,73.30112,68.11882,77.713554,36.623978,47.201824,78.15703
Africa,OWID_AFR,2020,75.54516,75.50755,75.99558,71.99081,66.58836,74.1423,38.96701,49.558533,75.5616
Africa,OWID_AFR,2021,74.663315,74.667496,74.89778,70.49194,64.449036,72.9164,38.216595,50.93665,74.67615
Africa,OWID_AFR,2022,74.54658,74.54658,74.89194,69.95921,64.39416,72.956436,38.24122,49.923843,74.54658
Africa,OWID_AFR,2023,75.87646,75.83185,77.20047,70.96246,59.631798,76.03051,39.107178,56.747242,75.83329
Africa (WHO),WHO_AFR,1980,,,,6,,6,0,,5
Africa (WHO),WHO_AFR,1981,,,,12,,11,0,,11
Africa (WHO),WHO_AFR,1982,,,,14,,13,0,,12
Africa (WHO),WHO_AFR,1983,,,,21,,19,0,,18
Africa (WHO),WHO_AFR,1984,,,,26,,24,0,,24
Africa (WHO),WHO_AFR,1985,0,,,35,,31,0,,32
Africa (WHO),WHO_AFR,1986,0,,,42,,37,0,,37
Africa (WHO),WHO_AFR,1987,0,,,45,,42,0,,42
Africa (WHO),WHO_AFR,1988,0,,,50,,45,0,,46
Africa (WHO),WHO_AFR,1989,0,,,56,,51,0,,51
Africa (WHO),WHO_AFR,1990,0,0,,57,,57,0,,57
Africa (WHO),WHO_AFR,1991,0,0,,54,,51,0,,49
Africa (WHO),WHO_AFR,1992,0,0,,51,,50,0,,50
Africa (WHO),WHO_AFR,1993,0,0,,52,,49,0,,50
Africa (WHO),WHO_AFR,1994,0,0,,56,,55,0,,55
Africa (WHO),WHO_AFR,1995,0,0,,55,,54,0,,54
Africa (WHO),WHO_AFR,1996,1,0,,54,,53,0,,51
Africa (WHO),WHO_AFR,1997,4,0,,54,,53,0,,50
Africa (WHO),WHO_AFR,1998,4,0,,51,,51,0,,48
Africa (WHO),WHO_AFR,1999,4,0,,49,,50,0,,49
Africa (WHO),WHO_AFR,2000,5,3,,50,,52,0,,51
Africa (WHO),WHO_AFR,2001,5,3,,53,,54,0,,52
Africa (WHO),WHO_AFR,2002,24,12,,54,,58,0,,53
Africa (WHO),WHO_AFR,2003,28,13,,57,,61,0,,56
Africa (WHO),WHO_AFR,2004,34,16,,59,,62,0,,59
Africa (WHO),WHO_AFR,2005,41,18,,61,,65,0,,62
Africa (WHO),WHO_AFR,2006,45,21,,64,,66,0,0,65
Africa (WHO),WHO_AFR,2007,62,30,,65,,69,0,0,66
Africa (WHO),WHO_AFR,2008,66,37,,68,0,71,0,0,70
Africa (WHO),WHO_AFR,2009,72,59,,72,0,74,0,1,73
Africa (WHO),WHO_AFR,2010,70,60,,71,3,72,0,2,71
Africa (WHO),WHO_AFR,2011,70,60,,71,11,70,0,2,72
Africa (WHO),WHO_AFR,2012,69,63,,70,22,70,0,5,69
Africa (WHO),WHO_AFR,2013,68,65,,69,34,69,3,12,69
Africa (WHO),WHO_AFR,2014,70,70,,69,47,70,9,29,71
Africa (WHO),WHO_AFR,2015,70,70,20,68,60,71,11,38,70
Africa (WHO),WHO_AFR,2016,73,73,40,68,67,72,12,42,73
Africa (WHO),WHO_AFR,2017,74,74,45,70,70,73,25,43,74
Africa (WHO),WHO_AFR,2018,75,75,62,70,72,74,32,46,75
Africa (WHO),WHO_AFR,2019,76,76,75,71,73,76,33,49,76
Africa (WHO),WHO_AFR,2020,74,74,74,70,71,72,36,51,74
Africa (WHO),WHO_AFR,2021,73,73,72,68,68,70,35,53,73
Africa (WHO),WHO_AFR,2022,72,72,72,67,68,70,35,53,72
Africa (WHO),WHO_AFR,2023,75,75,76,70,64,75,36,62,75
Africa (WHO),WHO_AFR,2024,76,76,77,71,65,75,37,65,76
Albania,ALB,1980,,,,90,,92,,,94
Albania,ALB,1981,,,,90,,92,,,94
Albania,ALB,1982,,,,93,,92,,,95
Albania,ALB,1983,,,,96,,92,,,95
Albania,ALB,1984,,,,96,,92,,,95
Albania,ALB,1985,,,,96,,94,,,96
Albania,ALB,1986,,,,96,,94,,,96
Albania,ALB,1987,,,,96,,94,,,96
Albania,ALB,1988,,,,96,,96,,,96
Albania,ALB,1989,,,,96,,96,,,94
Albania,ALB,1990,,,,88,,89,,,94
Albania,ALB,1991,,,,80,,82,,,78
Albania,ALB,1992,,,,87,,97,,,94
Albania,ALB,1993,,,,76,,98,,,96
Albania,ALB,1994,99,,,90,,98,,,99
Albania,ALB,1995,88,,,91,,98,,,97
Albania,ALB,1996,96,,,92,,99,,,98
Albania,ALB,1997,97,,,95,,99,,,99
Albania,ALB,1998,94,,,89,,97,,,96
Albania,ALB,1999,96,,,85,,97,,,97
Albania,ALB,2000,96,,,95,,97,,,97
Albania,ALB,2001,96,,,95,,97,95,,97
Albania,ALB,2002,96,,,96,,98,96,,98
Albania,ALB,2003,97,,,93,,97,93,,97
Albania,ALB,2004,99,,,96,,98,96,,97
Albania,ALB,2005,98,,,97,,97,97,,98
Albania,ALB,2006,98,,,95,,97,95,,97
Albania,ALB,2007,98,,,97,,99,97,,98
Albania,ALB,2008,99,,,98,,99,98,,99
Albania,ALB,2009,98,98,,97,,98,97,,98
Albania,ALB,2010,99,99,,99,,99,99,,99
Albania,ALB,2011,99,99,,99,99,99,99,,99
Albania,ALB,2012,99,99,,98,99,99,98,,99
Albania,ALB,2013,99,99,,99,99,99,99,,99
Albania,ALB,2014,99,99,,98,99,98,98,,99
Albania,ALB,2015,99,99,99,97,99,99,97,,99
Albania,ALB,2016,99,99,99,96,99,98,96,,99
Albania,ALB,2017,99,99,99,96,99,99,96,,99
Albania,ALB,2018,99,99,99,94,99,99,94,,99
Albania,ALB,2019,99,99,99,95,96,99,95,,99
Albania,ALB,2020,98,98,99,91,92,98,91,98,98
Albania,ALB,2021,98,98,98,87,89,98,87,98,98
Albania,ALB,2022,97,97,98,86,87,98,86,97,97
Albania,ALB,2023,97,97,98,83,85,97,83,97,97
Albania,ALB,2024,97,97,98,81,81,97,81,98,97
Algeria,DZA,1981,,,,,,31,,,
Algeria,DZA,1982,,,,,,31,,,
Algeria,DZA,1983,,,,,,30,,,
Algeria,DZA,1984,,,,,,30,,,
Algeria,DZA,1985,,,,68,,69,,,69
Algeria,DZA,1986,,,,67,,72,,,73
Algeria,DZA,1987,,,,73,,79,,,79
Algeria,DZA,1988,,,,81,,85,,,85
Algeria,DZA,1989,,,,82,,87,,,87
Algeria,DZA,1990,,,,83,,89,,,89
Algeria,DZA,1991,,,,85,,89,,,89
Algeria,DZA,1992,,,,86,,88,,,88
Algeria,DZA,1993,,,,87,,88,,,88
Algeria,DZA,1994,,,,88,,87,,,87
Algeria,DZA,1995,,,,89,,88,,,88
Algeria,DZA,1996,,,,90,,88,,,88
Algeria,DZA,1997,,,,92,,89,,,89
Algeria,DZA,1998,,,,84,,85,,,85
Algeria,DZA,1999,,,,83,,83,,,83
Algeria,DZA,2000,,,,80,,86,,,86
Algeria,DZA,2001,,,,83,,89,,,89
Algeria,DZA,2002,,,,81,,86,,,86
Algeria,DZA,2003,,,,84,,87,,,87
Algeria,DZA,2004,81,,,81,,86,,,86
Algeria,DZA,2005,83,,,83,,88,,,88
Algeria,DZA,2006,80,,,91,,95,,,95
Algeria,DZA,2007,90,,,92,,95,,,95
Algeria,DZA,2008,91,93,,88,,92,,,93
Algeria,DZA,2009,94,95,,92,,94,,,95
Algeria,DZA,2010,95,95,,95,,95,,,95
Algeria,DZA,2011,95,95,,95,,95,,,95
Algeria,DZA,2012,95,95,,95,,95,,,95
Algeria,DZA,2013,95,95,,95,,95,,,95
Algeria,DZA,2014,95,95,,95,,95,,,95
Algeria,DZA,2015,95,95,8,95,,95,,,95
Algeria,DZA,2016,91,91,94,94,61,91,,,91
Algeria,DZA,2017,91,91,92,88,89,91,88,,91
Algeria,DZA,2018,91,91,94,80,91,91,80,,91
Algeria,DZA,2019,88,88,93,80,87,88,80,,88
Algeria,DZA,2020,84,84,92,80,83,84,80,,84
Algeria,DZA,2021,81,81,90,79,78,81,79,,81
Algeria,DZA,2022,77,77,89,79,74,77,79,,77
Algeria,DZA,2023,94,92,92,99,89,88,99,,92
Algeria,DZA,2024,92,92,98,94,90,89,94,,92
Americas (WHO),WHO_AMR,1980,,,,52,,67,21,,51
Americas (WHO),WHO_AMR,1981,,,,59,,61,24,,54
Americas (WHO),WHO_AMR,1982,,,,59,,66,24,,58
Americas (WHO),WHO_AMR,1983,,,,59,,67,24,,60
Americas (WHO),WHO_AMR,1984,,,,62,,72,24,,64
Americas (WHO),WHO_AMR,1985,0,,,68,,66,24,,64
Americas (WHO),WHO_AMR,1986,0,,,68,,72,25,,65
Americas (WHO),WHO_AMR,1987,0,,,66,,76,24,,69
Americas (WHO),WHO_AMR,1988,0,,,74,,80,29,,72
Americas (WHO),WHO_AMR,1989,0,,,76,,77,28,,72
Americas (WHO),WHO_AMR,1990,0,0,,80,,75,29,,74
Americas (WHO),WHO_AMR,1991,0,0,,82,,77,29,,80
Americas (WHO),WHO_AMR,1992,0,0,,83,,76,27,,79
Americas (WHO),WHO_AMR,1993,5,0,,83,,77,28,,81
Americas (WHO),WHO_AMR,1994,12,0,,84,,82,29,,84
Americas (WHO),WHO_AMR,1995,24,22,,87,,85,34,,86
Americas (WHO),WHO_AMR,1996,29,26,,86,,86,34,,85
Americas (WHO),WHO_AMR,1997,28,26,,89,,88,41,,86
Americas (WHO),WHO_AMR,1998,31,33,,91,,89,61,,88
Americas (WHO),WHO_AMR,1999,48,38,,92,,91,61,,90
Americas (WHO),WHO_AMR,2000,70,75,,93,,91,85,,91
Americas (WHO),WHO_AMR,2001,72,77,,94,,91,88,,91
Americas (WHO),WHO_AMR,2002,75,81,,93,,92,87,,92
Americas (WHO),WHO_AMR,2003,84,85,,94,,93,92,,93
Americas (WHO),WHO_AMR,2004,86,89,,93,,92,92,,94
Americas (WHO),WHO_AMR,2005,89,93,,92,,92,92,,94
Americas (WHO),WHO_AMR,2006,90,92,,94,,94,93,11,94
Americas (WHO),WHO_AMR,2007,89,91,,93,,93,92,18,94
Americas (WHO),WHO_AMR,2008,89,91,,94,29,94,94,37,93
Americas (WHO),WHO_AMR,2009,91,90,,93,34,93,93,56,94
Americas (WHO),WHO_AMR,2010,90,91,,93,51,93,93,63,94
Americas (WHO),WHO_AMR,2011,90,92,,94,69,93,94,69,94
Americas (WHO),WHO_AMR,2012,91,92,,94,77,93,94,71,93
Americas (WHO),WHO_AMR,2013,89,91,,92,80,90,92,72,91
Americas (WHO),WHO_AMR,2014,89,90,,93,83,90,93,72,90
Americas (WHO),WHO_AMR,2015,88,91,62,93,85,91,93,76,91
Americas (WHO),WHO_AMR,2016,88,90,86,92,83,87,92,73,91
Americas (WHO),WHO_AMR,2017,82,86,90,88,82,87,88,71,87
Americas (WHO),WHO_AMR,2018,82,87,87,91,81,87,91,73,88
Americas (WHO),WHO_AMR,2019,79,83,86,87,81,87,87,74,84
Americas (WHO),WHO_AMR,2020,81,81,82,86,76,80,86,71,81
Americas (WHO),WHO_AMR,2021,80,80,79,85,75,80,85,70,81
Americas (WHO),WHO_AMR,2022,83,83,82,84,76,82,84,74,83
Americas (WHO),WHO_AMR,2023,86,86,84,86,76,85,86,75,86
Americas (WHO),WHO_AMR,2024,85,85,85,88,79,83,88,75,86
Andorra,AND,1997,75,,,90,,90,90,,90
Andorra,AND,1998,80,55,,90,,90,90,,89
Andorra,AND,1999,75,80,,97,,95,97,,90
Andorra,AND,2000,84,90,,97,,95,97,,98
Andorra,AND,2001,84,92,,97,,95,97,,96
Andorra,AND,2002,84,92,,98,,95,98,,97
Andorra,AND,2003,81,91,,96,,99,96,,99
Andorra,AND,2004,77,95,,98,,99,98,,99
Andorra,AND,2005,79,97,,94,,98,94,,98
Andorra,AND,2006,84,93,,91,,93,91,,93
Andorra,AND,2007,91,95,,94,,96,94,,96
Andorra,AND,2008,97,98,,98,,99,98,,99
Andorra,AND,2009,96,97,,98,,99,98,,99
Andorra,AND,2010,96,98,,99,,99,99,,99
Andorra,AND,2011,99,99,,99,,99,99,,99
Andorra,AND,2012,97,98,,98,,99,98,,99
Andorra,AND,2013,94,96,,95,,97,95,,96
Andorra,AND,2014,95,97,,96,93,97,96,,97
Andorra,AND,2015,94,97,99,96,92,97,96,,97
Andorra,AND,2016,94,98,99,97,92,98,97,,98
Andorra,AND,2017,98,99,99,99,98,99,99,,99
Andorra,AND,2018,98,99,99,99,94,99,99,,99
Andorra,AND,2019,98,98,99,99,96,99,99,,99
Andorra,AND,2020,98,98,99,98,96,99,98,,99
Andorra,AND,2021,98,98,99,99,95,98,99,,99
Andorra,AND,2022,96,97,98,98,95,97,98,,98
Andorra,AND,2023,97,97,98,99,94,98,99,,98
Andorra,AND,2024,97,98,98,98,96,98,98,,98
Angola,AGO,1983,,,,26,,,,,6
Angola,AGO,1984,,,,35,,,,,8
Angola,AGO,1985,,,,44,,13,,,8
Angola,AGO,1986,,,,44,,15,,,10
Angola,AGO,1987,,,,55,,16,,,10
Angola,AGO,1988,,,,56,,13,,,12
Angola,AGO,1989,,,,48,,19,,,18
Angola,AGO,1990,,,,38,,23,,,24
Angola,AGO,1991,,,,39,,26,,,26
Angola,AGO,1992,,,,39,,21,,,21
Angola,AGO,1993,,,,47,,28,,,30
Angola,AGO,1994,,,,44,,28,,,27
Angola,AGO,1995,,,,46,,28,,,24
Angola,AGO,1996,,,,62,,33,,,28
Angola,AGO,1997,,,,78,,38,,,41
Angola,AGO,1998,,,,62,,43,,,47
Angola,AGO,1999,,,,46,,32,,,21
Angola,AGO,2000,,,,41,,21,,,31
Angola,AGO,2001,,,,72,,28,,,42
Angola,AGO,2002,,,,74,,22,,,47
Angola,AGO,2003,,,,62,,21,,,46
Angola,AGO,2004,,,,64,,18,,,47
Angola,AGO,2005,,,,45,,14,,,47
Angola,AGO,2006,,,,48,,8,,,44
Angola,AGO,2007,43,43,,58,,43,,,43
Angola,AGO,2008,45,45,,58,,44,,,45
Angola,AGO,2009,47,47,,58,,44,,,47
Angola,AGO,2010,49,49,,59,,45,,,49
Angola,AGO,2011,50,50,,59,,45,,,50
Angola,AGO,2012,52,52,,59,,47,,,52
Angola,AGO,2013,54,54,,59,9,46,,,54
Angola,AGO,2014,55,55,,56,43,55,,18,55
Angola,AGO,2015,57,57,,52,57,57,,46,57
Angola,AGO,2016,59,59,,49,58,56,,51,59
Angola,AGO,2017,58,58,,47,60,52,,51,58
Angola,AGO,2018,67,67,52,56,68,64,56,59,67
Angola,AGO,2019,64,64,55,59,64,61,59,67,64
Angola,AGO,2020,59,59,56,54,65,59,54,49,59
Angola,AGO,2021,55,55,52,48,48,53,48,41,55
Angola,AGO,2022,54,54,54,50,39,54,50,45,54
Angola,AGO,2023,66,66,60,63,64,73,63,47,66
Angola,AGO,2024,64,64,58,53,62,56,53,36,64
Antigua and Barbuda,ATG,1980,,,,,,36,,,54
Antigua and Barbuda,ATG,1981,,,,,,47,,,79
Antigua and Barbuda,ATG,1982,,,,,,86,,,79
Antigua and Barbuda,ATG,1983,,,,48,,99,,,99
Antigua and Barbuda,ATG,1984,,,,73,,93,,,94
Antigua and Barbuda,ATG,1985,,,,69,,99,,,99
Antigua and Barbuda,ATG,1986,,,,80,,96,,,96
Antigua and Barbuda,ATG,1987,,,,89,,99,,,97
Antigua and Barbuda,ATG,1988,,,,95,,99,95,,98
Antigua and Barbuda,ATG,1989,,,,95,,99,95,,99
Antigua and Barbuda,ATG,1990,,,,89,,99,89,,99
Antigua and Barbuda,ATG,1991,,,,87,,97,87,,94
Antigua and Barbuda,ATG,1992,,,,99,,99,99,,99
Antigua and Barbuda,ATG,1993,,,,99,,99,99,,99
Antigua and Barbuda,ATG,1994,,,,91,,99,91,,99
Antigua and Barbuda,ATG,1995,,,,93,,99,93,,99
Antigua and Barbuda,ATG,1996,,,,99,,99,99,,99
Antigua and Barbuda,ATG,1997,,,,93,,99,93,,99
Antigua and Barbuda,ATG,1998,,,,99,,99,99,,99
Antigua and Barbuda,ATG,1999,,,,99,,99,99,,99
Antigua and Barbuda,ATG,2000,,,,95,,96,95,,95
Antigua and Barbuda,ATG,2001,96,97,,97,,99,97,,97
Antigua and Barbuda,ATG,2002,99,97,,99,,93,99,,98
Antigua and Barbuda,ATG,2003,99,97,,99,,99,99,,99
Antigua and Barbuda,ATG,2004,97,97,,97,,97,97,,97
Antigua and Barbuda,ATG,2005,99,99,,99,,98,99,,99
Antigua and Barbuda,ATG,2006,99,99,,99,,99,99,,99
Antigua and Barbuda,ATG,2007,97,99,,99,,98,99,,99
Antigua and Barbuda,ATG,2008,98,97,,99,,99,99,,99
Antigua and Barbuda,ATG,2009,98,94,,99,,98,99,,99
Antigua and Barbuda,ATG,2010,98,98,,98,,99,98,,98
Antigua and Barbuda,ATG,2011,99,99,,99,,99,99,,99
Antigua and Barbuda,ATG,2012,98,98,,98,,97,98,,98
Antigua and Barbuda,ATG,2013,99,99,,96,,98,96,,99
Antigua and Barbuda,ATG,2014,99,99,,93,,96,93,,99
Antigua and Barbuda,ATG,2015,99,99,21,91,,86,91,,99
Antigua and Barbuda,ATG,2016,92,92,86,88,,87,88,,92
Antigua and Barbuda,ATG,2017,95,95,95,99,,94,99,,95
Antigua and Barbuda,ATG,2018,95,95,99,96,,94,96,,95
Antigua and Barbuda,ATG,2019,99,99,98,97,,97,97,,99
Antigua and Barbuda,ATG,2020,95,99,95,89,,95,89,,96
Antigua and Barbuda,ATG,2021,92,92,93,85,,92,85,,92
Antigua and Barbuda,ATG,2022,99,99,97,99,,99,99,,99
Antigua and Barbuda,ATG,2023,98,98,98,94,,98,94,,97
Antigua and Barbuda,ATG,2024,99,99,99,97,,99,97,,99
Argentina,ARG,1980,,,,61,,33,,,44
Argentina,ARG,1981,,,,77,,40,,,49
Argentina,ARG,1982,,,,67,,48,,,58
Argentina,ARG,1983,,,,67,,79,,,61
Argentina,ARG,1984,,,,79,,72,,,62
Argentina,ARG,1985,,,,54,,73,,,66
Argentina,ARG,1986,,,,87,,79,,,67
Argentina,ARG,1987,,,,80,,85,,,75
Argentina,ARG,1988,,,,87,,90,,,80
Argentina,ARG,1989,,,,89,,86,,,80
Argentina,ARG,1990,,,,93,,90,,,87
Argentina,ARG,1991,,,,99,,86,,,80
Argentina,ARG,1992,,,,92,,85,,,81
Argentina,ARG,1993,,,,95,,82,,,81
Argentina,ARG,1994,,,,96,,85,,,82
Argentina,ARG,1995,,,,99,,90,,,85
Argentina,ARG,1996,,,,99,,90,,,83
Argentina,ARG,1997,,,,93,,92,93,,88
Argentina,ARG,1998,,49,,95,,90,95,,84
Argentina,ARG,1999,,86,,97,,91,97,,86
Argentina,ARG,2000,,83,,91,,88,91,,83
Argentina,ARG,2001,,83,,89,,85,89,,83
Argentina,ARG,2002,66,93,,95,,94,95,,93
Argentina,ARG,2003,90,96,,97,,95,97,,96
Argentina,ARG,2004,94,98,,99,,91,99,,98
Argentina,ARG,2005,88,98,,98,,95,98,,98
Argentina,ARG,2006,84,91,,97,,92,97,,91
Argentina,ARG,2007,85,91,,94,,92,94,,91
Argentina,ARG,2008,90,93,,96,,94,96,,93
Argentina,ARG,2009,94,94,,96,,97,96,,94
Argentina,ARG,2010,94,94,,95,,95,95,,94
Argentina,ARG,2011,91,91,,95,,93,95,,91
Argentina,ARG,2012,91,91,,94,41,90,94,,91
Argentina,ARG,2013,94,94,,94,86,90,94,,94
Argentina,ARG,2014,94,94,,95,89,92,95,,94
Argentina,ARG,2015,94,94,,89,82,93,89,61,94
Argentina,ARG,2016,92,92,56,90,82,87,90,75,92
Argentina,ARG,2017,86,86,91,90,78,85,90,88,88
Argentina,ARG,2018,86,86,90,94,88,84,94,80,86
Argentina,ARG,2019,83,83,85,86,80,83,86,77,83
Argentina,ARG,2020,74,74,80,77,75,74,77,72,74
Argentina,ARG,2021,81,81,86,86,79,79,86,78,81
Argentina,ARG,2022,84,84,90,85,79,84,85,80,84
Argentina,ARG,2023,66,66,78,80,71,71,80,68,66
Argentina,ARG,2024,75,75,81,82,79,74,82,73,75
Armenia,ARM,1992,,,,93,,92,,,85
Armenia,ARM,1993,,,,95,,92,,,85
Armenia,ARM,1994,,,,95,,92,,,86
Armenia,ARM,1995,,,,96,,93,,,98
Armenia,ARM,1996,,,,89,,97,,,86
Armenia,ARM,1997,,,,92,,95,,,88
Armenia,ARM,1998,,,,94,,96,,,82
Armenia,ARM,1999,,,,92,,97,,,91
Armenia,ARM,2000,55,,,92,,96,,,93
Armenia,ARM,2001,69,,,93,,97,,,94
Armenia,ARM,2002,91,,,91,,96,91,,94
Armenia,ARM,2003,93,,,94,,96,94,,94
Armenia,ARM,2004,91,,,92,,93,92,,91
Armenia,ARM,2005,91,,,94,,92,94,,90
Armenia,ARM,2006,78,,,92,,87,92,,87
Armenia,ARM,2007,85,,,92,,90,92,,88
Armenia,ARM,2008,89,,,94,,91,94,,89
Armenia,ARM,2009,93,,,96,,94,96,,93
Armenia,ARM,2010,94,48,,97,,96,97,,94
Armenia,ARM,2011,95,95,,97,,96,97,,95
Armenia,ARM,2012,95,95,,97,,96,97,,95
Armenia,ARM,2013,95,95,,97,,96,97,33,95
Armenia,ARM,2014,93,93,,97,,95,97,91,93
Armenia,ARM,2015,94,94,,97,44,96,97,93,94
Armenia,ARM,2016,94,94,34,97,94,96,97,94,94
Armenia,ARM,2017,94,94,92,96,94,96,96,94,94
Armenia,ARM,2018,92,92,93,95,92,92,95,93,92
Armenia,ARM,2019,92,92,92,95,92,94,95,92,92
Armenia,ARM,2020,92,92,79,94,92,86,94,92,91
Armenia,ARM,2021,93,93,96,94,93,93,94,92,93
Armenia,ARM,2022,96,96,96,95,93,93,95,92,93
Armenia,ARM,2023,94,94,96,96,94,94,96,93,94
Armenia,ARM,2024,94,94,97,96,94,94,96,94,94
Asia,OWID_ASI,1980,,,,3.8205335,,5.8517675,0.0063988785,,8.555654
Asia,OWID_ASI,1981,,,,4.483513,,7.3443236,0.006963573,,10.441083
Asia,OWID_ASI,1982,,,,5.3551435,,35.459896,0.063760914,,12.753736
Asia,OWID_ASI,1983,,,,30.324783,,36.912388,0.3688946,,31.255417
Asia,OWID_ASI,1984,,,,34.029938,,39.15726,0.6491106,,37.64228
Asia,OWID_ASI,1985,,,,38.087414,,43.484604,0.9026736,,42.249195
Asia,OWID_ASI,1986,,,,36.875126,,41.398907,0.8217784,,45.579643
Asia,OWID_ASI,1987,,,,47.19247,,49.96647,0.74664587,,49.939198
Asia,OWID_ASI,1988,,,,58.71453,,61.330334,0.6457742,,62.144104
Asia,OWID_ASI,1989,0.40005925,,,64.98115,,69.60968,2.0511136,,68.289375
Asia,OWID_ASI,1990,0.8564828,,,71.98526,,76.6369,1.978447,,77.56191
Asia,OWID_ASI,1991,1.056044,,,66.407585,,72.8155,2.3252683,,72.16295
Asia,OWID_ASI,1992,3.0192964,,,68.91477,,72.16261,2.3303533,,71.37619
Asia,OWID_ASI,1993,4.816912,,,69.66521,,71.8902,3.5099702,,71.14129
Asia,OWID_ASI,1994,6.890441,0.13026601,,71.13605,,73.922844,3.9318805,,72.938576
Asia,OWID_ASI,1995,10.108417,0.13519843,,73.70645,,74.61246,5.307803,,73.544426
Asia,OWID_ASI,1996,10.800704,0.1374592,,73.67052,,74.46391,5.738296,,73.013084
Asia,OWID_ASI,1997,11.447562,0.15395309,,69.70627,,73.700294,4.938052,,72.021835
Asia,OWID_ASI,1998,11.64144,0.22203481,,69.295364,,73.56679,5.6998944,,71.876305
Asia,OWID_ASI,1999,12.673061,0.3059848,,70.85432,,72.970726,6.314332,,71.643616
Asia,OWID_ASI,2000,26.24336,0.3122699,,70.86882,,72.27705,6.6407847,,71.955734
Asia,OWID_ASI,2001,28.308256,1.0069897,,71.857834,,72.83504,7.306134,,73.00984
Asia,OWID_ASI,2002,30.043104,1.7001029,,70.892525,,72.77976,7.3036447,,72.07619
Asia,OWID_ASI,2003,37.933586,1.8210454,,72.64676,,73.3439,7.341634,,73.72502
Asia,OWID_ASI,2004,42.86063,2.348988,,75.37893,,74.254814,9.103968,,76.073204
Asia,OWID_ASI,2005,48.053226,2.9451637,,77.25862,,77.128525,9.357938,,76.34098
Asia,OWID_ASI,2006,52.437073,3.3839147,,78.96736,,78.640175,11.728919,,77.660706
Asia,OWID_ASI,2007,54.760193,4.954347,,79.39646,,78.977165,12.025172,,77.16274
Asia,OWID_ASI,2008,64.780045,5.733899,,81.29346,0.0704818,81.31973,12.40463,0.01159021,80.77692
Asia,OWID_ASI,2009,69.15434,16.084074,,84.06166,2.4481113,83.26628,12.968326,0.035011653,83.04901
Asia,OWID_ASI,2010,69.51628,18.679739,,85.56701,2.4779782,83.90395,30.029392,0.027311547,84.75719
Asia,OWID_ASI,2011,71.99574,22.438133,,86.73629,4.6010027,85.671074,35.719723,0.047271688,86.69858
Asia,OWID_ASI,2012,80.824455,26.035187,,86.13617,5.1713467,85.84221,38.356285,1.0976212,86.76489
Asia,OWID_ASI,2013,80.073044,33.66014,,87.10153,10.620518,87.08824,42.953968,3.2086687,86.627464
Asia,OWID_ASI,2014,84.15654,37.00905,,87.973175,13.042536,88.17108,43.99382,2.6788828,88.11025
Asia,OWID_ASI,2015,87.306,50.774464,12.408599,89.07358,16.940199,88.66954,47.49636,3.8910859,88.65347
Asia,OWID_ASI,2016,88.20975,62.708233,34.16323,89.80111,20.40722,88.889565,48.790264,5.3000593,89.47677
Asia,OWID_ASI,2017,88.62663,65.91377,63.19536,90.482544,23.599194,90.088905,51.396034,9.879207,89.945595
Asia,OWID_ASI,2018,89.09986,65.281685,78.93462,91.79996,25.704517,90.24884,80.690895,21.083664,90.364426
Asia,OWID_ASI,2019,91.06675,67.917076,87.02362,92.1312,30.055058,90.89924,83.82695,28.689705,91.13414
Asia,OWID_ASI,2020,87.30169,65.83442,83.439384,89.190605,32.467915,87.268265,80.822075,40.896286,87.368744
Asia,OWID_ASI,2021,85.32624,66.56149,84.256454,87.02089,34.144333,85.02861,78.56103,43.332085,85.43384
Asia,OWID_ASI,2022,91.05626,73.99433,90.18715,91.1721,50.76309,90.21514,89.888824,48.95765,91.16684
Asia,OWID_ASI,2023,88.67597,73.51851,88.20177,89.16954,59.92985,87.96001,88.11224,51.390438,88.782524
Australia,AUS,1980,,,,,,17,,,33
Australia,AUS,1981,,,,,,43,,,40
Australia,AUS,1982,,,,,,68,,,48
Australia,AUS,1983,,,,68,,94,68,,55
Australia,AUS,1984,,,,68,,94,68,,62
Australia,AUS,1985,,,,68,,94,68,,68
Australia,AUS,1986,,,,68,,95,68,,75
Australia,AUS,1987,,,,68,,95,68,,81
Australia,AUS,1988,,,,77,,95,77,,88
Australia,AUS,1989,,,,85,,95,85,,93
Australia,AUS,1990,,,,86,,72,86,,95
Australia,AUS,1991,,,,86,,75,86,,93
Australia,AUS,1992,,,,86,,78,86,,91
Australia,AUS,1993,,,,86,,80,86,,90
Australia,AUS,1994,,,,86,,83,86,,88
Australia,AUS,1995,,,,87,,86,87,,86
Australia,AUS,1996,,,,87,,86,87,,86
Australia,AUS,1997,,77,,85,,77,85,,77
Australia,AUS,1998,,82,,82,,83,82,,82
Australia,AUS,1999,,87,,88,,88,88,,88
Australia,AUS,2000,,90,,91,,90,91,,90
Australia,AUS,2001,94,95,,92,,91,92,,92
Australia,AUS,2002,95,95,,94,,92,94,,92
Australia,AUS,2003,95,95,,94,,92,94,,93
Australia,AUS,2004,95,95,,94,,92,94,,92
Australia,AUS,2005,95,94,,94,,92,94,,92
Australia,AUS,2006,95,95,,94,,92,94,,92
Australia,AUS,2007,94,94,,94,,92,94,,92
Australia,AUS,2008,94,94,,94,91,92,94,81,92
Australia,AUS,2009,94,94,,94,91,92,94,82,92
Australia,AUS,2010,92,92,,94,91,92,94,84,92
Australia,AUS,2011,92,92,,94,91,92,94,85,92
Australia,AUS,2012,92,92,,94,91,92,94,84,92
Australia,AUS,2013,91,91,,94,91,91,94,84,91
Australia,AUS,2014,91,91,,94,91,92,94,84,92
Australia,AUS,2015,93,93,93,95,93,93,95,85,93
Australia,AUS,2016,94,94,94,95,94,94,95,87,94
Australia,AUS,2017,95,95,95,94,94,95,94,89,95
Australia,AUS,2018,95,94,95,94,95,95,94,90,95
Australia,AUS,2019,95,95,95,94,96,95,94,92,95
Australia,AUS,2020,95,95,95,93,97,95,93,93,95
Australia,AUS,2021,95,95,95,93,96,95,93,95,95
Australia,AUS,2022,94,94,94,96,96,94,96,88,94
Australia,AUS,2023,94,94,94,91,95,94,91,87,94
Australia,AUS,2024,95,93,93,91,95,94,91,68,93
Austria,AUT,1980,,,,,,90,,,90
Austria,AUT,1981,,,,25,,90,25,,90
Austria,AUT,1982,,,,25,,90,25,,90
Austria,AUT,1983,,,,25,,90,25,,90
Austria,AUT,1984,,,,30,,90,30,,90
Austria,AUT,1985,,,,40,,90,40,,90
Austria,AUT,1986,,,,60,,90,60,,90
Austria,AUT,1987,,,,60,,90,60,,90
Austria,AUT,1988,,,,60,,90,60,,90
Austria,AUT,1989,,,,60,,90,60,,90
Austria,AUT,1990,,,,60,,90,60,,90
Austria,AUT,1991,,,,60,,90,60,,90
Austria,AUT,1992,,,,60,,90,60,,90
Austria,AUT,1993,,,,60,,90,60,,90
Austria,AUT,1994,,,,60,,90,60,,90
Austria,AUT,1995,,,,60,,90,60,,90
Austria,AUT,1996,,,,87,,95,87,,90
Austria,AUT,1997,,,,90,,95,90,,90
Austria,AUT,1998,,,,78,,87,78,,82
Austria,AUT,1999,,74,,65,,79,65,,74
Austria,AUT,2000,33,72,,75,,71,75,,81
Austria,AUT,2001,44,74,,79,,83,79,,84
Austria,AUT,2002,81,82,,78,,82,78,,83
Austria,AUT,2003,83,84,,79,,84,79,,84
Austria,AUT,2004,83,83,,74,,83,74,,83
Austria,AUT,2005,86,86,,75,,86,75,,86
Austria,AUT,2006,83,83,,80,,83,80,,83
Austria,AUT,2007,85,85,,79,,85,79,,85
Austria,AUT,2008,83,83,,83,,83,83,47,83
Austria,AUT,2009,83,83,,76,,83,76,61,83
Austria,AUT,2010,86,86,,80,,86,80,61,86
Austria,AUT,2011,89,89,,84,,89,84,61,89
Austria,AUT,2012,92,92,,88,,92,88,61,92
Austria,AUT,2013,95,95,,92,,95,92,61,95
Austria,AUT,2014,98,98,,96,,98,96,61,98
Austria,AUT,2015,93,93,,96,,93,96,61,93
Austria,AUT,2016,87,87,95,95,,87,95,61,87
Austria,AUT,2017,90,90,94,96,,90,96,61,90
Austria,AUT,2018,85,85,90,94,,85,94,61,85
Austria,AUT,2019,88,85,93,95,,88,95,61,88
Austria,AUT,2020,85,85,95,95,,85,95,61,85
Austria,AUT,2021,86,86,96,99,,86,99,61,86
Austria,AUT,2022,84,84,91,95,,84,95,61,84
Austria,AUT,2023,87,87,95,90,,87,90,61,87
Austria,AUT,2024,85,85,95,90,,85,90,61,85
Azerbaijan,AZE,1992,,,,52,,63,,,58
Azerbaijan,AZE,1993,,,,49,,69,,,66
Azerbaijan,AZE,1994,,,,60,,68,,,69
Azerbaijan,AZE,1995,,,,64,,71,,,74
Azerbaijan,AZE,1996,,,,65,,72,,,74
Azerbaijan,AZE,1997,,,,66,,73,,,70
Azerbaijan,AZE,1998,,,,67,,74,,,73
Azerbaijan,AZE,1999,,,,68,,76,,,75
Azerbaijan,AZE,2000,,,,67,,75,,,76
Azerbaijan,AZE,2001,,,,68,,77,,,77
Azerbaijan,AZE,2002,50,,,66,,80,,,76
Azerbaijan,AZE,2003,51,,,67,,79,67,,77
Azerbaijan,AZE,2004,50,,,67,,78,67,,77
Azerbaijan,AZE,2005,49,,,67,,79,67,,75
Azerbaijan,AZE,2006,52,,,69,,80,69,,78
Azerbaijan,AZE,2007,62,,,75,,81,75,,79
Azerbaijan,AZE,2008,68,,,79,,85,79,,81
Azerbaijan,AZE,2009,74,,,85,,84,85,,81
Azerbaijan,AZE,2010,80,,,89,,85,89,,81
Azerbaijan,AZE,2011,79,36,,88,,86,88,,82
Azerbaijan,AZE,2012,75,89,,86,,84,86,,79
Azerbaijan,AZE,2013,74,88,,86,,83,86,,78
Azerbaijan,AZE,2014,74,87,,85,52,83,85,,78
Azerbaijan,AZE,2015,76,86,,84,79,84,84,,79
Azerbaijan,AZE,2016,77,85,72,81,79,84,81,,78
Azerbaijan,AZE,2017,74,79,80,80,74,82,80,,76
Azerbaijan,AZE,2018,73,77,79,77,70,80,77,,74
Azerbaijan,AZE,2019,72,74,79,78,66,80,78,,74
Azerbaijan,AZE,2020,56,56,64,61,47,68,61,,56
Azerbaijan,AZE,2021,49,49,63,66,50,66,66,,49
Azerbaijan,AZE,2022,51,51,63,71,52,67,71,,51
Azerbaijan,AZE,2023,51,51,63,71,52,67,71,,51
Azerbaijan,AZE,2024,51,51,63,71,52,67,71,,51
Bahamas,BHS,1980,,,,,,35,,,36
Bahamas,BHS,1981,,,,,,40,,,55
Bahamas,BHS,1982,,,,65,,67,,,69
Bahamas,BHS,1983,,,,66,,65,,,65
Bahamas,BHS,1984,,,,63,,69,,,69
Bahamas,BHS,1985,,,,79,,84,,,86
Bahamas,BHS,1986,,,,85,,81,,,85
Bahamas,BHS,1987,,,,87,,76,,,85
Bahamas,BHS,1988,,,,78,,84,,,85
Bahamas,BHS,1989,,,,87,,82,,,86
Bahamas,BHS,1990,,,,86,,82,,,86
Bahamas,BHS,1991,,,,93,,91,93,,92
Bahamas,BHS,1992,,,,94,,92,94,,92
Bahamas,BHS,1993,,,,88,,91,88,,91
Bahamas,BHS,1994,,,,88,,91,88,,91
Bahamas,BHS,1995,,,,90,,86,90,,87
Bahamas,BHS,1996,,,,92,,85,92,,85
Bahamas,BHS,1997,,,,93,,86,93,,86
Bahamas,BHS,1998,,,,92,,88,92,,89
Bahamas,BHS,1999,,78,,86,,82,86,,82
Bahamas,BHS,2000,,90,,93,,91,93,,99
Bahamas,BHS,2001,21,99,,94,,98,94,,99
Bahamas,BHS,2002,89,94,,94,,93,94,,94
Bahamas,BHS,2003,88,93,,90,,93,90,,92
Bahamas,BHS,2004,93,93,,89,,92,89,,93
Bahamas,BHS,2005,93,93,,85,,93,85,,93
Bahamas,BHS,2006,96,95,,88,,94,88,,95
Bahamas,BHS,2007,93,95,,96,,95,96,,95
Bahamas,BHS,2008,90,94,,90,,93,90,,93
Bahamas,BHS,2009,95,96,,98,3,97,98,,96
Bahamas,BHS,2010,98,98,,94,1,97,94,,99
Bahamas,BHS,2011,95,98,,90,1,97,90,,98
Bahamas,BHS,2012,96,98,,91,37,99,91,,98
Bahamas,BHS,2013,97,97,,92,97,97,92,,97
Bahamas,BHS,2014,96,96,,92,96,96,92,,96
Bahamas,BHS,2015,95,95,31,94,95,95,94,,95
Bahamas,BHS,2016,94,94,95,89,94,94,89,11,94
Bahamas,BHS,2017,94,94,98,90,93,94,90,90,94
Bahamas,BHS,2018,90,90,94,89,90,90,89,70,90
Bahamas,BHS,2019,89,89,91,83,89,89,83,78,89
Bahamas,BHS,2020,83,83,97,87,83,83,87,95,83
Bahamas,BHS,2021,86,86,91,82,80,86,82,86,86
Bahamas,BHS,2022,87,87,98,80,79,87,80,82,87
Bahamas,BHS,2023,87,87,99,86,81,87,86,81,87
Bahamas,BHS,2024,90,90,98,86,90,90,86,88,90
Bahrain,BHR,1980,,,,45,,72,45,,72
Bahrain,BHR,1981,,,,50,,75,50,,75
Bahrain,BHR,1982,,,,54,,79,54,,79
Bahrain,BHR,1983,,,,59,,83,59,,83
Bahrain,BHR,1984,,,,65,,86,65,,86
Bahrain,BHR,1985,,,,78,,90,78,,90
Bahrain,BHR,1986,,,,78,,92,78,,92
Bahrain,BHR,1987,,,,78,,95,78,,95
Bahrain,BHR,1988,,,,78,,96,78,,96
Bahrain,BHR,1989,,,,85,,96,85,,96
Bahrain,BHR,1990,,,,87,,94,87,,94
Bahrain,BHR,1991,,,,88,,99,88,,99
Bahrain,BHR,1992,57,,,87,,94,87,,94
Bahrain,BHR,1993,90,,,90,,94,90,,94
Bahrain,BHR,1994,93,,,93,,96,93,,96
Bahrain,BHR,1995,95,,,95,,95,95,,95
Bahrain,BHR,1996,96,,,95,,96,95,,96
Bahrain,BHR,1997,95,,,94,,98,94,,98
Bahrain,BHR,1998,95,39,,99,,98,99,,98
Bahrain,BHR,1999,97,96,,94,,97,94,,97
Bahrain,BHR,2000,97,97,,98,,97,98,,97
Bahrain,BHR,2001,99,99,,98,,99,98,,99
Bahrain,BHR,2002,98,98,,99,,98,99,,98
Bahrain,BHR,2003,98,97,,99,,97,99,,97
Bahrain,BHR,2004,98,98,,99,,98,99,,98
Bahrain,BHR,2005,98,98,,99,,98,99,,98
Bahrain,BHR,2006,98,98,,99,,98,99,,98
Bahrain,BHR,2007,97,97,,99,,97,99,,97
Bahrain,BHR,2008,97,97,,99,14,97,99,49,97
Bahrain,BHR,2009,98,97,,99,96,97,99,90,98
Bahrain,BHR,2010,99,99,,99,99,99,99,59,99
Bahrain,BHR,2011,99,99,,99,99,99,99,96,99
Bahrain,BHR,2012,99,99,,99,99,99,99,96,99
Bahrain,BHR,2013,99,99,,99,99,99,99,97,99
Bahrain,BHR,2014,98,99,,99,98,99,99,97,99
Bahrain,BHR,2015,98,98,98,99,98,98,99,97,98
Bahrain,BHR,2016,99,99,99,99,99,99,99,98,99
Bahrain,BHR,2017,98,97,98,99,97,98,99,97,97
Bahrain,BHR,2018,99,99,99,99,98,99,99,98,99
Bahrain,BHR,2019,99,99,99,99,97,99,99,99,99
Bahrain,BHR,2020,98,98,99,99,99,98,99,98,98
Bahrain,BHR,2021,98,98,99,99,99,99,99,99,98
Bahrain,BHR,2022,97,97,97,99,99,97,99,95,97
Bahrain,BHR,2023,99,99,99,99,98,99,99,98,99
Bahrain,BHR,2024,96,96,97,99,99,98,99,94,96
Bangladesh,BGD,1981,,,,,,1,,,1
Bangladesh,BGD,1982,,,,1,,1,,,1
Bangladesh,BGD,1983,,,,1,,1,,,1
Bangladesh,BGD,1984,,,,1,,1,,,1
Bangladesh,BGD,1985,,,,1,,2,,,2
Bangladesh,BGD,1986,,,,3,,4,,,4
Bangladesh,BGD,1987,,,,6,,8,,,9
Bangladesh,BGD,1988,,,,13,,16,,,16
Bangladesh,BGD,1989,,,,53,,49,,,49
Bangladesh,BGD,1990,,,,65,,69,,,69
Bangladesh,BGD,1991,,,,68,,74,,,74
Bangladesh,BGD,1992,,,,69,,67,,,66
Bangladesh,BGD,1993,,,,74,,74,,,74
Bangladesh,BGD,1994,,,,78,,84,,,84
Bangladesh,BGD,1995,,,,79,,69,,,69
Bangladesh,BGD,1996,,,,69,,77,,,77
Bangladesh,BGD,1997,,,,72,,78,,,78
Bangladesh,BGD,1998,,,,71,,79,,,77
Bangladesh,BGD,1999,,,,71,,81,,,80
Bangladesh,BGD,2000,,,,74,,83,,,82
Bangladesh,BGD,2001,,,,77,,85,,,85
Bangladesh,BGD,2002,,,,75,,83,,,83
Bangladesh,BGD,2003,5,,,76,,90,,,87
Bangladesh,BGD,2004,11,,,81,,88,,,99
Bangladesh,BGD,2005,45,,,88,,94,,,93
Bangladesh,BGD,2006,86,,,83,,95,,,94
Bangladesh,BGD,2007,95,,,89,,96,,,94
Bangladesh,BGD,2008,96,,,92,,96,,,96
Bangladesh,BGD,2009,97,97,,93,,97,,,97
Bangladesh,BGD,2010,94,94,,88,,94,,,94
Bangladesh,BGD,2011,96,87,,93,,96,,,96
Bangladesh,BGD,2012,94,94,,88,,94,17,,94
Bangladesh,BGD,2013,96,96,,91,,96,91,,96
Bangladesh,BGD,2014,97,97,,94,,97,94,,97
Bangladesh,BGD,2015,98,98,51,97,48,98,97,,98
Bangladesh,BGD,2016,98,98,37,97,97,98,97,,98
Bangladesh,BGD,2017,98,98,37,97,99,98,97,,98
Bangladesh,BGD,2018,98,98,75,97,98,98,97,,98
Bangladesh,BGD,2019,98,98,92,97,99,98,97,,98
Bangladesh,BGD,2020,98,98,96,97,99,97,97,,97
Bangladesh,BGD,2021,97,97,99,97,97,97,97,,97
Bangladesh,BGD,2022,97,97,99,96,97,97,96,,97
Bangladesh,BGD,2023,97,97,99,96,97,97,96,,97
Bangladesh,BGD,2024,97,97,99,96,97,97,96,,97
Barbados,BRB,1980,,,,41,,99,,,60
Barbados,BRB,1981,,,,47,,54,,,58
Barbados,BRB,1982,,,,53,,63,53,,62
Barbados,BRB,1983,,,,55,,62,55,,69
Barbados,BRB,1984,,,,84,,77,84,,83
Barbados,BRB,1985,,,,88,,88,88,,83
Barbados,BRB,1986,,,,84,,80,84,,79
Barbados,BRB,1987,,,,85,,68,85,,79
Barbados,BRB,1988,,,,84,,73,84,,76
Barbados,BRB,1989,,,,85,,80,85,,78
Barbados,BRB,1990,,,,87,,90,87,,91
Barbados,BRB,1991,,,,92,,84,92,,82
Barbados,BRB,1992,,,,90,,89,90,,90
Barbados,BRB,1993,,,,92,,88,92,,86
Barbados,BRB,1994,,,,97,,91,97,,90
Barbados,BRB,1995,,,,92,,93,92,,93
Barbados,BRB,1996,,,,99,,85,99,,85
Barbados,BRB,1997,,,,92,,96,92,,96
Barbados,BRB,1998,,,,97,,93,97,,93
Barbados,BRB,1999,,,,86,,86,86,,87
Barbados,BRB,2000,,,,94,,86,94,,93
Barbados,BRB,2001,18,18,,93,,93,93,,84
Barbados,BRB,2002,66,66,,91,,86,91,,87
Barbados,BRB,2003,91,88,,90,,90,90,,89
Barbados,BRB,2004,93,93,,98,,93,98,,93
Barbados,BRB,2005,92,92,,93,,91,93,,92
Barbados,BRB,2006,84,84,,92,,85,92,,84
Barbados,BRB,2007,93,93,,75,,93,75,,93
Barbados,BRB,2008,85,85,,94,,85,94,,85
Barbados,BRB,2009,93,93,,94,75,93,94,,93
Barbados,BRB,2010,86,86,,85,78,90,85,,86
Barbados,BRB,2011,91,91,,93,81,91,93,,91
Barbados,BRB,2012,87,87,,90,84,88,90,,87
Barbados,BRB,2013,91,91,,87,87,91,87,,91
Barbados,BRB,2014,94,94,,95,90,95,95,,94
Barbados,BRB,2015,97,97,,96,97,97,96,,97
Barbados,BRB,2016,97,97,99,92,96,97,92,,97
Barbados,BRB,2017,90,90,89,92,89,91,92,,90
Barbados,BRB,2018,95,95,95,85,89,94,85,,95
Barbados,BRB,2019,90,90,94,92,93,91,92,,90
Barbados,BRB,2020,85,85,86,89,86,85,89,,85
Barbados,BRB,2021,82,82,83,77,83,84,77,,82
Barbados,BRB,2022,86,86,87,85,87,86,85,,86
Barbados,BRB,2023,85,85,91,89,86,85,89,,85
Barbados,BRB,2024,94,94,94,88,94,94,88,,94
Belarus,BLR,1992,,,,94,,90,,,90
Belarus,BLR,1993,,,,96,,91,,,91
Belarus,BLR,1994,,,,97,,92,,,92
Belarus,BLR,1995,,,,93,,96,,,96
Belarus,BLR,1996,,,,96,,98,96,,98
Belarus,BLR,1997,,,,97,,98,97,,98
Belarus,BLR,1998,,,,98,,99,98,,99
Belarus,BLR,1999,,,,98,,99,98,,99
Belarus,BLR,2000,70,,,98,,99,98,,99
Belarus,BLR,2001,93,,,99,,99,99,,99
Belarus,BLR,2002,99,,,99,,99,99,,99
Belarus,BLR,2003,56,,,99,,53,99,,50
Belarus,BLR,2004,99,,,99,,99,99,,99
Belarus,BLR,2005,99,,,99,,98,99,,99
Belarus,BLR,2006,98,,,97,,97,97,,99
Belarus,BLR,2007,91,,,99,,90,99,,95
Belarus,BLR,2008,98,6,,99,,98,99,,97
Belarus,BLR,2009,98,19,,99,,98,99,,96
Belarus,BLR,2010,96,0,,99,,99,99,,98
Belarus,BLR,2011,98,21,,99,,98,99,,98
Belarus,BLR,2012,97,22,,98,,98,98,,98
Belarus,BLR,2013,98,23,,99,,98,99,,98
Belarus,BLR,2014,97,20,,99,,97,99,,97
Belarus,BLR,2015,99,9,99,99,,99,99,,99
Belarus,BLR,2016,96,11,99,98,,98,98,,98
Belarus,BLR,2017,98,9,98,97,,98,97,,97
Belarus,BLR,2018,98,67,98,98,,98,98,,97
Belarus,BLR,2019,97,91,98,98,,98,98,,98
Belarus,BLR,2020,97,97,96,97,,97,97,,97
Belarus,BLR,2021,98,98,98,98,,97,98,,98
Belarus,BLR,2022,98,98,98,98,,98,98,,98
Belarus,BLR,2023,97,98,98,97,,98,97,,98
Belarus,BLR,2024,98,98,98,98,,98,98,,98
Belgium,BEL,1980,,,,,,99,,,95
Belgium,BEL,1981,,,,50,,99,,,95
Belgium,BEL,1982,,,,58,,90,,,95
Belgium,BEL,1983,,,,66,,90,,,95
Belgium,BEL,1984,,,,74,,95,,,95
Belgium,BEL,1985,,,,82,,97,82,,95
Belgium,BEL,1986,,,,90,,99,90,,95
Belgium,BEL,1987,,,,50,,97,50,,95
Belgium,BEL,1988,,,,75,,95,75,,80
Belgium,BEL,1989,,,,75,,95,75,,94
Belgium,BEL,1990,,,,85,,95,85,,93
Belgium,BEL,1991,,,,67,,93,67,,92
Belgium,BEL,1992,,,,87,,94,87,,95
Belgium,BEL,1993,,20,,70,,94,70,,97
Belgium,BEL,1994,,16,,78,,93,78,,96
Belgium,BEL,1995,,13,,85,,92,85,,94
Belgium,BEL,1996,,10,,73,,94,73,,95
Belgium,BEL,1997,2,6,,76,,94,76,,87
Belgium,BEL,1998,31,33,,80,,95,80,,79
Belgium,BEL,1999,46,59,,82,,95,82,,87
Belgium,BEL,2000,60,86,,82,,96,82,,95
Belgium,BEL,2001,60,86,,82,,96,82,,95
Belgium,BEL,2002,60,86,,82,,96,82,,95
Belgium,BEL,2003,64,87,,82,,96,82,,95
Belgium,BEL,2004,64,87,,82,,96,82,,95
Belgium,BEL,2005,77,95,,88,,97,88,,97
Belgium,BEL,2006,94,98,,92,,99,92,,98
Belgium,BEL,2007,94,98,,92,,99,92,,98
Belgium,BEL,2008,98,98,,93,,99,93,,99
Belgium,BEL,2009,97,98,,95,,98,95,,98
Belgium,BEL,2010,97,98,,95,,98,95,,98
Belgium,BEL,2011,97,98,,95,,98,95,,98
Belgium,BEL,2012,98,98,,96,93,99,96,86,99
Belgium,BEL,2013,98,98,,96,93,99,96,86,99
Belgium,BEL,2014,98,98,,96,93,99,96,86,99
Belgium,BEL,2015,98,98,99,96,94,99,96,88,99
Belgium,BEL,2016,97,97,99,96,94,98,96,87,98
Belgium,BEL,2017,97,97,99,96,94,98,96,87,98
Belgium,BEL,2018,97,97,99,96,94,98,96,87,98
Belgium,BEL,2019,97,97,99,96,94,98,96,84,97
Belgium,BEL,2020,97,97,99,96,94,98,96,86,98
Belgium,BEL,2021,97,97,99,96,94,98,96,86,98
Belgium,BEL,2022,97,97,99,96,94,98,96,86,98
Belgium,BEL,2023,97,97,99,96,94,98,96,86,98
Belgium,BEL,2024,97,97,99,96,94,98,96,86,97
Belize,BLZ,1980,,,,21,,44,,,47
Belize,BLZ,1981,,,,40,,54,,,44
Belize,BLZ,1982,,,,51,,65,,,61
Belize,BLZ,1983,,,,43,,61,,,59
Belize,BLZ,1984,,,,43,,61,,,53
Belize,BLZ,1985,,,,49,,61,,,58
Belize,BLZ,1986,,,,85,,84,,,82
Belize,BLZ,1987,,,,53,,58,,,85
Belize,BLZ,1988,,,,59,,63,,,61
Belize,BLZ,1989,,,,71,,74,,,79
Belize,BLZ,1990,,,,86,,86,,,91
Belize,BLZ,1991,,,,76,,80,,,82
Belize,BLZ,1992,,,,69,,89,,,74
Belize,BLZ,1993,,,,80,,86,,,85
Belize,BLZ,1994,,,,82,,84,,,88
Belize,BLZ,1995,,,,83,,83,,,83
Belize,BLZ,1996,,,,81,,85,81,,85
Belize,BLZ,1997,,,,85,,85,85,,86
Belize,BLZ,1998,,,,84,,87,84,,87
Belize,BLZ,1999,,,,82,,84,82,,87
Belize,BLZ,2000,76,,,96,,91,96,,91
Belize,BLZ,2001,96,96,,94,,96,94,,96
Belize,BLZ,2002,97,89,,88,,93,88,,89
Belize,BLZ,2003,96,96,,96,,95,96,,96
Belize,BLZ,2004,97,97,,97,,97,97,,97
Belize,BLZ,2005,96,96,,95,,96,95,,96
Belize,BLZ,2006,98,98,,99,,98,99,,98
Belize,BLZ,2007,96,96,,96,,97,96,,96
Belize,BLZ,2008,94,94,,96,,94,96,,94
Belize,BLZ,2009,97,97,,97,,98,97,,97
Belize,BLZ,2010,96,96,,98,,96,98,,96
Belize,BLZ,2011,95,95,,98,,95,98,,95
Belize,BLZ,2012,98,98,,96,,98,96,,98
Belize,BLZ,2013,95,95,,99,,95,99,,95
Belize,BLZ,2014,95,95,,95,,95,95,,95
Belize,BLZ,2015,94,94,7,96,,94,96,,94
Belize,BLZ,2016,95,95,93,95,,96,95,,95
Belize,BLZ,2017,88,88,89,90,,88,90,,88
Belize,BLZ,2018,96,96,97,97,,96,97,,96
Belize,BLZ,2019,98,98,99,96,,98,96,,98
Belize,BLZ,2020,79,79,79,82,,79,82,,79
Belize,BLZ,2021,83,83,80,79,,83,79,,83
Belize,BLZ,2022,84,84,91,81,,84,81,,84
Belize,BLZ,2023,85,85,85,93,,85,93,,85
Belize,BLZ,2024,88,88,89,84,39,88,84,,88
Benin,BEN,1985,,,,23,,16,,,17
Benin,BEN,1986,,,,20,,17,,,17
Benin,BEN,1987,,,,26,,25,,,25
Benin,BEN,1988,,,,30,,30,,,30
Benin,BEN,1989,,,,48,,48,,,48
Benin,BEN,1990,,,,79,,74,,,74
Benin,BEN,1991,,,,60,,68,,,69
Benin,BEN,1992,,,,70,,73,,,73
Benin,BEN,1993,,,,67,,75,,,75
Benin,BEN,1994,,,,78,,82,,,81
Benin,BEN,1995,,,,65,,68,,,67
Benin,BEN,1996,,,,60,,67,,,66
Benin,BEN,1997,,,,66,,66,,,66
Benin,BEN,1998,,,,67,,70,,,70
Benin,BEN,1999,,,,69,,74,,,74
Benin,BEN,2000,,,,70,,78,,,78
Benin,BEN,2001,,,,68,,77,,,76
Benin,BEN,2002,15,,,66,,76,,,75
Benin,BEN,2003,73,,,65,,75,,,73
Benin,BEN,2004,75,,,63,,74,,,72
Benin,BEN,2005,70,35,,61,,73,,,70
Benin,BEN,2006,74,74,,66,,76,,,74
Benin,BEN,2007,82,82,,70,,82,,,82
Benin,BEN,2008,75,75,,66,,77,,,75
Benin,BEN,2009,79,79,,71,,80,,,79
Benin,BEN,2010,76,76,,68,,77,,,76
Benin,BEN,2011,75,75,,70,36,77,,,75
Benin,BEN,2012,80,80,,74,67,80,,,80
Benin,BEN,2013,77,77,,68,70,73,,,77
Benin,BEN,2014,74,74,,65,69,71,,,74
Benin,BEN,2015,74,74,24,67,72,72,,,74
Benin,BEN,2016,78,78,57,68,73,73,,,78
Benin,BEN,2017,76,76,51,65,72,72,,,76
Benin,BEN,2018,74,74,62,61,72,70,,,74
Benin,BEN,2019,72,72,74,58,71,69,58,,72
Benin,BEN,2020,70,70,70,54,70,67,54,63,70
Benin,BEN,2021,70,70,70,53,70,68,53,69,70
Benin,BEN,2022,69,69,69,52,69,69,52,69,69
Benin,BEN,2023,69,69,69,52,70,69,52,70,69
Benin,BEN,2024,63,63,63,44,64,63,44,64,63
Bhutan,BTN,1980,,,,21,,4,,,6
Bhutan,BTN,1981,,,,21,,11,,,13
Bhutan,BTN,1982,,,,20,,11,,,15
Bhutan,BTN,1983,,,,21,,14,,,16
Bhutan,BTN,1984,,,,36,,27,,,28
Bhutan,BTN,1985,,,,44,,41,,,41
Bhutan,BTN,1986,,,,51,,54,,,53
Bhutan,BTN,1987,,,,58,,63,,,63
Bhutan,BTN,1988,,,,64,,70,,,70
Bhutan,BTN,1989,,,,79,,76,,,76
Bhutan,BTN,1990,,,,93,,96,,,96
Bhutan,BTN,1991,,,,89,,91,,,91
Bhutan,BTN,1992,,,,86,,85,,,86
Bhutan,BTN,1993,,,,84,,82,,,79
Bhutan,BTN,1994,,,,81,,84,,,86
Bhutan,BTN,1995,,,,85,,86,,,87
Bhutan,BTN,1996,16,,,85,,86,,,87
Bhutan,BTN,1997,84,,,84,,87,,,87
Bhutan,BTN,1998,81,,,71,,85,,,86
Bhutan,BTN,1999,90,,,77,,89,,,90
Bhutan,BTN,2000,98,,,78,,98,,,92
Bhutan,BTN,2001,89,,,78,,88,,,88
Bhutan,BTN,2002,83,,,78,,89,,,86
Bhutan,BTN,2003,95,,,88,,96,,,95
Bhutan,BTN,2004,89,,,87,,90,,,89
Bhutan,BTN,2005,95,,,93,,95,,,95
Bhutan,BTN,2006,95,,,90,,96,90,,95
Bhutan,BTN,2007,95,,,95,,93,95,,95
Bhutan,BTN,2008,96,,,99,,96,99,,96
Bhutan,BTN,2009,93,,,94,,93,94,,93
Bhutan,BTN,2010,91,,,95,,92,95,,91
Bhutan,BTN,2011,95,,,95,,95,95,,95
Bhutan,BTN,2012,97,97,,95,,97,95,,97
Bhutan,BTN,2013,97,97,,94,,97,94,,97
Bhutan,BTN,2014,99,99,,97,,98,97,,99
Bhutan,BTN,2015,99,99,43,97,,98,97,,99
Bhutan,BTN,2016,98,98,90,97,,97,97,,98
Bhutan,BTN,2017,98,98,35,97,,97,97,,98
Bhutan,BTN,2018,97,97,97,97,,97,97,,97
Bhutan,BTN,2019,97,97,96,97,26,97,97,,97
Bhutan,BTN,2020,96,96,93,93,90,96,93,,95
Bhutan,BTN,2021,98,98,98,97,95,98,97,,98
Bhutan,BTN,2022,98,98,99,97,97,98,97,,98
Bhutan,BTN,2023,99,99,96,99,99,98,99,,99
Bhutan,BTN,2024,98,98,99,97,98,99,97,,98
Bolivia,BOL,1980,,,,13,,14,,,11
Bolivia,BOL,1981,,,,17,,15,,,13
Bolivia,BOL,1982,,,,15,,12,,,12
Bolivia,BOL,1983,,,,13,,11,,,10
Bolivia,BOL,1984,,,,20,,46,,,6
Bolivia,BOL,1985,,,,21,,30,,,33
Bolivia,BOL,1986,,,,55,,42,,,42
Bolivia,BOL,1987,,,,57,,41,,,35
Bolivia,BOL,1988,,,,58,,40,,,28
Bolivia,BOL,1989,,,,59,,51,,,52
Bolivia,BOL,1990,,,,53,,50,,,41
Bolivia,BOL,1991,,,,54,,52,,,43
Bolivia,BOL,1992,,,,57,,54,,,45
Bolivia,BOL,1993,,,,57,,56,,,52
Bolivia,BOL,1994,,,,64,,60,,,58
Bolivia,BOL,1995,,,,58,,64,,,64
Bolivia,BOL,1996,,,,61,,61,,,61
Bolivia,BOL,1997,,,,51,,57,,,58
Bolivia,BOL,1998,,,,65,,59,,,61
Bolivia,BOL,1999,,,,79,,79,,,77
Bolivia,BOL,2000,77,77,,84,,74,84,,75
Bolivia,BOL,2001,77,77,,88,,71,88,,71
Bolivia,BOL,2002,77,77,,91,,76,91,,77
Bolivia,BOL,2003,80,80,,96,,82,96,,88
Bolivia,BOL,2004,84,84,,90,,84,90,,84
Bolivia,BOL,2005,85,85,,89,,84,89,,85
Bolivia,BOL,2006,83,83,,88,,82,88,,83
Bolivia,BOL,2007,84,84,,86,,85,86,,84
Bolivia,BOL,2008,88,88,,92,,87,92,51,88
Bolivia,BOL,2009,93,93,,93,,92,93,76,93
Bolivia,BOL,2010,91,91,,88,,90,88,87,91
Bolivia,BOL,2011,95,95,,96,,95,96,91,95
Bolivia,BOL,2012,93,93,,92,,93,92,91,93
Bolivia,BOL,2013,87,87,,87,,87,87,84,86
Bolivia,BOL,2014,85,85,,89,56,84,89,85,85
Bolivia,BOL,2015,89,89,,95,86,88,95,89,89
Bolivia,BOL,2016,87,87,93,94,87,87,94,87,87
Bolivia,BOL,2017,84,84,91,83,83,83,83,84,84
Bolivia,BOL,2018,83,83,89,89,83,83,89,87,83
Bolivia,BOL,2019,75,75,81,79,75,75,79,78,75
Bolivia,BOL,2020,68,68,79,74,68,68,74,74,68
Bolivia,BOL,2021,70,70,75,75,70,70,75,71,70
Bolivia,BOL,2022,69,69,75,69,69,69,69,71,69
Bolivia,BOL,2023,67,67,72,68,68,67,68,70,67
Bolivia,BOL,2024,59,59,68,67,59,59,67,62,59
Bosnia and Herzegovina,BIH,1992,,,,52,,65,52,,58
Bosnia and Herzegovina,BIH,1993,,,,48,,45,48,,38
Bosnia and Herzegovina,BIH,1994,,,,57,,69,57,,82
Bosnia and Herzegovina,BIH,1995,,,,53,,69,53,,55
Bosnia and Herzegovina,BIH,1996,,,,70,,74,70,,67
Bosnia and Herzegovina,BIH,1997,,,,86,,80,86,,79
Bosnia and Herzegovina,BIH,1998,,,,84,,89,84,,89
Bosnia and Herzegovina,BIH,1999,,,,83,,90,83,,90
Bosnia and Herzegovina,BIH,2000,,,,80,,87,80,,85
Bosnia and Herzegovina,BIH,2001,,,,92,,92,92,,91
Bosnia and Herzegovina,BIH,2002,,,,89,,86,89,,80
Bosnia and Herzegovina,BIH,2003,,,,84,,87,84,,87
Bosnia and Herzegovina,BIH,2004,36,49,,88,,87,88,,84
Bosnia and Herzegovina,BIH,2005,93,50,,90,,95,90,,93
Bosnia and Herzegovina,BIH,2006,90,82,,85,,91,85,,87
Bosnia and Herzegovina,BIH,2007,94,83,,96,,95,96,,95
Bosnia and Herzegovina,BIH,2008,88,83,,84,,92,84,,91
Bosnia and Herzegovina,BIH,2009,90,80,,93,,90,93,,90
Bosnia and Herzegovina,BIH,2010,89,83,,91,,90,91,,89
Bosnia and Herzegovina,BIH,2011,88,85,,89,,89,89,,88
Bosnia and Herzegovina,BIH,2012,92,87,,94,,87,94,,92
Bosnia and Herzegovina,BIH,2013,91,83,,92,,87,92,,89
Bosnia and Herzegovina,BIH,2014,89,79,,89,,86,89,,86
Bosnia and Herzegovina,BIH,2015,82,78,56,83,,74,83,,82
Bosnia and Herzegovina,BIH,2016,78,69,58,68,,79,68,,78
Bosnia and Herzegovina,BIH,2017,77,68,91,69,,75,69,,75
Bosnia and Herzegovina,BIH,2018,80,62,89,68,,73,68,,73
Bosnia and Herzegovina,BIH,2019,81,78,89,79,,80,79,,80
Bosnia and Herzegovina,BIH,2020,80,77,87,70,,78,70,,78
Bosnia and Herzegovina,BIH,2021,79,76,85,61,,77,61,,76
Bosnia and Herzegovina,BIH,2022,78,75,86,58,,75,58,,75
Bosnia and Herzegovina,BIH,2023,77,73,85,55,,87,55,,73
Bosnia and Herzegovina,BIH,2024,82,79,91,69,,79,69,,79
Botswana,BWA,1980,,,,63,,46,,,71
Botswana,BWA,1981,,,,70,,71,,,75
Botswana,BWA,1982,,,,75,,77,,,82
Botswana,BWA,1983,,,,79,,80,,,82
Botswana,BWA,1984,,,,82,,83,,,83
Botswana,BWA,1985,,,,85,,85,,,84
Botswana,BWA,1986,,,,91,,88,,,86
Botswana,BWA,1987,,,,87,,86,,,88
Botswana,BWA,1988,,,,87,,89,,,88
Botswana,BWA,1989,,,,87,,89,,,92
Botswana,BWA,1990,,,,87,,90,,,92
Botswana,BWA,1991,,,,88,,91,,,93
Botswana,BWA,1992,,,,88,,91,,,94
Botswana,BWA,1993,,,,88,,92,,,94
Botswana,BWA,1994,,,,88,,93,,,94
Botswana,BWA,1995,73,,,89,,94,,,95
Botswana,BWA,1996,62,,,89,,95,,,96
Botswana,BWA,1997,60,,,89,,95,,,96
Botswana,BWA,1998,77,,,89,,93,,,98
Botswana,BWA,1999,85,,,90,,97,,,97
Botswana,BWA,2000,86,,,91,,97,,,97
Botswana,BWA,2001,87,,,91,,97,,,97
Botswana,BWA,2002,88,,,92,,97,,,97
Botswana,BWA,2003,90,,,92,,96,,,96
Botswana,BWA,2004,91,,,93,,96,,,96
Botswana,BWA,2005,92,,,93,,96,,,96
Botswana,BWA,2006,93,,,94,,96,,,96
Botswana,BWA,2007,93,,,95,,96,,,96
Botswana,BWA,2008,94,,,95,,96,,,96
Botswana,BWA,2009,94,,,96,,96,,,96
Botswana,BWA,2010,95,,,96,,96,,,95
Botswana,BWA,2011,95,95,,97,,96,,,95
Botswana,BWA,2012,95,95,,97,52,96,,74,95
Botswana,BWA,2013,95,95,,97,72,96,,85,95
Botswana,BWA,2014,95,95,,97,95,96,,95,95
Botswana,BWA,2015,95,95,8,97,94,96,,92,95
Botswana,BWA,2016,95,94,49,97,92,96,97,88,95
Botswana,BWA,2017,95,94,95,97,91,96,97,85,95
Botswana,BWA,2018,95,94,95,97,93,96,97,87,95
Botswana,BWA,2019,95,94,95,97,95,96,97,86,95
Botswana,BWA,2020,95,94,95,87,94,96,87,85,95
Botswana,BWA,2021,95,95,95,97,90,96,97,85,95
Botswana,BWA,2022,86,86,86,90,73,86,90,65,86
Botswana,BWA,2023,95,94,96,97,86,96,97,52,95
Botswana,BWA,2024,95,94,95,97,95,96,97,74,95
Brazil,BRA,1980,,,,57,,69,,,37
Brazil,BRA,1981,,,,73,,39,,,47
Brazil,BRA,1982,,,,66,,51,,,56
Brazil,BRA,1983,,,,68,,55,,,60
Brazil,BRA,1984,,,,73,,55,,,68
Brazil,BRA,1985,,,,67,,52,,,66
Brazil,BRA,1986,,,,67,,51,,,58
Brazil,BRA,1987,,,,64,,53,,,58
Brazil,BRA,1988,,,,62,,57,,,58
Brazil,BRA,1989,,,,60,,54,,,56
Brazil,BRA,1990,,,,78,,58,,,66
Brazil,BRA,1991,,,,85,,67,,,78
Brazil,BRA,1992,,,,91,,65,,,71
Brazil,BRA,1993,,,,85,,64,,,75
Brazil,BRA,1994,4,,,77,,70,,,74
Brazil,BRA,1995,10,,,87,,79,,,81
Brazil,BRA,1996,15,,,80,,80,,,77
Brazil,BRA,1997,6,,,99,,89,,,79
Brazil,BRA,1998,13,,,95,,95,,,93
Brazil,BRA,1999,84,,,99,,99,,,94
Brazil,BRA,2000,94,90,,99,,99,99,,98
Brazil,BRA,2001,91,93,,99,,99,99,,98
Brazil,BRA,2002,92,93,,96,,99,96,,99
Brazil,BRA,2003,97,94,,97,,99,97,,99
Brazil,BRA,2004,96,95,,97,,99,97,,99
Brazil,BRA,2005,98,96,,98,,99,98,,99
Brazil,BRA,2006,99,97,,99,,99,99,47,99
Brazil,BRA,2007,99,98,,99,,99,99,80,99
Brazil,BRA,2008,96,99,,99,,99,99,81,99
Brazil,BRA,2009,99,99,,99,,99,99,86,99
Brazil,BRA,2010,96,99,,99,24,99,99,83,99
Brazil,BRA,2011,98,99,,99,82,98,99,87,99
Brazil,BRA,2012,96,95,,99,88,96,99,86,95
Brazil,BRA,2013,96,98,,98,94,96,98,93,97
Brazil,BRA,2014,96,95,,97,93,96,97,92,93
Brazil,BRA,2015,96,96,97,96,94,98,96,94,96
Brazil,BRA,2016,89,89,83,95,84,72,95,88,89
Brazil,BRA,2017,82,79,88,87,82,84,87,77,83
Brazil,BRA,2018,87,83,88,92,80,85,92,80,87
Brazil,BRA,2019,72,72,86,91,78,85,91,83,70
Brazil,BRA,2020,77,77,81,79,79,74,79,76,77
Brazil,BRA,2021,68,68,73,73,69,68,73,69,68
Brazil,BRA,2022,77,77,81,81,72,75,81,77,77
Brazil,BRA,2023,90,90,83,87,74,85,87,84,90
Brazil,BRA,2024,90,91,91,93,86,82,93,87,91
Brunei,BRN,1980,,,,73,,89,,,89
Brunei,BRN,1981,,,,80,,95,,,94
Brunei,BRN,1982,,,,88,,99,,,99
Brunei,BRN,1983,,,,94,,90,,,85
Brunei,BRN,1984,,,,90,,94,90,,96
Brunei,BRN,1985,,,,98,,88,98,,88
Brunei,BRN,1986,,,,99,,86,99,,86
Brunei,BRN,1987,,,,99,,88,99,,85
Brunei,BRN,1988,,,,99,,89,99,,89
Brunei,BRN,1989,,,,99,,91,99,,91
Brunei,BRN,1990,96,,,99,,92,99,,93
Brunei,BRN,1991,96,,,96,,94,96,,95
Brunei,BRN,1992,96,,,92,,95,92,,96
Brunei,BRN,1993,99,,,99,,99,99,,99
Brunei,BRN,1994,99,,,99,,99,99,,99
Brunei,BRN,1995,99,,,99,,99,99,,99
Brunei,BRN,1996,98,,,99,,99,99,,99
Brunei,BRN,1997,98,,,98,,99,98,,99
Brunei,BRN,1998,99,,,99,,98,99,,97
Brunei,BRN,1999,93,,,94,,97,94,,92
Brunei,BRN,2000,99,,,99,,99,99,,99
Brunei,BRN,2001,99,,,99,,99,99,,97
Brunei,BRN,2002,99,94,,99,,99,99,,94
Brunei,BRN,2003,99,92,,98,,99,98,,92
Brunei,BRN,2004,99,92,,99,,92,99,,92
Brunei,BRN,2005,99,94,,98,,93,98,,94
Brunei,BRN,2006,99,97,,97,,94,97,,97
Brunei,BRN,2007,97,99,,97,,95,97,,99
Brunei,BRN,2008,96,98,,99,,97,99,,98
Brunei,BRN,2009,96,99,,99,,99,99,,99
Brunei,BRN,2010,96,95,,94,,99,94,,95
Brunei,BRN,2011,93,97,,91,,96,91,,97
Brunei,BRN,2012,99,95,,95,,92,95,,95
Brunei,BRN,2013,98,99,,96,,99,96,,99
Brunei,BRN,2014,99,96,,97,,99,97,,99
Brunei,BRN,2015,99,99,99,96,,99,96,,99
Brunei,BRN,2016,99,99,99,98,,99,98,,99
Brunei,BRN,2017,99,99,99,97,,99,97,,99
Brunei,BRN,2018,99,99,99,99,,99,99,,99
Brunei,BRN,2019,99,99,99,97,,99,97,,99
Brunei,BRN,2020,99,99,99,99,,99,99,,99
Brunei,BRN,2021,99,99,99,99,,99,99,,99
Brunei,BRN,2022,99,99,99,97,,99,97,,99
Brunei,BRN,2023,99,99,99,97,,99,97,,99
Brunei,BRN,2024,99,99,99,99,,99,99,,99
Bulgaria,BGR,1980,,,,98,,99,,,98
Bulgaria,BGR,1981,,,,98,,99,,,99
Bulgaria,BGR,1982,,,,90,,99,,,99
Bulgaria,BGR,1983,,,,98,,98,,,99
Bulgaria,BGR,1984,,,,98,,99,,,99
Bulgaria,BGR,1985,,,,99,,99,,,99
Bulgaria,BGR,1986,,,,99,,99,,,99
Bulgaria,BGR,1987,,,,99,,99,,,99
Bulgaria,BGR,1988,,,,99,,99,,,99
Bulgaria,BGR,1989,,,,99,,99,,,99
Bulgaria,BGR,1990,,,,99,,99,,,99
Bulgaria,BGR,1991,,,,98,,81,,,99
Bulgaria,BGR,1992,71,,,92,,99,,,98
Bulgaria,BGR,1993,96,,,88,,97,88,,98
Bulgaria,BGR,1994,94,,,93,,94,93,,93
Bulgaria,BGR,1995,95,,,94,,97,94,,96
Bulgaria,BGR,1996,94,,,95,,95,95,,95
Bulgaria,BGR,1997,77,,,93,,96,93,,94
Bulgaria,BGR,1998,97,,,95,,96,95,,95
Bulgaria,BGR,1999,97,,,96,,97,96,,96
Bulgaria,BGR,2000,94,,,89,,94,89,,93
Bulgaria,BGR,2001,93,,,90,,94,90,,94
Bulgaria,BGR,2002,88,,,92,,94,92,,93
Bulgaria,BGR,2003,96,,,96,,96,96,,96
Bulgaria,BGR,2004,94,,,95,,94,95,,95
Bulgaria,BGR,2005,96,,,96,,97,96,,96
Bulgaria,BGR,2006,96,,,96,,96,96,,95
Bulgaria,BGR,2007,95,,,96,,95,96,,95
Bulgaria,BGR,2008,96,,,96,,96,96,,95
Bulgaria,BGR,2009,96,,,96,,94,96,,94
Bulgaria,BGR,2010,95,91,,97,69,94,97,,94
Bulgaria,BGR,2011,96,95,,95,94,95,95,,95
Bulgaria,BGR,2012,95,95,,94,94,95,94,,95
Bulgaria,BGR,2013,95,95,,95,94,95,95,,95
Bulgaria,BGR,2014,95,83,,93,92,88,93,,88
Bulgaria,BGR,2015,92,87,93,92,90,91,92,,91
Bulgaria,BGR,2016,91,92,94,92,90,92,92,,92
Bulgaria,BGR,2017,92,92,96,94,91,92,94,,92
Bulgaria,BGR,2018,85,92,95,93,89,92,93,31,92
Bulgaria,BGR,2019,93,92,96,95,88,93,95,39,93
Bulgaria,BGR,2020,91,91,94,88,85,91,88,45,91
Bulgaria,BGR,2021,89,89,92,89,86,89,89,46,89
Bulgaria,BGR,2022,91,91,94,91,87,91,91,48,91
Bulgaria,BGR,2023,92,92,95,92,87,92,92,49,92
Bulgaria,BGR,2024,94,94,96,94,91,94,94,50,94
Burkina Faso,BFA,1985,,,,38,,10,,,9
Burkina Faso,BFA,1986,,,,40,,21,,,19
Burkina Faso,BFA,1987,,,,37,,23,,,23
Burkina Faso,BFA,1988,,,,52,,34,,,34
Burkina Faso,BFA,1989,,,,66,,44,,,44
Burkina Faso,BFA,1990,,,,79,,66,,,66
Burkina Faso,BFA,1991,,,,69,,53,,,53
Burkina Faso,BFA,1992,,,,60,,41,,,39
Burkina Faso,BFA,1993,,,,50,,39,,,39
Burkina Faso,BFA,1994,,,,45,,36,,,36
Burkina Faso,BFA,1995,,,,43,,35,,,34
Burkina Faso,BFA,1996,,,,40,,37,,,37
Burkina Faso,BFA,1997,,,,41,,39,,,39
Burkina Faso,BFA,1998,,,,24,,15,,,15
Burkina Faso,BFA,1999,,,,36,,15,,,15
Burkina Faso,BFA,2000,,,,48,,45,,,45
Burkina Faso,BFA,2001,,,,63,,62,,,62
Burkina Faso,BFA,2002,,,,64,,69,,,69
Burkina Faso,BFA,2003,,,,76,,83,,,79
Burkina Faso,BFA,2004,,,,78,,83,,,79
Burkina Faso,BFA,2005,,,,84,,94,,,82
Burkina Faso,BFA,2006,76,76,,88,,94,,,86
Burkina Faso,BFA,2007,89,89,,94,,93,,,89
Burkina Faso,BFA,2008,93,93,,94,,92,,,93
Burkina Faso,BFA,2009,92,92,,94,,91,,,92
Burkina Faso,BFA,2010,91,91,,92,,90,,,91
Burkina Faso,BFA,2011,91,91,,89,,90,,,91
Burkina Faso,BFA,2012,90,90,,87,,90,,,90
Burkina Faso,BFA,2013,88,88,,82,,89,,9,88
Burkina Faso,BFA,2014,91,91,,88,91,91,,91,91
Burkina Faso,BFA,2015,91,91,,88,91,91,68,91,91
Burkina Faso,BFA,2016,91,91,,88,91,91,88,91,91
Burkina Faso,BFA,2017,91,91,,88,91,91,88,91,91
Burkina Faso,BFA,2018,91,91,45,88,91,91,88,91,91
Burkina Faso,BFA,2019,91,91,91,88,91,91,88,91,91
Burkina Faso,BFA,2020,91,91,91,88,91,91,88,88,91
Burkina Faso,BFA,2021,91,91,91,88,66,91,88,91,91
Burkina Faso,BFA,2022,91,91,91,88,91,91,88,82,91
Burkina Faso,BFA,2023,91,91,91,88,91,91,88,83,91
Burkina Faso,BFA,2024,91,91,91,88,91,91,88,87,91
Burundi,BDI,1981,,,,28,,39,,,36
Burundi,BDI,1982,,,,40,,43,,,33
Burundi,BDI,1983,,,,54,,35,,,44
Burundi,BDI,1984,,,,27,,21,,,26
Burundi,BDI,1985,,,,32,,58,,,36
Burundi,BDI,1986,,,,59,,56,,,55
Burundi,BDI,1987,,,,54,,71,,,68
Burundi,BDI,1988,,,,46,,51,,,51
Burundi,BDI,1989,,,,73,,86,,,82
Burundi,BDI,1990,,,,74,,97,,,86
Burundi,BDI,1991,,,,74,,89,,,83
Burundi,BDI,1992,,,,69,,81,,,80
Burundi,BDI,1993,,,,69,,64,,,63
Burundi,BDI,1994,,,,42,,49,,,48
Burundi,BDI,1995,,,,80,,73,,,73
Burundi,BDI,1996,,,,79,,72,,,73
Burundi,BDI,1997,,,,77,,69,,,74
Burundi,BDI,1998,,,,68,,61,,,65
Burundi,BDI,1999,,,,70,,71,,,79
Burundi,BDI,2000,,,,72,,72,,,80
Burundi,BDI,2001,,,,73,,73,,,81
Burundi,BDI,2002,,,,75,,74,,,81
Burundi,BDI,2003,,,,76,,75,,,82
Burundi,BDI,2004,83,83,,78,,76,,,83
Burundi,BDI,2005,87,87,,87,,82,,,87
Burundi,BDI,2006,92,92,,92,,88,,,92
Burundi,BDI,2007,99,99,,88,,93,,,99
Burundi,BDI,2008,92,92,,84,,89,,,92
Burundi,BDI,2009,94,94,,91,,96,,,94
Burundi,BDI,2010,96,96,,92,,94,,,96
Burundi,BDI,2011,96,96,,93,14,95,,,96
Burundi,BDI,2012,96,96,,93,96,96,,,96
Burundi,BDI,2013,96,96,,98,96,96,,,96
Burundi,BDI,2014,95,95,,94,95,95,,85,95
Burundi,BDI,2015,94,94,4,93,94,94,,96,94
Burundi,BDI,2016,94,94,60,93,94,94,,96,94
Burundi,BDI,2017,91,91,0,90,91,91,90,93,91
Burundi,BDI,2018,90,90,50,88,90,90,88,92,90
Burundi,BDI,2019,93,93,92,92,93,93,92,95,93
Burundi,BDI,2020,93,93,98,90,93,93,90,96,93
Burundi,BDI,2021,94,94,94,90,94,94,90,94,94
Burundi,BDI,2022,91,91,91,89,91,91,89,91,91
Burundi,BDI,2023,89,89,86,86,88,89,86,89,89
Burundi,BDI,2024,89,89,86,86,88,89,86,89,89
Cambodia,KHM,1984,,,,27,,18,,,17
Cambodia,KHM,1985,,,,29,,26,,,23
Cambodia,KHM,1986,,,,54,,35,,,37
Cambodia,KHM,1987,,,,53,,57,,,37
Cambodia,KHM,1988,,,,39,,45,,,45
Cambodia,KHM,1989,,,,39,,48,,,47
Cambodia,KHM,1990,,,,34,,38,,,38
Cambodia,KHM,1991,,,,39,,39,,,38
Cambodia,KHM,1992,,,,33,,32,,,32
Cambodia,KHM,1993,,,,36,,36,,,35
Cambodia,KHM,1994,,,,50,,38,,,37
Cambodia,KHM,1995,,,,62,,39,,,39
Cambodia,KHM,1996,,,,56,,48,,,43
Cambodia,KHM,1997,,,,50,,56,,,46
Cambodia,KHM,1998,,,,54,,57,,,47
Cambodia,KHM,1999,,,,63,,65,,,53
Cambodia,KHM,2000,,,,65,,62,,,59
Cambodia,KHM,2001,,,,59,,59,,,60
Cambodia,KHM,2002,,,,52,,54,,,54
Cambodia,KHM,2003,,,,65,,69,,,69
Cambodia,KHM,2004,,,,80,,86,,,85
Cambodia,KHM,2005,,,,79,,82,,,82
Cambodia,KHM,2006,80,,,78,,80,,,80
Cambodia,KHM,2007,82,,,79,,82,,,82
Cambodia,KHM,2008,91,,,89,,91,,,91
Cambodia,KHM,2009,92,,,92,,95,,,94
Cambodia,KHM,2010,91,86,,90,,90,,,90
Cambodia,KHM,2011,91,88,,88,,91,,,91
Cambodia,KHM,2012,91,89,,84,,90,,,90
Cambodia,KHM,2013,86,86,,79,,71,79,,86
Cambodia,KHM,2014,90,90,,83,,91,83,,90
Cambodia,KHM,2015,91,91,,85,68,91,85,,91
Cambodia,KHM,2016,91,91,81,85,87,89,85,,91
Cambodia,KHM,2017,90,90,66,85,81,89,85,,90
Cambodia,KHM,2018,89,89,80,86,83,88,86,,89
Cambodia,KHM,2019,88,88,89,87,88,91,87,,88
Cambodia,KHM,2020,86,86,88,83,86,89,83,,86
Cambodia,KHM,2021,86,86,87,83,86,88,83,,86
Cambodia,KHM,2022,84,84,84,83,84,84,83,,84
Cambodia,KHM,2023,84,84,83,79,82,85,79,,84
Cambodia,KHM,2024,83,83,84,83,83,84,83,,83
Cameroon,CMR,1981,,,,16,,5,,,5
Cameroon,CMR,1982,,,,21,,15,,,15
Cameroon,CMR,1983,,,,25,,25,,,25
Cameroon,CMR,1984,,,,31,,26,,,27
Cameroon,CMR,1985,,,,39,,35,,,33
Cameroon,CMR,1986,,,,44,,42,,,39
Cameroon,CMR,1987,,,,44,,44,,,44
Cameroon,CMR,1988,,,,48,,51,,,50
Cameroon,CMR,1989,,,,56,,54,,,56
Cameroon,CMR,1990,,,,56,,54,,,48
Cameroon,CMR,1991,,,,48,,46,,,42
Cameroon,CMR,1992,,,,37,,37,,,37
Cameroon,CMR,1993,,,,32,,34,,,37
Cameroon,CMR,1994,,,,38,,42,,,38
Cameroon,CMR,1995,,,,46,,46,,,46
Cameroon,CMR,1996,,,,39,,43,,,46
Cameroon,CMR,1997,,,,43,,47,,,48
Cameroon,CMR,1998,,,,47,,53,,,56
Cameroon,CMR,1999,,,,46,,58,,,59
Cameroon,CMR,2000,,,,49,,57,,,62
Cameroon,CMR,2001,,,,51,,61,,,63
Cameroon,CMR,2002,,,,53,,66,,,66
Cameroon,CMR,2003,,,,61,,72,,,73
Cameroon,CMR,2004,,,,64,,72,,,73
Cameroon,CMR,2005,79,,,68,,79,,,80
Cameroon,CMR,2006,81,,,73,,78,,,81
Cameroon,CMR,2007,82,,,74,,81,,,82
Cameroon,CMR,2008,84,,,80,,82,,,84
Cameroon,CMR,2009,80,80,,74,,79,,,80
Cameroon,CMR,2010,84,84,,79,,83,,,84
Cameroon,CMR,2011,82,81,,76,23,80,,,81
Cameroon,CMR,2012,85,79,,74,84,78,,,79
Cameroon,CMR,2013,76,76,,71,75,75,,,76
Cameroon,CMR,2014,76,76,,71,77,76,,42,76
Cameroon,CMR,2015,76,76,26,71,77,75,,67,76
Cameroon,CMR,2016,78,78,70,72,78,77,,75,78
Cameroon,CMR,2017,74,74,67,67,73,73,67,72,74
Cameroon,CMR,2018,68,68,67,61,68,68,61,68,68
Cameroon,CMR,2019,67,67,66,61,67,68,61,67,67
Cameroon,CMR,2020,68,68,69,63,69,68,63,68,68
Cameroon,CMR,2021,71,71,70,65,70,71,65,69,71
Cameroon,CMR,2022,71,71,70,68,70,62,68,66,71
Cameroon,CMR,2023,75,75,71,71,75,74,71,72,75
Cameroon,CMR,2024,77,77,75,71,76,76,71,73,77
Canada,CAN,1987,,,,70,,86,70,,85
Canada,CAN,1988,,,,85,,87,85,,86
Canada,CAN,1989,,,,87,,87,87,,87
Canada,CAN,1990,,,,89,,88,89,,88
Canada,CAN,1991,,,,92,,88,92,,88
Canada,CAN,1992,,,,94,,89,94,,89
Canada,CAN,1993,,,,96,,89,96,,90
Canada,CAN,1994,,,,97,,89,97,,93
Canada,CAN,1995,,,,96,,89,96,,87
Canada,CAN,1996,,84,,97,,89,97,,90
Canada,CAN,1997,,87,,96,,88,96,,86
Canada,CAN,1998,,88,,96,,88,96,,90
Canada,CAN,1999,,88,,96,,88,96,,90
Canada,CAN,2000,,88,,96,,88,96,,89
Canada,CAN,2001,,88,,95,,88,95,,89
Canada,CAN,2002,,88,,95,,88,95,,88
Canada,CAN,2003,14,88,,95,,88,95,,91
Canada,CAN,2004,14,91,,94,,91,94,,91
Canada,CAN,2005,14,93,,94,,93,94,,93
Canada,CAN,2006,14,95,,93,,95,93,,95
Canada,CAN,2007,14,93,,94,,99,94,,94
Canada,CAN,2008,28,92,,93,42,96,93,,92
Canada,CAN,2009,42,91,,91,50,93,91,,91
Canada,CAN,2010,56,90,,90,58,90,90,,89
Canada,CAN,2011,70,89,,88,66,87,88,,87
Canada,CAN,2012,70,90,,89,73,91,89,,91
Canada,CAN,2013,55,91,,90,79,91,90,,91
Canada,CAN,2014,55,91,,90,79,91,90,,91
Canada,CAN,2015,69,91,95,89,80,91,89,,91
Canada,CAN,2016,70,91,91,89,80,91,89,,91
Canada,CAN,2017,71,91,94,90,81,91,90,,91
Canada,CAN,2018,71,91,94,90,81,91,90,79,91
Canada,CAN,2019,84,92,91,90,84,92,90,84,91
Canada,CAN,2020,84,92,92,90,84,92,90,84,92
Canada,CAN,2021,84,92,92,90,84,92,90,84,92
Canada,CAN,2022,83,90,92,92,85,92,92,87,92
Canada,CAN,2023,83,90,92,92,85,92,92,87,92
Canada,CAN,2024,83,90,92,92,85,92,92,87,92
Cape Verde,CPV,1983,,,,,,22,,,23
Cape Verde,CPV,1984,,,,,,31,,,31
Cape Verde,CPV,1985,,,,54,,39,,,39
Cape Verde,CPV,1986,,,,58,,60,,,54
Cape Verde,CPV,1987,,,,75,,87,,,92
Cape Verde,CPV,1988,,,,80,,85,,,88
Cape Verde,CPV,1989,,,,84,,99,,,99
Cape Verde,CPV,1990,,,,79,,87,,,88
Cape Verde,CPV,1991,,,,76,,88,,,87
Cape Verde,CPV,1992,,,,82,,89,,,88
Cape Verde,CPV,1993,,,,88,,90,,,89
Cape Verde,CPV,1994,,,,87,,89,,,89
Cape Verde,CPV,1995,,,,85,,89,,,88
Cape Verde,CPV,1996,,,,84,,88,,,88
Cape Verde,CPV,1997,,,,83,,87,,,87
Cape Verde,CPV,1998,,,,84,,88,,,88
Cape Verde,CPV,1999,,,,85,,89,,,89
Cape Verde,CPV,2000,,,,86,,90,,,90
Cape Verde,CPV,2001,,,,88,,91,,,90
Cape Verde,CPV,2002,40,,,89,,92,,,91
Cape Verde,CPV,2003,66,,,90,,93,,,92
Cape Verde,CPV,2004,91,,,91,,94,,,93
Cape Verde,CPV,2005,93,,,93,,95,,,95
Cape Verde,CPV,2006,95,,,94,,97,,,96
Cape Verde,CPV,2007,96,,,96,,98,,,98
Cape Verde,CPV,2008,98,,,97,,99,,,99
Cape Verde,CPV,2009,98,,,97,,99,,,99
Cape Verde,CPV,2010,98,,,97,,99,,,99
Cape Verde,CPV,2011,90,90,,96,,90,99,,90
Cape Verde,CPV,2012,94,94,,91,,94,94,,94
Cape Verde,CPV,2013,93,93,,91,,93,89,,93
Cape Verde,CPV,2014,95,95,,93,,95,79,,95
Cape Verde,CPV,2015,93,93,,92,,93,95,,93
Cape Verde,CPV,2016,96,96,,93,,95,92,,96
Cape Verde,CPV,2017,96,96,60,96,,96,96,,96
Cape Verde,CPV,2018,98,98,96,99,,98,99,,98
Cape Verde,CPV,2019,96,96,96,98,,97,98,,96
Cape Verde,CPV,2020,93,93,94,95,,94,95,,93
Cape Verde,CPV,2021,93,93,94,95,,94,95,,93
Cape Verde,CPV,2022,93,93,94,95,,94,95,,93
Cape Verde,CPV,2023,93,93,94,95,,94,95,,93
Cape Verde,CPV,2024,93,93,94,95,,94,95,,93
Central African Republic,CAF,1980,,,,12,,13,,,13
Central African Republic,CAF,1981,,,,15,,11,,,11
Central African Republic,CAF,1982,,,,16,,14,,,14
Central African Republic,CAF,1983,,,,16,,16,,,16
Central African Republic,CAF,1984,,,,19,,17,,,17
Central African Republic,CAF,1985,,,,23,,20,,,20
Central African Republic,CAF,1986,,,,24,,19,,,19
Central African Republic,CAF,1987,,,,17,,22,,,22
Central African Republic,CAF,1988,,,,40,,42,,,42
Central African Republic,CAF,1989,,,,69,,61,,,64
Central African Republic,CAF,1990,,,,82,,82,,,82
Central African Republic,CAF,1991,,,,57,,64,,,64
Central African Republic,CAF,1992,,,,32,,45,,,45
Central African Republic,CAF,1993,,,,42,,46,,,47
Central African Republic,CAF,1994,,,,52,,46,,,48
Central African Republic,CAF,1995,,,,46,,51,,,53
Central African Republic,CAF,1996,,,,44,,47,,,48
Central African Republic,CAF,1997,,,,42,,44,,,43
Central African Republic,CAF,1998,,,,37,,45,,,43
Central African Republic,CAF,1999,,,,37,,36,,,33
Central African Republic,CAF,2000,,,,36,,38,,,37
Central African Republic,CAF,2001,,,,35,,40,,,40
Central African Republic,CAF,2002,,,,42,,42,,,44
Central African Republic,CAF,2003,,,,49,,44,,,47
Central African Republic,CAF,2004,,,,55,,45,,,51
Central African Republic,CAF,2005,,,,62,,47,,,54
Central African Republic,CAF,2006,,,,61,,47,,,51
Central African Republic,CAF,2007,,,,59,,46,,,48
Central African Republic,CAF,2008,,,,58,,46,,,45
Central African Republic,CAF,2009,42,42,,56,,45,,,42
Central African Republic,CAF,2010,45,45,,53,,46,,,45
Central African Republic,CAF,2011,47,47,,49,8,47,,,47
Central African Republic,CAF,2012,47,47,,48,47,47,,,47
Central African Republic,CAF,2013,23,23,,25,23,23,,,23
Central African Republic,CAF,2014,45,45,,47,45,50,,,45
Central African Republic,CAF,2015,43,43,2,46,44,51,,,43
Central African Republic,CAF,2016,42,42,44,45,43,52,,,42
Central African Republic,CAF,2017,42,42,43,41,41,48,,,42
Central African Republic,CAF,2018,40,40,41,39,39,45,,,40
Central African Republic,CAF,2019,38,38,39,37,37,43,,,38
Central African Republic,CAF,2020,37,37,37,36,36,40,,,37
Central African Republic,CAF,2021,35,35,35,34,34,38,,,35
Central African Republic,CAF,2022,33,33,33,32,32,35,,,33
Central African Republic,CAF,2023,40,40,39,39,39,42,,,40
Central African Republic,CAF,2024,42,42,42,41,42,48,,,42
Chad,TCD,1983,,,,,,,,,1
Chad,TCD,1984,,,,10,,4,,,3
Chad,TCD,1985,,,,7,,3,,,3
Chad,TCD,1986,,,,12,,8,,,10
Chad,TCD,1987,,,,16,,13,,,14
Chad,TCD,1988,,,,17,,14,,,14
Chad,TCD,1989,,,,32,,20,,,20
Chad,TCD,1990,,,,32,,20,,,20
Chad,TCD,1991,,,,28,,18,,,18
Chad,TCD,1992,,,,25,,10,,,10
Chad,TCD,1993,,,,19,,12,,,13
Chad,TCD,1994,,,,24,,18,,,18
Chad,TCD,1995,,,,26,,18,,,18
Chad,TCD,1996,,,,22,,20,,,20
Chad,TCD,1997,,,,30,,24,,,24
Chad,TCD,1998,,,,20,,29,,,37
Chad,TCD,1999,,,,30,,34,,,45
Chad,TCD,2000,,,,28,,30,,,38
Chad,TCD,2001,,,,26,,26,,,26
Chad,TCD,2002,,,,25,,31,,,25
Chad,TCD,2003,,,,23,,36,,,23
Chad,TCD,2004,,,,16,,31,,,22
Chad,TCD,2005,,,,27,,37,,,26
Chad,TCD,2006,,,,39,,49,,,41
Chad,TCD,2007,,,,31,,38,,,29
Chad,TCD,2008,17,17,,27,,30,,,19
Chad,TCD,2009,24,24,,36,,32,,,26
Chad,TCD,2010,39,39,,46,,43,,,40
Chad,TCD,2011,33,33,,54,,40,,,33
Chad,TCD,2012,40,40,,63,,51,,,40
Chad,TCD,2013,39,39,,57,,46,,,39
Chad,TCD,2014,36,36,,45,,44,,,36
Chad,TCD,2015,42,42,28,46,,52,,,42
Chad,TCD,2016,41,41,41,37,,44,,,41
Chad,TCD,2017,41,41,41,37,,44,,,41
Chad,TCD,2018,47,47,49,41,,45,,,47
Chad,TCD,2019,53,53,51,40,,46,,,53
Chad,TCD,2020,55,55,54,45,,51,,,55
Chad,TCD,2021,62,62,63,53,,57,,,62
Chad,TCD,2022,66,66,66,54,,58,,,66
Chad,TCD,2023,67,67,67,63,,67,,,67
Chad,TCD,2024,68,68,67,66,,67,,,68
Chile,CHL,1980,,,,94,,93,,,93
Chile,CHL,1981,,,,95,,99,,,99
Chile,CHL,1982,,,,96,,99,,,99
Chile,CHL,1983,,,,95,,89,,,89
Chile,CHL,1984,,,,94,,99,,,99
Chile,CHL,1985,,,,92,,99,,,99
Chile,CHL,1986,,,,91,,90,,,90
Chile,CHL,1987,,,,92,,93,,,93
Chile,CHL,1988,,,,95,,96,,,96
Chile,CHL,1989,,,,92,,95,,,95
Chile,CHL,1990,,,,97,,95,97,,95
Chile,CHL,1991,,,,99,,94,99,,94
Chile,CHL,1992,,,,89,,90,89,,90
Chile,CHL,1993,,,,94,,90,94,,90
Chile,CHL,1994,,,,96,,94,96,,94
Chile,CHL,1995,,,,97,,94,97,,94
Chile,CHL,1996,,91,,93,,91,93,,91
Chile,CHL,1997,,90,,96,,90,96,,90
Chile,CHL,1998,,90,,98,,90,98,,90
Chile,CHL,1999,,95,,94,,95,94,,95
Chile,CHL,2000,,91,,97,,91,97,,91
Chile,CHL,2001,,97,,96,,96,96,,97
Chile,CHL,2002,,97,,95,,97,95,,97
Chile,CHL,2003,,96,,96,,96,96,,96
Chile,CHL,2004,,93,,94,,94,94,,93
Chile,CHL,2005,,91,,90,,92,90,,91
Chile,CHL,2006,95,94,,91,,94,91,,94
Chile,CHL,2007,92,96,,92,,95,92,,96
Chile,CHL,2008,95,95,,96,,95,96,,95
Chile,CHL,2009,94,94,,93,,94,93,,94
Chile,CHL,2010,92,92,,93,,92,93,,92
Chile,CHL,2011,94,94,,91,54,93,91,,94
Chile,CHL,2012,90,90,,90,82,90,90,,90
Chile,CHL,2013,90,90,,90,79,90,90,,91
Chile,CHL,2014,95,95,,97,92,95,97,,95
Chile,CHL,2015,96,96,,96,90,96,96,,96
Chile,CHL,2016,95,95,99,93,93,95,93,,95
Chile,CHL,2017,93,93,98,93,93,93,93,,93
Chile,CHL,2018,95,95,98,93,93,95,93,,95
Chile,CHL,2019,96,96,99,95,95,96,95,,96
Chile,CHL,2020,93,93,98,91,89,93,91,,93
Chile,CHL,2021,95,95,99,92,92,95,92,,95
Chile,CHL,2022,96,96,99,94,93,96,94,,96
Chile,CHL,2023,96,96,99,94,93,96,94,,96
Chile,CHL,2024,95,95,98,93,93,95,93,,95
China,CHN,1982,,,,,,80,,,
China,CHN,1983,,,,78,,81,,,58
China,CHN,1984,,,,84,,84,,,73
China,CHN,1985,,,,88,,87,,,78
China,CHN,1986,,,,63,,68,,,78
China,CHN,1987,,,,77,,78,,,75
China,CHN,1988,,,,95,,96,,,95
China,CHN,1989,,,,95,,96,,,95
China,CHN,1990,,,,98,,98,,,97
China,CHN,1991,,,,92,,95,,,94
China,CHN,1992,,,,87,,93,,,91
China,CHN,1993,,,,81,,90,,,88
China,CHN,1994,,,,75,,87,,,85
China,CHN,1995,,,,80,,82,,,80
China,CHN,1996,,,,84,,84,,,83
China,CHN,1997,,,,83,,85,,,84
China,CHN,1998,,,,83,,85,,,84
China,CHN,1999,,,,84,,86,,,85
China,CHN,2000,60,,,84,,86,,,85
China,CHN,2001,65,,,85,,86,,,86
China,CHN,2002,70,,,85,,86,,,86
China,CHN,2003,75,,,85,,87,,,86
China,CHN,2004,79,,,86,,87,,,87
China,CHN,2005,84,,,86,,87,,,87
China,CHN,2006,91,,,93,,94,,,93
China,CHN,2007,92,,,94,,94,,,93
China,CHN,2008,95,,,97,,99,,,97
China,CHN,2009,99,,,99,,99,,,99
China,CHN,2010,99,,,99,,99,62,,99
China,CHN,2011,99,,,99,,99,86,,99
China,CHN,2012,99,,,99,,99,95,,99
China,CHN,2013,99,,,99,,99,96,,99
China,CHN,2014,99,,,99,,99,98,,99
China,CHN,2015,99,,,99,,99,95,,99
China,CHN,2016,99,,,99,,99,99,,99
China,CHN,2017,99,,99,99,,99,99,,99
China,CHN,2018,99,,99,99,,99,99,,99
China,CHN,2019,99,,99,99,,99,99,,99
China,CHN,2020,99,,99,99,,99,99,,99
China,CHN,2021,99,,99,99,,99,99,,99
China,CHN,2022,99,,99,99,,99,99,,99
China,CHN,2023,96,,97,95,,97,95,,96
China,CHN,2024,96,,97,95,,97,95,,97
Colombia,COL,1980,,,,13,,16,,,16
Colombia,COL,1981,,,,26,,22,,,20
Colombia,COL,1982,,,,28,,27,,,26
Colombia,COL,1983,,,,43,,42,,,42
Colombia,COL,1984,,,,51,,68,,,61
Colombia,COL,1985,,,,51,,62,,,61
Colombia,COL,1986,,,,45,,53,,,48
Colombia,COL,1987,,,,59,,82,,,58
Colombia,COL,1988,,,,74,,94,,,74
Colombia,COL,1989,,,,81,,90,,,78
Colombia,COL,1990,,,,82,,93,,,88
Colombia,COL,1991,,,,78,,91,,,84
Colombia,COL,1992,,,,74,,84,,,78
Colombia,COL,1993,,,,94,,92,,,88
Colombia,COL,1994,,,,84,,87,,,85
Colombia,COL,1995,71,,,95,,87,95,,85
Colombia,COL,1996,95,,,90,,87,90,,85
Colombia,COL,1997,85,,,80,,85,80,,84
Colombia,COL,1998,75,62,,78,,75,78,,73
Colombia,COL,1999,77,64,,79,,77,79,,74
Colombia,COL,2000,78,65,,88,,82,88,,79
Colombia,COL,2001,80,55,,93,,83,93,,80
Colombia,COL,2002,78,69,,93,,83,93,,81
Colombia,COL,2003,92,93,,93,,92,93,,92
Colombia,COL,2004,89,89,,92,,89,92,,89
Colombia,COL,2005,93,93,,94,,93,94,,93
Colombia,COL,2006,93,93,,95,,94,95,,93
Colombia,COL,2007,94,94,,95,,93,95,,94
Colombia,COL,2008,92,92,,92,,92,92,,92
Colombia,COL,2009,92,92,,95,,92,95,55,92
Colombia,COL,2010,88,88,,88,22,88,88,74,88
Colombia,COL,2011,85,85,,88,46,85,88,78,85
Colombia,COL,2012,92,92,,94,84,91,94,87,92
Colombia,COL,2013,91,91,,92,87,91,92,87,91
Colombia,COL,2014,90,90,,91,89,90,91,89,90
Colombia,COL,2015,91,91,92,94,91,91,94,91,91
Colombia,COL,2016,91,91,91,93,89,91,93,90,91
Colombia,COL,2017,92,92,92,93,91,92,93,90,92
Colombia,COL,2018,92,92,93,95,94,92,95,92,92
Colombia,COL,2019,92,92,95,95,93,94,95,95,94
Colombia,COL,2020,88,88,92,90,89,88,90,87,88
Colombia,COL,2021,87,87,90,86,84,86,86,86,87
Colombia,COL,2022,87,87,89,88,85,86,88,85,87
Colombia,COL,2023,90,90,90,93,90,90,93,86,90
Colombia,COL,2024,89,89,88,93,91,89,93,86,89
Comoros,COM,1984,,,,42,,32,,,31
Comoros,COM,1985,,,,18,,53,,,51
Comoros,COM,1986,,,,71,,73,,,71
Comoros,COM,1987,,,,71,,73,,,71
Comoros,COM,1988,,,,40,,44,,,43
Comoros,COM,1989,,,,85,,78,,,82
Comoros,COM,1990,,,,87,,94,,,94
Comoros,COM,1991,,,,40,,55,,,52
Comoros,COM,1992,,,,51,,46,,,38
Comoros,COM,1993,,,,56,,70,,,70
Comoros,COM,1994,,,,59,,58,,,58
Comoros,COM,1995,,,,69,,78,,,75
Comoros,COM,1996,,,,43,,60,,,60
Comoros,COM,1997,,,,49,,48,,,48
Comoros,COM,1998,,,,67,,75,,,75
Comoros,COM,1999,,,,69,,73,,,73
Comoros,COM,2000,,,,70,,70,,,70
Comoros,COM,2001,,,,70,,70,,,70
Comoros,COM,2002,,,,71,,98,,,89
Comoros,COM,2003,28,,,67,,80,,,80
Comoros,COM,2004,77,,,76,,73,,,76
Comoros,COM,2005,68,,,67,,67,,,68
Comoros,COM,2006,69,,,66,,69,,,69
Comoros,COM,2007,75,,,65,,75,,,75
Comoros,COM,2008,81,,,76,,81,,,81
Comoros,COM,2009,83,38,,79,,84,,,83
Comoros,COM,2010,74,74,,72,,82,,,74
Comoros,COM,2011,83,83,,79,,85,,,83
Comoros,COM,2012,86,86,,85,,85,,,86
Comoros,COM,2013,83,83,,82,,82,,,83
Comoros,COM,2014,80,80,,80,,79,,,80
Comoros,COM,2015,80,80,78,81,,81,,,80
Comoros,COM,2016,75,75,76,77,,75,,,75
Comoros,COM,2017,79,79,45,75,,79,,,79
Comoros,COM,2018,77,77,70,74,,77,,,77
Comoros,COM,2019,78,78,72,76,,71,,,78
Comoros,COM,2020,74,74,75,75,,64,,,74
Comoros,COM,2021,72,72,72,68,,72,33,,72
Comoros,COM,2022,78,78,76,71,,72,71,,78
Comoros,COM,2023,75,75,75,70,,62,70,,75
Comoros,COM,2024,75,75,75,70,,62,70,,75
Congo,COG,1980,,,,49,,42,,,42
Congo,COG,1981,,,,49,,42,,,42
Congo,COG,1982,,,,55,,48,,,47
Congo,COG,1983,,,,59,,53,,,50
Congo,COG,1984,,,,52,,59,,,53
Congo,COG,1985,,,,67,,73,,,54
Congo,COG,1986,,,,69,,71,,,71
Congo,COG,1987,,,,69,,71,,,72
Congo,COG,1988,,,,73,,71,,,72
Congo,COG,1989,,,,75,,79,,,79
Congo,COG,1990,,,,75,,80,,,79
Congo,COG,1991,,,,64,,74,,,74
Congo,COG,1992,,,,60,,67,,,67
Congo,COG,1993,,,,55,,60,,,60
Congo,COG,1994,,,,47,,55,,,55
Congo,COG,1995,,,,38,,50,,,50
Congo,COG,1996,,,,42,,47,,,37
Congo,COG,1997,,,,18,,21,,,23
Congo,COG,1998,,,,21,,25,,,26
Congo,COG,1999,,,,23,,29,,,29
Congo,COG,2000,,,,34,,31,,,33
Congo,COG,2001,,,,35,,32,,,31
Congo,COG,2002,,,,37,,41,,,41
Congo,COG,2003,,,,50,,50,,,50
Congo,COG,2004,,,,65,,67,,,67
Congo,COG,2005,,,,54,,62,,,63
Congo,COG,2006,,,,61,,73,,,74
Congo,COG,2007,64,,,59,,71,,,73
Congo,COG,2008,73,,,69,,77,,,80
Congo,COG,2009,75,72,,63,,76,,,80
Congo,COG,2010,74,74,,75,,72,,,76
Congo,COG,2011,70,71,,83,,72,,,83
Congo,COG,2012,62,64,,80,10,68,,,85
Congo,COG,2013,65,66,,80,85,69,,,85
Congo,COG,2014,71,73,,80,85,77,,60,90
Congo,COG,2015,64,65,,80,80,68,,80,80
Congo,COG,2016,57,59,33,67,67,61,,64,71
Congo,COG,2017,57,58,28,70,66,60,,64,69
Congo,COG,2018,66,66,68,75,73,68,,72,75
Congo,COG,2019,79,79,77,73,68,73,62,71,79
Congo,COG,2020,69,69,71,68,71,69,68,60,73
Congo,COG,2021,74,75,74,68,75,74,68,23,77
Congo,COG,2022,78,78,74,65,76,52,65,45,78
Congo,COG,2023,78,78,74,65,76,52,65,45,78
Congo,COG,2024,78,78,74,72,76,76,72,58,78
Cook Islands,COK,1980,,,,,,39,,,40
Cook Islands,COK,1981,,,,,,48,,,46
Cook Islands,COK,1982,,,,,,57,,,51
Cook Islands,COK,1983,,,,68,,47,,,57
Cook Islands,COK,1984,,,,65,,96,,,48
Cook Islands,COK,1985,,,,76,,91,,,78
Cook Islands,COK,1986,,,,70,,82,,,87
Cook Islands,COK,1987,,,,84,,82,,,83
Cook Islands,COK,1988,,,,92,,94,,,94
Cook Islands,COK,1989,,,,99,,89,,,89
Cook Islands,COK,1990,71,,,67,,83,,,93
Cook Islands,COK,1991,85,,,94,,87,,,87
Cook Islands,COK,1992,98,,,87,,87,,,87
Cook Islands,COK,1993,76,,,99,,99,,,99
Cook Islands,COK,1994,79,,,72,,86,,,86
Cook Islands,COK,1995,85,,,96,,93,,,93
Cook Islands,COK,1996,65,,,72,,75,,,75
Cook Islands,COK,1997,99,,,88,,93,,,93
Cook Islands,COK,1998,88,,,97,,93,,,93
Cook Islands,COK,1999,90,,,84,,92,,,92
Cook Islands,COK,2000,98,,,76,,92,,,92
Cook Islands,COK,2001,93,,,83,,90,,,90
Cook Islands,COK,2002,93,,,95,,97,,,97
Cook Islands,COK,2003,93,,,99,,95,,,96
Cook Islands,COK,2004,99,,,99,,99,,,99
Cook Islands,COK,2005,99,,,99,,99,,,99
Cook Islands,COK,2006,99,,,99,,99,99,,99
Cook Islands,COK,2007,99,,,98,,99,98,,99
Cook Islands,COK,2008,99,,,95,,99,95,,99
Cook Islands,COK,2009,82,82,,78,,82,78,,82
Cook Islands,COK,2010,99,99,,99,,99,99,,99
Cook Islands,COK,2011,93,93,,89,,93,89,,93
Cook Islands,COK,2012,98,98,,97,,98,97,,98
Cook Islands,COK,2013,98,98,,97,,98,97,,98
Cook Islands,COK,2014,99,99,,98,,99,98,,99
Cook Islands,COK,2015,99,99,99,99,,99,99,,99
Cook Islands,COK,2016,99,99,99,90,,99,90,,99
Cook Islands,COK,2017,99,99,99,98,,99,98,,99
Cook Islands,COK,2018,99,99,99,99,,99,99,,99
Cook Islands,COK,2019,98,98,98,99,,98,99,,98
Cook Islands,COK,2020,89,89,89,87,,89,87,,89
Cook Islands,COK,2021,81,81,81,74,,81,74,,81
Cook Islands,COK,2022,72,72,72,61,43,81,61,93,72
Cook Islands,COK,2023,86,86,86,84,77,86,84,60,86
Cook Islands,COK,2024,75,75,75,99,52,75,99,85,75
Costa Rica,CRI,1980,,,,60,,86,,,86
Costa Rica,CRI,1981,,,,79,,85,,,85
Costa Rica,CRI,1982,,,,87,,80,,,81
Costa Rica,CRI,1983,,,,84,,86,,,86
Costa Rica,CRI,1984,,,,76,,94,,,93
Costa Rica,CRI,1985,,,,78,,88,,,90
Costa Rica,CRI,1986,,,,90,,87,,,89
Costa Rica,CRI,1987,,,,93,,92,93,,94
Costa Rica,CRI,1988,,,,97,,87,97,,87
Costa Rica,CRI,1989,,,,77,,86,77,,86
Costa Rica,CRI,1990,,,,90,,95,90,,95
Costa Rica,CRI,1991,,,,96,,90,96,,90
Costa Rica,CRI,1992,,,,92,,91,92,,90
Costa Rica,CRI,1993,,,,89,,88,89,,88
Costa Rica,CRI,1994,,,,87,,88,87,,88
Costa Rica,CRI,1995,,,,91,,86,91,,85
Costa Rica,CRI,1996,,,,84,,85,84,,85
Costa Rica,CRI,1997,76,,,99,,97,99,,94
Costa Rica,CRI,1998,86,26,,83,,85,83,,85
Costa Rica,CRI,1999,83,68,,88,,84,88,,86
Costa Rica,CRI,2000,89,92,,82,,80,82,,88
Costa Rica,CRI,2001,80,89,,82,,92,82,,91
Costa Rica,CRI,2002,94,93,,94,,94,94,,94
Costa Rica,CRI,2003,86,88,,89,,88,89,,88
Costa Rica,CRI,2004,89,90,,88,,90,88,,90
Costa Rica,CRI,2005,90,89,,89,,91,89,,91
Costa Rica,CRI,2006,88,88,,90,,89,90,,89
Costa Rica,CRI,2007,89,88,,90,,89,90,,89
Costa Rica,CRI,2008,89,87,,89,,89,89,,90
Costa Rica,CRI,2009,87,87,,81,48,80,81,,86
Costa Rica,CRI,2010,89,90,,83,94,93,83,,88
Costa Rica,CRI,2011,84,81,,83,68,82,83,,85
Costa Rica,CRI,2012,91,90,,90,89,90,90,,91
Costa Rica,CRI,2013,94,95,,91,93,95,91,,95
Costa Rica,CRI,2014,91,91,,95,83,91,95,,91
Costa Rica,CRI,2015,92,92,93,93,94,92,93,,92
Costa Rica,CRI,2016,97,97,96,93,94,97,93,,97
Costa Rica,CRI,2017,97,96,99,96,96,96,96,,96
Costa Rica,CRI,2018,98,94,95,94,96,94,94,,94
Costa Rica,CRI,2019,94,96,96,95,95,96,95,59,95
Costa Rica,CRI,2020,91,97,99,95,94,97,95,97,97
Costa Rica,CRI,2021,87,92,93,89,87,92,89,85,93
Costa Rica,CRI,2022,94,95,95,90,92,95,90,89,95
Costa Rica,CRI,2023,98,99,99,93,99,99,93,94,99
Costa Rica,CRI,2024,99,99,98,93,99,99,93,96,99
Cote d'Ivoire,CIV,1984,,,,31,,11,,,19
Cote d'Ivoire,CIV,1985,,,,31,,16,,,25
Cote d'Ivoire,CIV,1986,,,,31,,22,,,30
Cote d'Ivoire,CIV,1987,,,,30,,27,,,31
Cote d'Ivoire,CIV,1988,,,,31,,32,,,31
Cote d'Ivoire,CIV,1989,,,,41,,42,,,42
Cote d'Ivoire,CIV,1990,,,,56,,56,,,54
Cote d'Ivoire,CIV,1991,,,,57,,51,,,39
Cote d'Ivoire,CIV,1992,,,,54,,49,,,49
Cote d'Ivoire,CIV,1993,,,,52,,51,,,50
Cote d'Ivoire,CIV,1994,,,,55,,49,,,50
Cote d'Ivoire,CIV,1995,,,,57,,46,,,52
Cote d'Ivoire,CIV,1996,,,,65,,54,,,55
Cote d'Ivoire,CIV,1997,,,,68,,59,,,58
Cote d'Ivoire,CIV,1998,,,,66,,59,,,58
Cote d'Ivoire,CIV,1999,,,,57,,58,,,58
Cote d'Ivoire,CIV,2000,,,,68,,66,,,65
Cote d'Ivoire,CIV,2001,10,,,71,,70,,,66
Cote d'Ivoire,CIV,2002,48,,,71,,70,,,65
Cote d'Ivoire,CIV,2003,63,,,70,,68,,,62
Cote d'Ivoire,CIV,2004,67,,,78,,76,,,68
Cote d'Ivoire,CIV,2005,77,,,84,,87,,,77
Cote d'Ivoire,CIV,2006,77,,,73,,76,,,77
Cote d'Ivoire,CIV,2007,76,,,67,,75,,,76
Cote d'Ivoire,CIV,2008,74,,,63,,58,,,74
Cote d'Ivoire,CIV,2009,81,81,,67,,77,,,81
Cote d'Ivoire,CIV,2010,79,79,,64,,75,,,78
Cote d'Ivoire,CIV,2011,62,62,,49,,58,,,61
Cote d'Ivoire,CIV,2012,82,82,,74,,83,,,82
Cote d'Ivoire,CIV,2013,75,75,,70,,74,,,75
Cote d'Ivoire,CIV,2014,73,73,,59,2,71,,,73
Cote d'Ivoire,CIV,2015,79,79,19,67,70,77,,,79
Cote d'Ivoire,CIV,2016,87,87,43,73,80,81,,,87
Cote d'Ivoire,CIV,2017,83,83,1,70,81,82,,34,83
Cote d'Ivoire,CIV,2018,83,83,62,74,83,83,74,55,83
Cote d'Ivoire,CIV,2019,79,79,72,71,78,79,71,64,79
Cote d'Ivoire,CIV,2020,72,72,71,63,71,65,63,69,72
Cote d'Ivoire,CIV,2021,73,73,73,65,64,71,65,62,73
Cote d'Ivoire,CIV,2022,73,73,73,62,68,71,62,69,73
Cote d'Ivoire,CIV,2023,79,79,83,70,79,77,70,77,79
Cote d'Ivoire,CIV,2024,77,77,81,75,75,74,75,75,77
Croatia,HRV,1992,,,,90,,85,90,,83
Croatia,HRV,1993,,,,90,,86,90,,85
Croatia,HRV,1994,,,,90,,87,90,,87
Croatia,HRV,1995,,,,92,,90,92,,90
Croatia,HRV,1996,,,,92,,91,92,,91
Croatia,HRV,1997,,,,91,,92,91,,92
Croatia,HRV,1998,,,,91,,93,91,,93
Croatia,HRV,1999,,,,92,,93,92,,93
Croatia,HRV,2000,,,,93,,94,93,,93
Croatia,HRV,2001,,,,94,,94,94,,94
Croatia,HRV,2002,,79,,95,,95,95,,95
Croatia,HRV,2003,,95,,94,,95,94,,94
Croatia,HRV,2004,,95,,96,,96,96,,96
Croatia,HRV,2005,,96,,96,,96,96,,96
Croatia,HRV,2006,,96,,95,,96,95,,96
Croatia,HRV,2007,94,96,,96,,96,96,,96
Croatia,HRV,2008,97,96,,96,,96,96,,96
Croatia,HRV,2009,97,96,,95,,96,95,,96
Croatia,HRV,2010,97,97,,96,,97,96,,97
Croatia,HRV,2011,96,96,,96,,96,96,,96
Croatia,HRV,2012,96,96,,95,,96,95,,96
Croatia,HRV,2013,96,96,,94,,96,94,,96
Croatia,HRV,2014,95,95,,94,,95,94,,95
Croatia,HRV,2015,94,94,98,93,,94,93,,94
Croatia,HRV,2016,92,93,98,90,,93,90,,93
Croatia,HRV,2017,92,92,98,89,,92,89,,92
Croatia,HRV,2018,93,94,98,93,,94,93,,93
Croatia,HRV,2019,93,94,98,93,,94,93,,94
Croatia,HRV,2020,91,93,98,91,,94,91,,94
Croatia,HRV,2021,90,92,98,89,75,92,89,,92
Croatia,HRV,2022,90,92,98,90,90,92,90,,92
Croatia,HRV,2023,92,91,98,90,90,93,90,,93
Croatia,HRV,2024,91,92,98,90,89,92,90,,92
Cuba,CUB,1980,,,,48,,99,,,67
Cuba,CUB,1981,,,,49,,97,,,68
Cuba,CUB,1982,,,,55,,83,,,99
Cuba,CUB,1983,,,,94,,95,,,99
Cuba,CUB,1984,,,,82,,95,,,86
Cuba,CUB,1985,,,,85,,88,,,91
Cuba,CUB,1986,,,,80,,99,80,,99
Cuba,CUB,1987,,,,99,,86,99,,87
Cuba,CUB,1988,,,,89,,98,89,,98
Cuba,CUB,1989,,,,98,,96,98,,96
Cuba,CUB,1990,,,,94,,94,94,,92
Cuba,CUB,1991,,,,99,,97,99,,99
Cuba,CUB,1992,,,,99,,99,99,,94
Cuba,CUB,1993,84,,,96,,97,96,,99
Cuba,CUB,1994,98,,,99,,96,99,,99
Cuba,CUB,1995,99,,,99,,95,99,,99
Cuba,CUB,1996,99,,,99,,98,99,,90
Cuba,CUB,1997,98,,,96,,97,96,,99
Cuba,CUB,1998,98,,,99,,97,99,,99
Cuba,CUB,1999,99,99,,96,,96,96,,95
Cuba,CUB,2000,98,99,,94,,98,94,,95
Cuba,CUB,2001,98,99,,96,,99,96,,98
Cuba,CUB,2002,98,99,,98,,98,98,,99
Cuba,CUB,2003,99,99,,99,,98,99,,72
Cuba,CUB,2004,99,99,,99,,98,99,,88
Cuba,CUB,2005,95,94,,98,,99,98,,89
Cuba,CUB,2006,89,97,,96,,99,96,,89
Cuba,CUB,2007,93,97,,97,,99,97,,93
Cuba,CUB,2008,95,97,,98,,99,98,,95
Cuba,CUB,2009,96,96,,99,,99,99,,96
Cuba,CUB,2010,96,96,,99,,99,99,,96
Cuba,CUB,2011,96,96,,99,,99,99,,97
Cuba,CUB,2012,96,96,,99,,98,99,,99
Cuba,CUB,2013,96,96,,99,,99,99,,99
Cuba,CUB,2014,97,97,,99,,99,99,,99
Cuba,CUB,2015,99,99,,99,,99,99,,99
Cuba,CUB,2016,99,99,99,99,,98,99,,99
Cuba,CUB,2017,99,99,99,99,,98,99,,99
Cuba,CUB,2018,99,99,99,99,,99,99,,99
Cuba,CUB,2019,99,99,99,99,,99,99,,99
Cuba,CUB,2020,99,99,99,98,,98,98,,99
Cuba,CUB,2021,99,99,99,99,,98,99,,99
Cuba,CUB,2022,99,99,99,99,,98,99,,99
Cuba,CUB,2023,99,99,99,99,,99,99,,99
Cuba,CUB,2024,99,99,99,99,,99,99,,99
Cyprus,CYP,1980,,,,29,,35,29,,34
Cyprus,CYP,1981,,,,28,,44,28,,56
Cyprus,CYP,1982,,,,21,,27,21,,26
Cyprus,CYP,1983,,,,19,,36,19,,34
Cyprus,CYP,1984,,,,25,,31,25,,30
Cyprus,CYP,1985,,,,43,,61,43,,61
Cyprus,CYP,1986,,,,60,,91,60,,91
Cyprus,CYP,1987,,,,91,,93,91,,93
Cyprus,CYP,1988,,,,74,,90,74,,90
Cyprus,CYP,1989,,,,76,,93,76,,93
Cyprus,CYP,1990,,,,77,,94,77,,93
Cyprus,CYP,1991,20,,,78,,94,78,,94
Cyprus,CYP,1992,27,,,80,,95,80,,94
Cyprus,CYP,1993,41,,,81,,95,81,,95
Cyprus,CYP,1994,54,,,82,,96,82,,95
Cyprus,CYP,1995,68,,,83,,96,83,,96
Cyprus,CYP,1996,88,,,90,,98,90,,98
Cyprus,CYP,1997,88,,,90,,98,90,,98
Cyprus,CYP,1998,88,,,89,,98,89,,98
Cyprus,CYP,1999,89,,,87,,97,87,,97
Cyprus,CYP,2000,89,32,,86,,97,86,,97
Cyprus,CYP,2001,89,32,,86,,97,86,,97
Cyprus,CYP,2002,88,32,,86,,98,86,,98
Cyprus,CYP,2003,88,58,,86,,98,86,,98
Cyprus,CYP,2004,88,58,,86,,98,86,,98
Cyprus,CYP,2005,88,58,,86,,98,86,,98
Cyprus,CYP,2006,93,90,,87,,97,87,,97
Cyprus,CYP,2007,93,90,,87,,97,87,,97
Cyprus,CYP,2008,93,90,,87,,97,87,,97
Cyprus,CYP,2009,96,96,,87,,99,87,,99
Cyprus,CYP,2010,96,96,,87,,99,87,,99
Cyprus,CYP,2011,96,96,,87,,99,87,,99
Cyprus,CYP,2012,96,96,,86,,99,86,,99
Cyprus,CYP,2013,96,96,,86,,99,86,,99
Cyprus,CYP,2014,96,96,,86,,99,86,,99
Cyprus,CYP,2015,97,97,99,90,81,97,90,,97
Cyprus,CYP,2016,97,96,99,90,81,97,90,,97
Cyprus,CYP,2017,97,96,99,90,81,97,90,,97
Cyprus,CYP,2018,97,97,99,90,81,97,90,,99
Cyprus,CYP,2019,94,92,99,86,81,96,86,,96
Cyprus,CYP,2020,94,92,99,86,81,96,86,,96
Cyprus,CYP,2021,94,92,99,86,81,96,86,,96
Cyprus,CYP,2022,95,94,99,84,81,96,84,,96
Cyprus,CYP,2023,95,95,99,82,74,95,82,,95
Cyprus,CYP,2024,94,94,99,99,82,94,99,,94
Czechia,CZE,1993,,,,98,,99,98,,99
Czechia,CZE,1994,,,,97,,98,97,,98
Czechia,CZE,1995,,,,96,,98,96,,96
Czechia,CZE,1996,,,,97,,98,97,,97
Czechia,CZE,1997,,,,96,,97,96,,98
Czechia,CZE,1998,,,,95,,97,95,,98
Czechia,CZE,1999,,,,97,,98,97,,98
Czechia,CZE,2000,,,,97,,98,97,,98
Czechia,CZE,2001,,,,97,,97,97,,98
Czechia,CZE,2002,86,95,,98,,97,98,,98
Czechia,CZE,2003,92,97,,97,,97,97,,97
Czechia,CZE,2004,98,98,,97,,96,97,,98
Czechia,CZE,2005,99,97,,97,,96,97,,97
Czechia,CZE,2006,98,97,,97,,98,97,,98
Czechia,CZE,2007,99,99,,98,,99,98,,99
Czechia,CZE,2008,99,99,,97,,99,97,,99
Czechia,CZE,2009,99,99,,98,,99,98,,99
Czechia,CZE,2010,99,99,,98,,99,98,,99
Czechia,CZE,2011,99,99,,98,,99,98,,99
Czechia,CZE,2012,99,99,,98,,99,98,,99
Czechia,CZE,2013,99,99,,99,,99,99,,98
Czechia,CZE,2014,99,99,,99,,99,99,,97
Czechia,CZE,2015,97,97,99,99,,97,99,,97
Czechia,CZE,2016,96,96,99,98,,96,98,,96
Czechia,CZE,2017,94,94,99,97,,94,97,,96
Czechia,CZE,2018,96,96,99,96,,96,96,,97
Czechia,CZE,2019,97,97,99,92,,97,92,,97
Czechia,CZE,2020,96,96,99,94,,96,94,,97
Czechia,CZE,2021,94,94,99,97,,94,97,,94
Czechia,CZE,2022,94,94,99,97,,94,97,,94
Czechia,CZE,2023,90,90,96,87,,90,87,,90
Czechia,CZE,2024,86,86,97,89,,86,89,,86
Democratic Republic of Congo,COD,1980,,,,18,,15,,,
Democratic Republic of Congo,COD,1981,,,,23,,18,,,18
Democratic Republic of Congo,COD,1982,,,,25,,22,,,17
Democratic Republic of Congo,COD,1983,,,,30,,26,,,16
Democratic Republic of Congo,COD,1984,,,,30,,30,,,27
Democratic Republic of Congo,COD,1985,,,,40,,34,,,37
Democratic Republic of Congo,COD,1986,,,,39,,39,,,32
Democratic Republic of Congo,COD,1987,,,,41,,38,,,38
Democratic Republic of Congo,COD,1988,,,,44,,41,,,41
Democratic Republic of Congo,COD,1989,,,,41,,38,,,38
Democratic Republic of Congo,COD,1990,,,,38,,34,,,35
Democratic Republic of Congo,COD,1991,,,,17,,16,,,16
Democratic Republic of Congo,COD,1992,,,,25,,31,,,23
Democratic Republic of Congo,COD,1993,,,,33,,29,,,29
Democratic Republic of Congo,COD,1994,,,,39,,27,,,26
Democratic Republic of Congo,COD,1995,,,,27,,24,,,23
Democratic Republic of Congo,COD,1996,,,,21,,18,,,18
Democratic Republic of Congo,COD,1997,,,,20,,18,,,18
Democratic Republic of Congo,COD,1998,,,,20,,18,,,18
Democratic Republic of Congo,COD,1999,,,,15,,21,,,25
Democratic Republic of Congo,COD,2000,,,,26,,30,,,30
Democratic Republic of Congo,COD,2001,,,,34,,29,,,30
Democratic Republic of Congo,COD,2002,,,,41,,39,,,38
Democratic Republic of Congo,COD,2003,,,,48,,45,,,42
Democratic Republic of Congo,COD,2004,,,,57,,51,,,54
Democratic Republic of Congo,COD,2005,,,,61,,59,,,61
Democratic Republic of Congo,COD,2006,,,,63,,62,,,62
Democratic Republic of Congo,COD,2007,65,,,64,,64,,,65
Democratic Republic of Congo,COD,2008,68,,,64,,67,,,68
Democratic Republic of Congo,COD,2009,71,71,,65,,69,,,71
Democratic Republic of Congo,COD,2010,60,60,,66,,68,,,60
Democratic Republic of Congo,COD,2011,70,70,,66,3,65,,,70
Democratic Republic of Congo,COD,2012,71,71,,69,23,69,,,71
Democratic Republic of Congo,COD,2013,71,71,,68,34,71,,,71
Democratic Republic of Congo,COD,2014,73,73,,69,48,72,,,73
Democratic Republic of Congo,COD,2015,70,70,38,65,64,69,,,70
Democratic Republic of Congo,COD,2016,70,70,54,63,66,66,,,70
Democratic Republic of Congo,COD,2017,71,71,64,65,69,71,,,71
Democratic Republic of Congo,COD,2018,71,71,67,64,70,72,,,71
Democratic Republic of Congo,COD,2019,73,73,76,65,72,74,,4,73
Democratic Republic of Congo,COD,2020,70,70,74,62,69,72,,27,70
Democratic Republic of Congo,COD,2021,65,65,68,55,63,65,,52,65
Democratic Republic of Congo,COD,2022,65,65,68,56,64,66,,59,65
Democratic Republic of Congo,COD,2023,60,60,66,52,59,61,,52,60
Democratic Republic of Congo,COD,2024,65,65,69,55,63,65,,63,65
Denmark,DNK,1980,,,,,,99,,,88
Denmark,DNK,1981,,,,,,98,,,88
Denmark,DNK,1982,,,,,,99,,,87
Denmark,DNK,1983,,,,,,98,,,86
Denmark,DNK,1984,,,,,,96,,,86
Denmark,DNK,1985,,,,,,99,,,90
Denmark,DNK,1986,,,,,,94,,,89
Denmark,DNK,1987,,,,82,,97,82,,88
Denmark,DNK,1988,,,,72,,99,72,,87
Denmark,DNK,1989,,,,80,,98,80,,89
Denmark,DNK,1990,,,,84,,99,84,,90
Denmark,DNK,1991,,,,86,,98,86,,90
Denmark,DNK,1992,,,,85,,98,85,,91
Denmark,DNK,1993,,82,,81,,96,81,,88
Denmark,DNK,1994,,88,,88,,99,88,,89
Denmark,DNK,1995,,78,,88,,97,88,,90
Denmark,DNK,1996,,93,,85,,99,85,,77
Denmark,DNK,1997,,99,,84,,99,84,,92
Denmark,DNK,1998,,97,,91,,99,91,,99
Denmark,DNK,1999,,95,,92,,99,92,,99
Denmark,DNK,2000,,95,,99,,97,99,,97
Denmark,DNK,2001,,95,,94,,97,94,,97
Denmark,DNK,2002,,96,,95,,98,95,,98
Denmark,DNK,2003,,96,,96,,96,96,,96
Denmark,DNK,2004,,95,,96,,95,96,,95
Denmark,DNK,2005,,93,,95,,93,95,,93
Denmark,DNK,2006,,93,,90,,93,90,,93
Denmark,DNK,2007,,87,,89,,87,89,,87
Denmark,DNK,2008,,88,,87,,88,87,,88
Denmark,DNK,2009,,89,,84,86,89,84,,89
Denmark,DNK,2010,,90,,85,88,90,85,,90
Denmark,DNK,2011,,91,,87,90,91,87,,91
Denmark,DNK,2012,,94,,90,93,94,90,,94
Denmark,DNK,2013,,94,,89,94,94,89,,94
Denmark,DNK,2014,,94,,90,93,94,90,,94
Denmark,DNK,2015,,93,96,91,91,93,91,,93
Denmark,DNK,2016,,94,97,94,94,94,94,,94
Denmark,DNK,2017,,98,99,97,97,98,97,,98
Denmark,DNK,2018,,97,97,95,96,97,95,,97
Denmark,DNK,2019,,97,97,96,97,97,96,,97
Denmark,DNK,2020,,97,97,94,96,97,94,,97
Denmark,DNK,2021,,97,98,95,96,97,95,,97
Denmark,DNK,2022,,97,97,95,96,98,95,,97
Denmark,DNK,2023,,97,98,95,97,97,95,,97
Denmark,DNK,2024,,96,97,94,96,96,94,,96
Djibouti,DJI,1982,,,,15,,6,,,6
Djibouti,DJI,1983,,,,18,,14,,,14
Djibouti,DJI,1984,,,,20,,21,,,21
Djibouti,DJI,1985,,,,27,,22,,,22
Djibouti,DJI,1986,,,,19,,24,,,24
Djibouti,DJI,1987,,,,22,,25,,,25
Djibouti,DJI,1988,,,,68,,65,,,65
Djibouti,DJI,1989,,,,75,,77,,,77
Djibouti,DJI,1990,,,,85,,85,,,85
Djibouti,DJI,1991,,,,53,,53,,,53
Djibouti,DJI,1992,,,,41,,41,,,41
Djibouti,DJI,1993,,,,41,,41,,,41
Djibouti,DJI,1994,,,,42,,41,,,41
Djibouti,DJI,1995,,,,41,,41,,,41
Djibouti,DJI,1996,,,,41,,41,,,41
Djibouti,DJI,1997,,,,31,,32,,,32
Djibouti,DJI,1998,,,,21,,23,,,23
Djibouti,DJI,1999,,,,23,,24,,,23
Djibouti,DJI,2000,,,,50,,46,,,46
Djibouti,DJI,2001,,,,49,,49,,,53
Djibouti,DJI,2002,,,,62,,62,,,62
Djibouti,DJI,2003,,,,66,,68,,,68
Djibouti,DJI,2004,,,,60,,64,,,64
Djibouti,DJI,2005,,,,65,,71,,,71
Djibouti,DJI,2006,,,,67,,72,,,72
Djibouti,DJI,2007,25,25,,74,,88,,,88
Djibouti,DJI,2008,88,89,,73,,89,,,89
Djibouti,DJI,2009,89,89,,84,,89,,,89
Djibouti,DJI,2010,88,88,,85,,88,,,88
Djibouti,DJI,2011,87,87,,84,,87,,,87
Djibouti,DJI,2012,81,81,,83,,81,,,81
Djibouti,DJI,2013,82,82,,80,82,82,,,82
Djibouti,DJI,2014,78,78,,71,78,78,,,78
Djibouti,DJI,2015,84,84,,74,82,84,,86,84
Djibouti,DJI,2016,68,68,46,75,68,68,,72,68
Djibouti,DJI,2017,76,76,46,81,76,76,,80,76
Djibouti,DJI,2018,84,84,44,86,84,84,,87,84
Djibouti,DJI,2019,85,85,85,83,85,85,,88,85
Djibouti,DJI,2020,70,70,70,62,70,70,,72,70
Djibouti,DJI,2021,59,59,59,50,59,59,,66,59
Djibouti,DJI,2022,59,59,59,50,59,59,,66,59
Djibouti,DJI,2023,72,72,72,76,72,72,,75,72
Djibouti,DJI,2024,77,77,82,75,76,77,,84,77
Dominica,DMA,1980,,,,,,53,,,63
Dominica,DMA,1981,,,,,,97,,,97
Dominica,DMA,1982,,,,43,,73,,,99
Dominica,DMA,1983,,,,63,,92,,,93
Dominica,DMA,1984,,,,85,,82,,,84
Dominica,DMA,1985,,,,93,,89,,,91
Dominica,DMA,1986,,,,97,,92,,,93
Dominica,DMA,1987,,,,87,,95,,,95
Dominica,DMA,1988,,,,90,,97,,,96
Dominica,DMA,1989,,,,88,,94,88,,92
Dominica,DMA,1990,,,,88,,94,88,,92
Dominica,DMA,1991,,,,98,,94,98,,98
Dominica,DMA,1992,,,,99,,99,99,,99
Dominica,DMA,1993,,,,99,,99,99,,99
Dominica,DMA,1994,,,,99,,99,99,,99
Dominica,DMA,1995,,,,99,,99,99,,99
Dominica,DMA,1996,,,,99,,99,99,,99
Dominica,DMA,1997,,,,99,,97,99,,92
Dominica,DMA,1998,,,,98,,99,98,,99
Dominica,DMA,1999,,,,99,,99,99,,99
Dominica,DMA,2000,,,,99,,99,99,,99
Dominica,DMA,2001,,,,99,,99,99,,99
Dominica,DMA,2002,,,,99,,98,99,,98
Dominica,DMA,2003,,,,99,,99,99,,99
Dominica,DMA,2004,,,,99,,99,99,,99
Dominica,DMA,2005,,,,98,,98,98,,98
Dominica,DMA,2006,7,7,,97,,96,97,,95
Dominica,DMA,2007,93,93,,96,,93,96,,96
Dominica,DMA,2008,96,96,,99,,95,99,,96
Dominica,DMA,2009,99,99,,99,,99,99,,99
Dominica,DMA,2010,98,98,,99,,99,99,,98
Dominica,DMA,2011,98,98,,99,,98,99,,98
Dominica,DMA,2012,97,97,,99,,97,99,,97
Dominica,DMA,2013,97,97,,93,,96,93,,97
Dominica,DMA,2014,97,97,,94,,97,94,,97
Dominica,DMA,2015,98,98,36,96,,98,96,,98
Dominica,DMA,2016,99,99,99,96,,99,96,,99
Dominica,DMA,2017,91,91,98,77,,91,77,,91
Dominica,DMA,2018,94,94,99,84,,94,84,,94
Dominica,DMA,2019,99,99,99,92,,99,92,,99
Dominica,DMA,2020,97,97,99,92,,96,92,,96
Dominica,DMA,2021,92,92,95,88,,92,88,,92
Dominica,DMA,2022,82,82,96,87,,82,87,,82
Dominica,DMA,2023,56,56,99,84,,57,84,,56
Dominica,DMA,2024,90,90,96,80,,90,80,,90
Dominican Republic,DOM,1980,,,,30,,46,,,36
Dominican Republic,DOM,1981,,,,18,,42,,,27
Dominican Republic,DOM,1982,,,,25,,43,,,28
Dominican Republic,DOM,1983,,,,24,,22,,,29
Dominican Republic,DOM,1984,,,,19,,99,,,34
Dominican Republic,DOM,1985,,,,54,,39,,,39
Dominican Republic,DOM,1986,,,,71,,79,,,80
Dominican Republic,DOM,1987,,,,71,,79,,,80
Dominican Republic,DOM,1988,,,,29,,65,,,69
Dominican Republic,DOM,1989,,,,65,,70,,,58
Dominican Republic,DOM,1990,,,,70,,90,,,69
Dominican Republic,DOM,1991,,,,72,,74,,,71
Dominican Republic,DOM,1992,,,,73,,73,,,73
Dominican Republic,DOM,1993,,,,75,,82,,,75
Dominican Republic,DOM,1994,,,,76,,98,,,74
Dominican Republic,DOM,1995,,,,78,,70,,,72
Dominican Republic,DOM,1996,,,,79,,70,,,72
Dominican Republic,DOM,1997,46,,,79,,71,,,73
Dominican Republic,DOM,1998,62,,,80,,68,,,75
Dominican Republic,DOM,1999,76,,,83,,71,,,83
Dominican Republic,DOM,2000,68,,,85,,71,,,78
Dominican Republic,DOM,2001,66,20,,88,,71,,,72
Dominican Republic,DOM,2002,63,43,,86,,74,,,82
Dominican Republic,DOM,2003,79,75,,83,,65,,,79
Dominican Republic,DOM,2004,82,80,,81,,66,81,,79
Dominican Republic,DOM,2005,87,87,,79,,86,79,,87
Dominican Republic,DOM,2006,84,80,,80,,88,80,,89
Dominican Republic,DOM,2007,81,70,,80,,86,80,,85
Dominican Republic,DOM,2008,81,79,,80,,86,80,,82
Dominican Republic,DOM,2009,80,77,,81,,85,81,,82
Dominican Republic,DOM,2010,83,81,,81,,85,81,,88
Dominican Republic,DOM,2011,80,71,,82,,84,82,,84
Dominican Republic,DOM,2012,74,70,,82,,85,82,9,85
Dominican Republic,DOM,2013,80,75,,77,,82,77,69,83
Dominican Republic,DOM,2014,89,87,,82,27,90,82,86,91
Dominican Republic,DOM,2015,81,76,6,84,22,87,84,83,85
Dominican Republic,DOM,2016,80,73,96,79,30,82,79,75,87
Dominican Republic,DOM,2017,81,77,98,80,64,80,80,82,84
Dominican Republic,DOM,2018,84,78,97,85,66,86,85,81,87
Dominican Republic,DOM,2019,87,79,95,90,67,92,90,80,89
Dominican Republic,DOM,2020,81,80,85,76,69,80,76,77,82
Dominican Republic,DOM,2021,83,83,98,82,76,83,82,80,84
Dominican Republic,DOM,2022,87,86,98,85,73,88,85,86,88
Dominican Republic,DOM,2023,90,88,96,88,86,89,88,89,90
Dominican Republic,DOM,2024,86,86,98,89,87,88,89,83,87
East Asia and the Pacific (UNICEF),,1980,,,,0,,5,0,,6
East Asia and the Pacific (UNICEF),,1981,,,,0,,5,0,,7
East Asia and the Pacific (UNICEF),,1982,,,,1,,59,0,,6
East Asia and the Pacific (UNICEF),,1983,,,,53,,58,0,,45
East Asia and the Pacific (UNICEF),,1984,,,,60,,62,0,,56
East Asia and the Pacific (UNICEF),,1985,0,,,67,,69,0,,65
East Asia and the Pacific (UNICEF),,1986,0,,,56,,61,0,,69
East Asia and the Pacific (UNICEF),,1987,0,,,68,,70,0,,69
East Asia and the Pacific (UNICEF),,1988,0,,,82,,84,0,,84
East Asia and the Pacific (UNICEF),,1989,1,,,85,,87,0,,87
East Asia and the Pacific (UNICEF),,1990,1,0,,90,,91,0,,90
East Asia and the Pacific (UNICEF),,1991,1,0,,85,,88,0,,87
East Asia and the Pacific (UNICEF),,1992,6,0,,82,,86,0,,84
East Asia and the Pacific (UNICEF),,1993,10,0,,79,,84,3,,83
East Asia and the Pacific (UNICEF),,1994,10,0,,75,,83,3,,81
East Asia and the Pacific (UNICEF),,1995,15,0,,78,,80,3,,78
East Asia and the Pacific (UNICEF),,1996,18,0,,83,,84,3,,81
East Asia and the Pacific (UNICEF),,1997,18,0,,82,,84,3,,82
East Asia and the Pacific (UNICEF),,1998,20,0,,82,,86,5,,82
East Asia and the Pacific (UNICEF),,1999,21,0,,83,,86,5,,82
East Asia and the Pacific (UNICEF),,2000,52,0,,83,,83,5,,83
East Asia and the Pacific (UNICEF),,2001,57,0,,83,,84,5,,83
East Asia and the Pacific (UNICEF),,2002,60,0,,83,,84,5,,81
East Asia and the Pacific (UNICEF),,2003,68,0,,84,,86,5,,84
East Asia and the Pacific (UNICEF),,2004,73,1,,86,,86,5,,85
East Asia and the Pacific (UNICEF),,2005,77,2,,86,,86,5,,85
East Asia and the Pacific (UNICEF),,2006,85,2,,90,,90,5,0,88
East Asia and the Pacific (UNICEF),,2007,87,2,,89,,90,4,0,89
East Asia and the Pacific (UNICEF),,2008,91,2,,92,0,94,4,0,92
East Asia and the Pacific (UNICEF),,2009,94,2,,93,0,95,5,0,94
East Asia and the Pacific (UNICEF),,2010,94,7,,93,0,94,48,0,94
East Asia and the Pacific (UNICEF),,2011,92,10,,94,0,94,62,0,94
East Asia and the Pacific (UNICEF),,2012,94,16,,94,0,95,69,0,95
East Asia and the Pacific (UNICEF),,2013,93,18,,95,0,95,70,2,93
East Asia and the Pacific (UNICEF),,2014,94,24,,94,3,95,71,0,95
East Asia and the Pacific (UNICEF),,2015,93,33,1,94,3,94,76,0,94
East Asia and the Pacific (UNICEF),,2016,94,32,8,95,5,94,80,0,94
East Asia and the Pacific (UNICEF),,2017,94,32,76,95,7,95,82,0,94
East Asia and the Pacific (UNICEF),,2018,93,32,83,95,9,94,85,0,93
East Asia and the Pacific (UNICEF),,2019,93,35,90,94,11,94,92,0,93
East Asia and the Pacific (UNICEF),,2020,91,37,82,91,13,90,91,2,91
East Asia and the Pacific (UNICEF),,2021,84,36,83,86,11,83,86,4,84
East Asia and the Pacific (UNICEF),,2022,92,44,89,92,16,89,91,5,93
East Asia and the Pacific (UNICEF),,2023,88,42,86,88,23,85,88,8,88
East Asia and the Pacific (UNICEF),,2024,87,42,88,89,30,88,89,22,88
East Timor,TLS,2002,,,,56,,38,,,54
East Timor,TLS,2003,,,,55,,55,,,55
East Timor,TLS,2004,,,,55,,57,,,57
East Timor,TLS,2005,,,,48,,55,,,55
East Timor,TLS,2006,,,,61,,62,,,63
East Timor,TLS,2007,,,,63,,70,,,70
East Timor,TLS,2008,79,,,73,,79,,,79
East Timor,TLS,2009,72,,,70,,78,,,72
East Timor,TLS,2010,72,,,66,,72,,,72
East Timor,TLS,2011,67,,,62,,66,,,67
East Timor,TLS,2012,83,,,73,,83,,,83
East Timor,TLS,2013,82,82,,70,,82,,,82
East Timor,TLS,2014,77,77,,74,,76,,,77
East Timor,TLS,2015,76,76,,70,,75,,,76
East Timor,TLS,2016,79,79,48,73,,79,73,,79
East Timor,TLS,2017,83,83,80,77,,83,77,,83
East Timor,TLS,2018,83,83,81,77,,83,77,,83
East Timor,TLS,2019,83,83,81,75,,83,75,,83
East Timor,TLS,2020,83,83,80,74,,83,74,,83
East Timor,TLS,2021,83,83,80,72,,83,72,76,83
East Timor,TLS,2022,83,83,80,72,,83,72,76,83
East Timor,TLS,2023,83,83,80,72,56,83,72,76,83
East Timor,TLS,2024,83,83,80,72,81,83,72,76,83
Eastern Mediterranean (WHO),WHO_EMR,1980,,,,15,,20,0,,17
Eastern Mediterranean (WHO),WHO_EMR,1981,,,,17,,22,0,,18
Eastern Mediterranean (WHO),WHO_EMR,1982,,,,22,,30,0,,23
Eastern Mediterranean (WHO),WHO_EMR,1983,,,,26,,29,0,,27
Eastern Mediterranean (WHO),WHO_EMR,1984,,,,33,,36,0,,35
Eastern Mediterranean (WHO),WHO_EMR,1985,0,,,46,,46,0,,45
Eastern Mediterranean (WHO),WHO_EMR,1986,0,,,49,,51,0,,49
Eastern Mediterranean (WHO),WHO_EMR,1987,0,,,52,,52,0,,52
Eastern Mediterranean (WHO),WHO_EMR,1988,0,,,62,,61,0,,61
Eastern Mediterranean (WHO),WHO_EMR,1989,0,,,64,,64,0,,64
Eastern Mediterranean (WHO),WHO_EMR,1990,2,0,,66,,70,0,,70
Eastern Mediterranean (WHO),WHO_EMR,1991,3,0,,66,,66,3,,65
Eastern Mediterranean (WHO),WHO_EMR,1992,4,0,,66,,64,3,,63
Eastern Mediterranean (WHO),WHO_EMR,1993,5,0,,66,,62,3,,61
Eastern Mediterranean (WHO),WHO_EMR,1994,22,0,,66,,59,4,,59
Eastern Mediterranean (WHO),WHO_EMR,1995,26,0,,64,,67,9,,67
Eastern Mediterranean (WHO),WHO_EMR,1996,27,0,,67,,65,9,,65
Eastern Mediterranean (WHO),WHO_EMR,1997,31,0,,67,,66,5,,65
Eastern Mediterranean (WHO),WHO_EMR,1998,28,0,,69,,70,5,,67
Eastern Mediterranean (WHO),WHO_EMR,1999,33,1,,70,,72,20,,70
Eastern Mediterranean (WHO),WHO_EMR,2000,36,1,,70,,72,22,,71
Eastern Mediterranean (WHO),WHO_EMR,2001,38,4,,71,,74,25,,73
Eastern Mediterranean (WHO),WHO_EMR,2002,39,8,,71,,73,24,,73
Eastern Mediterranean (WHO),WHO_EMR,2003,61,9,,72,,74,24,,75
Eastern Mediterranean (WHO),WHO_EMR,2004,61,9,,74,,76,34,,77
Eastern Mediterranean (WHO),WHO_EMR,2005,66,11,,73,,76,35,,76
Eastern Mediterranean (WHO),WHO_EMR,2006,68,12,,73,,74,35,0,74
Eastern Mediterranean (WHO),WHO_EMR,2007,72,17,,73,,74,36,0,74
Eastern Mediterranean (WHO),WHO_EMR,2008,72,25,,73,0,74,33,0,74
Eastern Mediterranean (WHO),WHO_EMR,2009,71,46,,74,4,74,34,0,74
Eastern Mediterranean (WHO),WHO_EMR,2010,72,46,,76,4,75,34,0,75
Eastern Mediterranean (WHO),WHO_EMR,2011,76,51,,76,7,78,35,5,78
Eastern Mediterranean (WHO),WHO_EMR,2012,75,53,,76,11,77,35,12,77
Eastern Mediterranean (WHO),WHO_EMR,2013,78,56,,78,36,78,35,18,78
Eastern Mediterranean (WHO),WHO_EMR,2014,79,71,,79,46,80,39,18,79
Eastern Mediterranean (WHO),WHO_EMR,2015,79,79,25,80,51,80,43,20,79
Eastern Mediterranean (WHO),WHO_EMR,2016,81,81,48,81,50,82,44,22,81
Eastern Mediterranean (WHO),WHO_EMR,2017,82,82,46,82,55,82,43,28,82
Eastern Mediterranean (WHO),WHO_EMR,2018,83,83,65,82,55,81,42,47,83
Eastern Mediterranean (WHO),WHO_EMR,2019,84,84,85,82,56,84,41,55,84
Eastern Mediterranean (WHO),WHO_EMR,2020,81,81,82,82,54,82,40,56,81
Eastern Mediterranean (WHO),WHO_EMR,2021,81,81,82,80,53,81,39,56,81
Eastern Mediterranean (WHO),WHO_EMR,2022,84,84,87,82,54,84,68,55,84
Eastern Mediterranean (WHO),WHO_EMR,2023,80,80,82,80,52,80,69,54,80
Eastern Mediterranean (WHO),WHO_EMR,2024,79,79,82,80,53,80,73,54,79
Eastern and Southern Africa (UNICEF),,1980,,,,9,,9,0,,10
Eastern and Southern Africa (UNICEF),,1981,,,,18,,15,0,,18
Eastern and Southern Africa (UNICEF),,1982,,,,21,,17,0,,18
Eastern and Southern Africa (UNICEF),,1983,,,,35,,29,0,,32
Eastern and Southern Africa (UNICEF),,1984,,,,39,,35,0,,38
Eastern and Southern Africa (UNICEF),,1985,0,,,43,,41,0,,41
Eastern and Southern Africa (UNICEF),,1986,0,,,48,,45,0,,44
Eastern and Southern Africa (UNICEF),,1987,0,,,52,,52,0,,51
Eastern and Southern Africa (UNICEF),,1988,0,,,54,,51,0,,52
Eastern and Southern Africa (UNICEF),,1989,0,,,58,,55,0,,56
Eastern and Southern Africa (UNICEF),,1990,0,0,,62,,63,0,,62
Eastern and Southern Africa (UNICEF),,1991,0,0,,58,,58,0,,58
Eastern and Southern Africa (UNICEF),,1992,0,0,,57,,57,0,,56
Eastern and Southern Africa (UNICEF),,1993,0,0,,60,,60,0,,60
Eastern and Southern Africa (UNICEF),,1994,0,0,,65,,65,0,,65
Eastern and Southern Africa (UNICEF),,1995,0,0,,63,,68,0,,66
Eastern and Southern Africa (UNICEF),,1996,1,0,,66,,69,0,,65
Eastern and Southern Africa (UNICEF),,1997,8,0,,65,,71,0,,65
Eastern and Southern Africa (UNICEF),,1998,8,0,,61,,67,0,,63
Eastern and Southern Africa (UNICEF),,1999,8,0,,58,,62,0,,58
Eastern and Southern Africa (UNICEF),,2000,9,6,,58,,61,0,,59
Eastern and Southern Africa (UNICEF),,2001,10,6,,61,,62,0,,62
Eastern and Southern Africa (UNICEF),,2002,42,21,,63,,66,0,,63
Eastern and Southern Africa (UNICEF),,2003,44,22,,64,,67,0,,65
Eastern and Southern Africa (UNICEF),,2004,49,29,,65,,68,0,,66
Eastern and Southern Africa (UNICEF),,2005,53,31,,65,,68,0,,68
Eastern and Southern Africa (UNICEF),,2006,55,32,,68,,70,0,0,70
Eastern and Southern Africa (UNICEF),,2007,68,46,,70,,73,0,0,71
Eastern and Southern Africa (UNICEF),,2008,70,53,,72,0,74,0,0,72
Eastern and Southern Africa (UNICEF),,2009,71,71,,75,1,76,0,1,74
Eastern and Southern Africa (UNICEF),,2010,74,73,,76,7,76,0,5,76
Eastern and Southern Africa (UNICEF),,2011,74,74,,77,18,77,0,5,77
Eastern and Southern Africa (UNICEF),,2012,73,73,,77,29,77,0,8,76
Eastern and Southern Africa (UNICEF),,2013,74,74,,76,51,77,0,21,76
Eastern and Southern Africa (UNICEF),,2014,77,77,,76,67,78,11,48,78
Eastern and Southern Africa (UNICEF),,2015,78,78,9,76,69,79,13,58,78
Eastern and Southern Africa (UNICEF),,2016,78,78,27,74,72,78,15,63,78
Eastern and Southern Africa (UNICEF),,2017,78,78,37,74,74,77,33,64,78
Eastern and Southern Africa (UNICEF),,2018,79,79,59,75,76,78,43,69,79
Eastern and Southern Africa (UNICEF),,2019,79,79,76,76,76,79,43,73,79
Eastern and Southern Africa (UNICEF),,2020,77,77,77,74,74,74,50,72,77
Eastern and Southern Africa (UNICEF),,2021,76,76,75,73,71,73,48,70,76
Eastern and Southern Africa (UNICEF),,2022,76,76,77,74,70,75,48,61,76
Eastern and Southern Africa (UNICEF),,2023,79,79,79,76,73,79,50,67,79
Eastern and Southern Africa (UNICEF),,2024,79,79,79,76,74,78,49,69,79
Ecuador,ECU,1980,,,,24,,19,,,10
Ecuador,ECU,1981,,,,31,,27,,,26
Ecuador,ECU,1982,,,,45,,36,,,35
Ecuador,ECU,1983,,,,34,,32,,,31
Ecuador,ECU,1984,,,,54,,47,,,48
Ecuador,ECU,1985,,,,51,,39,,,41
Ecuador,ECU,1986,,,,50,,44,,,44
Ecuador,ECU,1987,,,,47,,51,,,51
Ecuador,ECU,1988,,,,53,,58,,,54
Ecuador,ECU,1989,,,,57,,64,,,55
Ecuador,ECU,1990,,,,60,,67,,,68
Ecuador,ECU,1991,,,,54,,61,,,59
Ecuador,ECU,1992,,,,69,,86,,,87
Ecuador,ECU,1993,,,,85,,84,,,85
Ecuador,ECU,1994,,,,83,,83,,,84
Ecuador,ECU,1995,,,,81,,82,,,83
Ecuador,ECU,1996,,,,79,,80,,,82
Ecuador,ECU,1997,,,,77,,79,77,,81
Ecuador,ECU,1998,,,,89,,83,89,,85
Ecuador,ECU,1999,,,,99,,83,99,,79
Ecuador,ECU,2000,36,,,99,,83,99,,87
Ecuador,ECU,2001,69,,,99,,90,99,,89
Ecuador,ECU,2002,75,,,99,,88,99,,88
Ecuador,ECU,2003,82,54,,99,,97,99,,87
Ecuador,ECU,2004,88,86,,99,,90,99,,88
Ecuador,ECU,2005,92,90,,93,,89,93,,92
Ecuador,ECU,2006,96,94,,97,,92,97,,96
Ecuador,ECU,2007,94,95,,98,,95,98,,96
Ecuador,ECU,2008,93,95,,98,,94,98,82,96
Ecuador,ECU,2009,91,93,,97,,91,97,97,94
Ecuador,ECU,2010,90,90,,95,17,88,95,94,91
Ecuador,ECU,2011,88,88,,94,71,85,94,90,88
Ecuador,ECU,2012,88,87,,96,94,85,96,87,87
Ecuador,ECU,2013,87,87,,97,90,87,97,83,87
Ecuador,ECU,2014,83,83,,85,86,84,85,81,83
Ecuador,ECU,2015,78,78,3,84,81,84,84,78,78
Ecuador,ECU,2016,83,83,79,86,84,79,86,80,83
Ecuador,ECU,2017,85,85,83,81,84,83,81,84,85
Ecuador,ECU,2018,85,85,86,83,85,85,83,85,85
Ecuador,ECU,2019,85,85,85,83,83,85,83,85,85
Ecuador,ECU,2020,70,70,80,81,76,72,81,75,70
Ecuador,ECU,2021,68,68,71,65,62,62,65,60,72
Ecuador,ECU,2022,70,70,75,74,71,59,74,73,70
Ecuador,ECU,2023,70,70,75,74,71,59,74,73,70
Ecuador,ECU,2024,70,70,75,74,71,59,74,73,70
Egypt,EGY,1980,,,,41,,67,,,57
Egypt,EGY,1981,,,,41,,67,,,57
Egypt,EGY,1982,,,,41,,67,,,57
Egypt,EGY,1983,,,,41,,67,,,57
Egypt,EGY,1984,,,,47,,78,,,69
Egypt,EGY,1985,,,,74,,84,,,84
Egypt,EGY,1986,,,,78,,89,,,80
Egypt,EGY,1987,,,,76,,82,,,81
Egypt,EGY,1988,,,,85,,89,,,87
Egypt,EGY,1989,,,,86,,90,,,90
Egypt,EGY,1990,,,,86,,87,,,87
Egypt,EGY,1991,,,,89,,86,,,76
Egypt,EGY,1992,,,,89,,89,,,79
Egypt,EGY,1993,,,,89,,89,,,81
Egypt,EGY,1994,57,,,89,,91,,,83
Egypt,EGY,1995,74,,,89,,90,,,88
Egypt,EGY,1996,77,,,92,,91,,,90
Egypt,EGY,1997,81,,,92,,94,,,88
Egypt,EGY,1998,88,,,98,,95,,,92
Egypt,EGY,1999,97,,,96,,97,95,,97
Egypt,EGY,2000,98,,,98,,98,97,,98
Egypt,EGY,2001,99,,,97,,99,99,,99
Egypt,EGY,2002,97,,,97,,97,96,,97
Egypt,EGY,2003,98,,,98,,98,97,,98
Egypt,EGY,2004,97,,,97,,97,96,,97
Egypt,EGY,2005,98,,,98,,98,97,,98
Egypt,EGY,2006,98,,,98,,98,97,,98
Egypt,EGY,2007,98,,,97,,98,97,,98
Egypt,EGY,2008,97,,,92,,97,92,,97
Egypt,EGY,2009,97,,,95,,97,95,,97
Egypt,EGY,2010,97,,,96,,97,96,,97
Egypt,EGY,2011,96,,,96,,96,96,,96
Egypt,EGY,2012,93,,,93,,93,93,,93
Egypt,EGY,2013,97,,,96,,97,96,,97
Egypt,EGY,2014,94,94,,93,,94,93,,94
Egypt,EGY,2015,93,93,,92,,93,92,,93
Egypt,EGY,2016,95,95,,95,,95,95,,95
Egypt,EGY,2017,94,94,,94,,94,94,,94
Egypt,EGY,2018,95,95,,94,,95,94,,95
Egypt,EGY,2019,95,95,96,95,,95,95,,95
Egypt,EGY,2020,94,94,95,94,,95,94,,94
Egypt,EGY,2021,96,96,97,96,,96,96,,96
Egypt,EGY,2022,97,97,97,96,,97,96,,97
Egypt,EGY,2023,96,96,98,96,,96,96,,96
Egypt,EGY,2024,97,97,99,97,,97,97,,97
El Salvador,SLV,1980,,,,45,,42,,,44
El Salvador,SLV,1981,,,,44,,38,,,42
El Salvador,SLV,1982,,,,43,,42,,,42
El Salvador,SLV,1983,,,,46,,20,,,21
El Salvador,SLV,1984,,,,41,,30,,,31
El Salvador,SLV,1985,,,,71,,54,,,55
El Salvador,SLV,1986,,,,51,,51,,,50
El Salvador,SLV,1987,,,,48,,57,,,53
El Salvador,SLV,1988,,,,63,,63,,,63
El Salvador,SLV,1989,,,,73,,64,,,64
El Salvador,SLV,1990,,,,98,,80,,,80
El Salvador,SLV,1991,,,,54,,61,,,61
El Salvador,SLV,1992,,,,55,,61,,,60
El Salvador,SLV,1993,,,,86,,79,,,79
El Salvador,SLV,1994,,,,80,,89,,,90
El Salvador,SLV,1995,,,,93,,94,,,99
El Salvador,SLV,1996,,,,94,,94,,,96
El Salvador,SLV,1997,,,,98,,97,98,,97
El Salvador,SLV,1998,,,,99,,99,99,,99
El Salvador,SLV,1999,1,,,94,,92,94,,94
El Salvador,SLV,2000,99,,,97,,98,97,,99
El Salvador,SLV,2001,75,,,95,,94,95,,92
El Salvador,SLV,2002,81,81,,93,,81,93,,81
El Salvador,SLV,2003,94,94,,90,,93,90,,94
El Salvador,SLV,2004,90,90,,93,,90,93,,90
El Salvador,SLV,2005,89,89,,99,,89,99,,89
El Salvador,SLV,2006,96,96,,98,,96,98,25,96
El Salvador,SLV,2007,99,99,,99,,99,99,78,99
El Salvador,SLV,2008,98,98,,95,,98,95,83,98
El Salvador,SLV,2009,91,91,,91,,91,91,62,91
El Salvador,SLV,2010,89,89,,92,66,89,92,90,89
El Salvador,SLV,2011,89,89,,89,95,90,89,90,89
El Salvador,SLV,2012,92,92,,93,94,93,93,93,93
El Salvador,SLV,2013,92,92,,94,92,90,94,92,92
El Salvador,SLV,2014,94,94,,96,88,94,96,97,94
El Salvador,SLV,2015,94,94,,97,99,94,97,96,94
El Salvador,SLV,2016,98,98,99,98,97,98,98,97,98
El Salvador,SLV,2017,92,92,91,89,96,83,89,90,92
El Salvador,SLV,2018,89,89,90,87,87,89,87,89,89
El Salvador,SLV,2019,96,96,96,96,96,97,96,97,96
El Salvador,SLV,2020,89,89,94,84,93,85,84,92,89
El Salvador,SLV,2021,97,97,96,97,92,96,97,96,97
El Salvador,SLV,2022,95,95,95,80,90,93,80,96,95
El Salvador,SLV,2023,96,96,96,99,99,96,99,98,96
El Salvador,SLV,2024,95,95,98,96,96,95,96,97,95
Equatorial Guinea,GNQ,1985,,,,11,,4,,,3
Equatorial Guinea,GNQ,1986,,,,17,,4,,,3
Equatorial Guinea,GNQ,1987,,,,32,,8,,,10
Equatorial Guinea,GNQ,1988,,,,46,,11,,,19
Equatorial Guinea,GNQ,1989,,,,18,,15,,,48
Equatorial Guinea,GNQ,1990,,,,88,,75,,,77
Equatorial Guinea,GNQ,1991,,,,85,,75,,,77
Equatorial Guinea,GNQ,1992,,,,82,,76,,,76
Equatorial Guinea,GNQ,1993,,,,79,,76,,,76
Equatorial Guinea,GNQ,1994,,,,80,,77,,,77
Equatorial Guinea,GNQ,1995,,,,81,,79,,,79
Equatorial Guinea,GNQ,1996,,,,81,,80,,,80
Equatorial Guinea,GNQ,1997,,,,82,,81,,,81
Equatorial Guinea,GNQ,1998,,,,82,,81,,,81
Equatorial Guinea,GNQ,1999,,,,51,,39,,,33
Equatorial Guinea,GNQ,2000,,,,50,,41,,,35
Equatorial Guinea,GNQ,2001,,,,50,,43,,,37
Equatorial Guinea,GNQ,2002,,,,49,,45,,,39
Equatorial Guinea,GNQ,2003,,,,48,,47,,,41
Equatorial Guinea,GNQ,2004,,,,48,,49,,,43
Equatorial Guinea,GNQ,2005,,,,47,,51,,,44
Equatorial Guinea,GNQ,2006,,,,47,,53,,,46
Equatorial Guinea,GNQ,2007,,,,46,,55,,,48
Equatorial Guinea,GNQ,2008,,,,45,,57,,,50
Equatorial Guinea,GNQ,2009,,,,45,,59,,,52
Equatorial Guinea,GNQ,2010,,,,44,,61,,,54
Equatorial Guinea,GNQ,2011,,,,46,,60,,,54
Equatorial Guinea,GNQ,2012,,,,49,,58,,,54
Equatorial Guinea,GNQ,2013,,,,51,,57,,,53
Equatorial Guinea,GNQ,2014,53,53,,53,,55,,,53
Equatorial Guinea,GNQ,2015,40,40,,50,,37,,,40
Equatorial Guinea,GNQ,2016,53,53,12,53,,55,,,53
Equatorial Guinea,GNQ,2017,56,56,56,52,,58,,,56
Equatorial Guinea,GNQ,2018,59,59,59,52,,60,,,59
Equatorial Guinea,GNQ,2019,62,62,61,51,,63,,,62
Equatorial Guinea,GNQ,2020,64,64,64,50,,65,,,64
Equatorial Guinea,GNQ,2021,67,67,67,50,,68,,,67
Equatorial Guinea,GNQ,2022,70,70,76,49,,70,,,70
Equatorial Guinea,GNQ,2023,74,74,74,61,,73,,,74
Equatorial Guinea,GNQ,2024,68,68,68,53,,67,,,68
Eritrea,ERI,1993,,,,34,,32,,,32
Eritrea,ERI,1994,,,,51,,49,,,49
Eritrea,ERI,1995,,,,58,,58,,,58
Eritrea,ERI,1996,,,,66,,66,,,66
Eritrea,ERI,1997,,,,73,,75,,,75
Eritrea,ERI,1998,,,,79,,86,,,86
Eritrea,ERI,1999,,,,88,,93,,,93
Eritrea,ERI,2000,,,,76,,83,,,81
Eritrea,ERI,2001,,,,84,,90,,,86
Eritrea,ERI,2002,86,,,83,,93,,,90
Eritrea,ERI,2003,91,,,92,,95,,,93
Eritrea,ERI,2004,84,,,96,,99,,,98
Eritrea,ERI,2005,96,,,95,,96,,,96
Eritrea,ERI,2006,94,,,94,,94,,,94
Eritrea,ERI,2007,95,,,92,,95,,,95
Eritrea,ERI,2008,95,95,,91,,95,,,95
Eritrea,ERI,2009,95,95,,93,,95,,,95
Eritrea,ERI,2010,95,95,,95,,95,,,95
Eritrea,ERI,2011,94,94,,96,,94,,,94
Eritrea,ERI,2012,94,94,,98,,94,,,94
Eritrea,ERI,2013,94,94,,94,,94,,,94
Eritrea,ERI,2014,94,94,,90,,94,,25,94
Eritrea,ERI,2015,95,95,,97,,95,,96,95
Eritrea,ERI,2016,95,95,,95,95,95,,96,95
Eritrea,ERI,2017,95,95,,93,95,95,,96,95
Eritrea,ERI,2018,95,95,29,93,95,95,93,96,95
Eritrea,ERI,2019,95,95,95,93,95,95,93,96,95
Eritrea,ERI,2020,95,95,97,93,95,95,93,96,95
Eritrea,ERI,2021,95,95,95,93,95,95,93,96,95
Eritrea,ERI,2022,95,95,95,93,95,95,93,96,95
Eritrea,ERI,2023,95,95,95,93,95,95,93,96,95
Eritrea,ERI,2024,95,95,95,93,95,95,93,96,95
Estonia,EST,1993,,,,74,,67,74,,71
Estonia,EST,1994,,,,76,,76,76,,77
Estonia,EST,1995,,,,81,,80,81,,82
Estonia,EST,1996,,,,86,,86,86,,87
Estonia,EST,1997,,,,88,,86,88,,87
Estonia,EST,1998,,,,89,,88,89,,88
Estonia,EST,1999,,,,92,,91,92,,91
Estonia,EST,2000,,,,93,,93,93,,93
Estonia,EST,2001,,,,95,,94,95,,94
Estonia,EST,2002,,,,95,,94,95,,94
Estonia,EST,2003,,,,95,,95,95,,94
Estonia,EST,2004,90,27,,96,,95,96,,94
Estonia,EST,2005,95,37,,96,,96,96,,96
Estonia,EST,2006,95,88,,96,,95,96,,95
Estonia,EST,2007,95,95,,96,,95,96,,95
Estonia,EST,2008,94,95,,95,,95,95,,95
Estonia,EST,2009,95,95,,95,,95,95,,95
Estonia,EST,2010,94,94,,95,,94,95,,94
Estonia,EST,2011,94,93,,94,,93,94,,93
Estonia,EST,2012,94,94,,94,,94,94,,94
Estonia,EST,2013,93,94,,94,,94,94,,94
Estonia,EST,2014,93,93,,93,,93,93,32,93
Estonia,EST,2015,91,93,95,93,,93,93,66,93
Estonia,EST,2016,93,93,95,93,,93,93,87,93
Estonia,EST,2017,92,93,94,93,,93,93,89,93
Estonia,EST,2018,93,92,93,87,,92,87,87,92
Estonia,EST,2019,91,91,93,88,,91,88,83,91
Estonia,EST,2020,90,91,92,91,,91,91,84,91
Estonia,EST,2021,84,89,90,89,,89,89,82,90
Estonia,EST,2022,83,86,87,87,,86,87,80,87
Estonia,EST,2023,82,84,85,85,,84,85,77,84
Estonia,EST,2024,81,81,82,83,,81,83,75,81
Eswatini,SWZ,1981,,,,30,,22,,,30
Eswatini,SWZ,1982,,,,38,,39,,,39
Eswatini,SWZ,1983,,,,46,,43,,,43
Eswatini,SWZ,1984,,,,50,,49,,,50
Eswatini,SWZ,1985,,,,54,,59,,,61
Eswatini,SWZ,1986,,,,74,,72,,,74
Eswatini,SWZ,1987,,,,65,,74,,,86
Eswatini,SWZ,1988,,,,85,,89,,,89
Eswatini,SWZ,1989,,,,85,,89,,,89
Eswatini,SWZ,1990,,,,85,,89,,,89
Eswatini,SWZ,1991,,,,80,,79,,,79
Eswatini,SWZ,1992,,,,85,,93,,,93
Eswatini,SWZ,1993,,,,85,,86,,,89
Eswatini,SWZ,1994,,,,94,,96,,,96
Eswatini,SWZ,1995,,,,94,,81,,,82
Eswatini,SWZ,1996,76,,,82,,81,,,82
Eswatini,SWZ,1997,76,,,92,,86,,,82
Eswatini,SWZ,1998,78,,,92,,86,,,83
Eswatini,SWZ,1999,81,,,92,,86,,,83
Eswatini,SWZ,2000,83,,,92,,87,,,84
Eswatini,SWZ,2001,86,,,93,,87,,,84
Eswatini,SWZ,2002,88,,,93,,87,,,85
Eswatini,SWZ,2003,90,,,93,,87,,,85
Eswatini,SWZ,2004,93,,,93,,88,,,86
Eswatini,SWZ,2005,95,,,93,,88,,,86
Eswatini,SWZ,2006,93,,,93,,88,,,87
Eswatini,SWZ,2007,92,,,94,,88,,,87
Eswatini,SWZ,2008,90,,,94,,89,,,88
Eswatini,SWZ,2009,88,89,,94,,89,,,88
Eswatini,SWZ,2010,89,89,,94,,89,,,89
Eswatini,SWZ,2011,91,91,,87,,85,,,91
Eswatini,SWZ,2012,95,95,,88,,92,,,95
Eswatini,SWZ,2013,98,98,,97,,98,,,98
Eswatini,SWZ,2014,98,98,,97,67,98,,,98
Eswatini,SWZ,2015,90,90,,89,90,84,,36,90
Eswatini,SWZ,2016,90,90,45,89,90,90,,95,90
Eswatini,SWZ,2017,90,90,82,89,87,90,89,86,90
Eswatini,SWZ,2018,90,90,90,85,88,90,85,90,90
Eswatini,SWZ,2019,90,90,89,81,87,89,81,87,90
Eswatini,SWZ,2020,83,83,81,76,83,82,76,63,83
Eswatini,SWZ,2021,77,77,74,80,63,61,80,85,77
Eswatini,SWZ,2022,97,97,98,83,96,97,83,99,97
Eswatini,SWZ,2023,85,85,65,85,66,76,85,50,85
Eswatini,SWZ,2024,84,84,70,85,78,70,85,99,84
Ethiopia,ETH,1980,,,,4,,3,,,
Ethiopia,ETH,1981,,,,3,,3,,,3
Ethiopia,ETH,1982,,,,7,,3,,,3
Ethiopia,ETH,1983,,,,7,,4,,,4
Ethiopia,ETH,1984,,,,8,,4,,,4
Ethiopia,ETH,1985,,,,12,,6,,,6
Ethiopia,ETH,1986,,,,10,,7,,,7
Ethiopia,ETH,1987,,,,13,,16,,,16
Ethiopia,ETH,1988,,,,15,,16,,,16
Ethiopia,ETH,1989,,,,23,,26,,,26
Ethiopia,ETH,1990,,,,38,,49,,,49
Ethiopia,ETH,1991,,,,17,,21,,,21
Ethiopia,ETH,1992,,,,12,,13,,,13
Ethiopia,ETH,1993,,,,22,,28,,,28
Ethiopia,ETH,1994,,,,54,,57,,,57
Ethiopia,ETH,1995,,,,38,,65,,,57
Ethiopia,ETH,1996,,,,54,,73,,,55
Ethiopia,ETH,1997,,,,51,,83,,,55
Ethiopia,ETH,1998,,,,39,,64,,,42
Ethiopia,ETH,1999,,,,27,,46,,,28
Ethiopia,ETH,2000,,,,28,,48,,,30
Ethiopia,ETH,2001,,,,29,,51,,,32
Ethiopia,ETH,2002,,,,32,,53,,,35
Ethiopia,ETH,2003,,,,33,,56,,,37
Ethiopia,ETH,2004,,,,35,,58,,,39
Ethiopia,ETH,2005,,,,40,,61,,,43
Ethiopia,ETH,2006,,,,44,,61,,,46
Ethiopia,ETH,2007,47,47,,49,,63,,,50
Ethiopia,ETH,2008,52,52,,54,,65,,,54
Ethiopia,ETH,2009,56,56,,59,,67,,,58
Ethiopia,ETH,2010,61,61,,64,,68,,,61
Ethiopia,ETH,2011,65,65,,68,12,70,,,65
Ethiopia,ETH,2012,62,62,,62,30,69,,,61
Ethiopia,ETH,2013,59,59,,55,48,68,,,59
Ethiopia,ETH,2014,61,61,,54,55,68,,57,61
Ethiopia,ETH,2015,62,62,,56,58,75,,60,62
Ethiopia,ETH,2016,64,64,,57,61,67,,64,64
Ethiopia,ETH,2017,65,65,48,59,64,67,,67,65
Ethiopia,ETH,2018,62,62,48,54,62,65,,63,62
Ethiopia,ETH,2019,61,61,62,56,63,64,,63,61
Ethiopia,ETH,2020,62,62,62,57,65,64,,62,62
Ethiopia,ETH,2021,63,63,62,60,63,63,,63,63
Ethiopia,ETH,2022,63,63,63,62,63,59,,63,63
Ethiopia,ETH,2023,70,70,70,68,70,69,,68,70
Ethiopia,ETH,2024,73,73,73,72,73,73,,73,73
Europe,OWID_EUR,1980,,,,18.788427,,36.01004,5.3849034,,26.877947
Europe,OWID_EUR,1981,,,,22.892265,,38.0005,6.7844343,,35.907818
Europe,OWID_EUR,1982,,,,24.36844,,39.198833,9.089812,,37.516827
Europe,OWID_EUR,1983,,,,29.89506,,45.72699,11.549528,,38.283497
Europe,OWID_EUR,1984,,,,32.852165,,49.13729,14.430931,,42.709396
Europe,OWID_EUR,1985,,,,35.113594,,51.136093,17.63544,,43.012753
Europe,OWID_EUR,1986,,,,37.919262,,52.811993,19.404324,,45.895065
Europe,OWID_EUR,1987,,,,40.15254,,50.832256,20.43961,,44.483658
Europe,OWID_EUR,1988,,,,40.489323,,50.547077,27.154947,,44.292477
Europe,OWID_EUR,1989,,,,42.654606,,50.796394,29.788715,,45.82926
Europe,OWID_EUR,1990,,,,47.64567,,54.449226,34.398846,,52.011955
Europe,OWID_EUR,1991,5.7786894,6.6301556,,49.12358,,55.24093,43.282654,,54.914513
Europe,OWID_EUR,1992,6.603186,9.307627,,79.8209,,83.29884,47.112717,,83.80669
Europe,OWID_EUR,1993,8.666495,19.051197,,84.20063,,89.71993,53.052418,,85.174706
Europe,OWID_EUR,1994,11.816314,20.111015,,84.47416,,89.23385,56.41326,,90.22687
Europe,OWID_EUR,1995,14.590416,21.004965,,86.08088,,91.31405,58.63628,,89.27698
Europe,OWID_EUR,1996,25.689693,22.569553,,87.3319,,93.58396,61.04766,,91.217
Europe,OWID_EUR,1997,30.49131,26.258461,,88.42396,,94.148766,61.789867,,92.25377
Europe,OWID_EUR,1998,36.008797,41.553516,,88.1178,,94.236725,61.84909,,92.7365
Europe,OWID_EUR,1999,36.593487,46.029545,,89.915085,,95.06233,63.256126,,94.70049
Europe,OWID_EUR,2000,39.311478,51.41301,,90.37543,,95.05624,80.52236,,93.65355
Europe,OWID_EUR,2001,48.30869,53.439327,,90.93833,,95.339584,87.27627,,94.59116
Europe,OWID_EUR,2002,59.161324,56.654778,,91.739044,,95.529564,91.739044,,94.93218
Europe,OWID_EUR,2003,63.123997,57.135868,,91.987236,,94.860306,91.987236,,94.71546
Europe,OWID_EUR,2004,68.35292,58.23137,,92.324974,,96.036736,92.324974,,95.446014
Europe,OWID_EUR,2005,69.322685,59.137558,,92.711266,,95.53678,92.711266,,95.54562
Europe,OWID_EUR,2006,70.29118,61.473198,,93.54976,,96.153046,93.54976,,96.13989
Europe,OWID_EUR,2007,70.63285,66.74336,,94.07164,,95.93999,94.07164,,96.100464
Europe,OWID_EUR,2008,70.934525,69.1603,,93.911514,12.046171,95.535805,93.911514,0.4755719,95.68077
Europe,OWID_EUR,2009,70.49528,68.63881,,92.57653,18.014893,94.39134,92.57653,0.65873146,94.38012
Europe,OWID_EUR,2010,71.087364,68.18712,,91.657814,37.452007,93.490425,91.657814,1.3395003,93.24351
Europe,OWID_EUR,2011,71.43566,69.76773,,92.44026,40.54894,93.132965,92.44026,1.3624262,93.10296
Europe,OWID_EUR,2012,73.293076,72.93313,,93.643196,42.969543,94.52276,93.643196,2.887226,94.882996
Europe,OWID_EUR,2013,74.44184,70.59469,,93.64696,43.004795,93.37025,93.64696,3.0921502,93.65562
Europe,OWID_EUR,2014,74.099464,67.114586,,91.95558,43.49118,91.73986,91.95558,9.115588,90.48741
Europe,OWID_EUR,2015,74.61432,66.99928,92.7991,91.77655,44.44848,92.09392,91.77655,18.31464,90.71346
Europe,OWID_EUR,2016,75.361145,67.08223,94.77529,90.947426,53.87232,92.14857,90.947426,18.84547,90.33941
Europe,OWID_EUR,2017,77.85678,66.57732,93.17547,93.93374,67.55204,91.29976,93.93374,20.746357,91.93416
Europe,OWID_EUR,2018,78.66987,69.53731,96.11009,94.367294,74.5308,92.57667,94.367294,22.426502,93.081474
Europe,OWID_EUR,2019,89.33228,71.96532,95.748955,94.50324,79.23397,93.0277,94.50324,23.242523,93.72514
Europe,OWID_EUR,2020,89.34545,72.88325,95.66647,93.39696,79.85294,93.09497,93.39696,27.707989,93.43497
Europe,OWID_EUR,2021,89.08935,73.783966,95.672874,93.608864,80.74724,92.698975,93.608864,28.696434,93.228325
Europe,OWID_EUR,2022,88.14549,90.47622,94.853874,92.62937,80.75414,91.9435,92.62937,33.651077,92.673325
Europe,OWID_EUR,2023,88.64505,92.08526,95.10805,93.03078,81.542,92.46777,93.03078,37.33277,92.87597
Europe (WHO),WHO_EUR,1980,,,,55,,73,4,,63
Europe (WHO),WHO_EUR,1981,,,,64,,78,5,,75
Europe (WHO),WHO_EUR,1982,,,,67,,76,7,,75
Europe (WHO),WHO_EUR,1983,,,,72,,81,10,,75
Europe (WHO),WHO_EUR,1984,,,,75,,84,12,,79
Europe (WHO),WHO_EUR,1985,0,,,76,,90,15,,78
Europe (WHO),WHO_EUR,1986,0,,,72,,82,16,,76
Europe (WHO),WHO_EUR,1987,0,,,75,,84,17,,78
Europe (WHO),WHO_EUR,1988,0,,,78,,83,22,,77
Europe (WHO),WHO_EUR,1989,0,,,79,,82,25,,76
Europe (WHO),WHO_EUR,1990,0,0,,83,,84,29,,80
Europe (WHO),WHO_EUR,1991,5,5,,82,,82,35,,84
Europe (WHO),WHO_EUR,1992,6,7,,81,,85,37,,85
Europe (WHO),WHO_EUR,1993,7,14,,83,,85,39,,81
Europe (WHO),WHO_EUR,1994,9,15,,83,,88,41,,88
Europe (WHO),WHO_EUR,1995,11,16,,84,,88,43,,86
Europe (WHO),WHO_EUR,1996,20,17,,86,,91,45,,89
Europe (WHO),WHO_EUR,1997,23,20,,88,,92,46,,91
Europe (WHO),WHO_EUR,1998,28,31,,88,,93,45,,92
Europe (WHO),WHO_EUR,1999,30,34,,89,,93,47,,93
Europe (WHO),WHO_EUR,2000,43,38,,91,,94,60,,93
Europe (WHO),WHO_EUR,2001,50,40,,92,,95,66,,94
Europe (WHO),WHO_EUR,2002,63,42,,91,,93,70,,93
Europe (WHO),WHO_EUR,2003,68,42,,91,,92,71,,92
Europe (WHO),WHO_EUR,2004,73,43,,92,,95,74,,94
Europe (WHO),WHO_EUR,2005,75,44,,93,,95,74,,95
Europe (WHO),WHO_EUR,2006,75,45,,94,,95,92,0,95
Europe (WHO),WHO_EUR,2007,78,57,,95,,96,93,0,96
Europe (WHO),WHO_EUR,2008,77,64,,95,8,96,93,0,96
Europe (WHO),WHO_EUR,2009,78,71,,94,23,95,94,0,95
Europe (WHO),WHO_EUR,2010,78,73,,93,37,95,93,1,94
Europe (WHO),WHO_EUR,2011,79,75,,94,41,94,94,1,94
Europe (WHO),WHO_EUR,2012,80,79,,95,43,95,95,3,96
Europe (WHO),WHO_EUR,2013,81,78,,95,44,95,95,4,95
Europe (WHO),WHO_EUR,2014,81,76,,94,46,93,94,12,92
Europe (WHO),WHO_EUR,2015,82,76,68,94,48,94,94,23,93
Europe (WHO),WHO_EUR,2016,82,76,73,93,56,93,93,22,92
Europe (WHO),WHO_EUR,2017,84,77,71,95,72,93,95,25,93
Europe (WHO),WHO_EUR,2018,85,79,88,95,77,94,95,26,94
Europe (WHO),WHO_EUR,2019,92,81,96,95,81,95,95,24,95
Europe (WHO),WHO_EUR,2020,91,80,94,94,80,94,94,33,94
Europe (WHO),WHO_EUR,2021,91,81,95,95,83,94,95,31,94
Europe (WHO),WHO_EUR,2022,91,93,96,94,84,94,94,36,94
Europe (WHO),WHO_EUR,2023,91,94,96,94,85,94,94,41,94
Europe (WHO),WHO_EUR,2024,91,93,95,94,86,93,94,42,93
Fiji,FJI,1980,,,,32,,55,,,68
Fiji,FJI,1981,,,,40,,62,,,70
Fiji,FJI,1982,,,,2,,65,,,64
Fiji,FJI,1983,,,,25,,81,,,80
Fiji,FJI,1984,,,,22,,72,,,77
Fiji,FJI,1985,,,,57,,68,,,69
Fiji,FJI,1986,,,,61,,73,,,71
Fiji,FJI,1987,,,,64,,92,,,90
Fiji,FJI,1988,,,,69,,99,,,98
Fiji,FJI,1989,,,,65,,99,,,98
Fiji,FJI,1990,,,,84,,96,,,97
Fiji,FJI,1991,,,,93,,99,,,99
Fiji,FJI,1992,,,,91,,98,,,97
Fiji,FJI,1993,88,,,96,,96,,,96
Fiji,FJI,1994,60,,,96,,96,,,96
Fiji,FJI,1995,82,,,94,,99,94,,97
Fiji,FJI,1996,90,,,94,,99,94,,97
Fiji,FJI,1997,98,98,,75,,88,75,,86
Fiji,FJI,1998,98,98,,77,,89,77,,87
Fiji,FJI,1999,98,98,,79,,90,79,,89
Fiji,FJI,2000,98,98,,81,,91,81,,90
Fiji,FJI,2001,98,98,,83,,92,83,,91
Fiji,FJI,2002,99,99,,85,,94,85,,93
Fiji,FJI,2003,99,99,,86,,95,86,,94
Fiji,FJI,2004,99,99,,88,,96,88,,95
Fiji,FJI,2005,99,99,,90,,97,90,,96
Fiji,FJI,2006,99,99,,92,,98,92,,98
Fiji,FJI,2007,99,99,,94,,99,94,,99
Fiji,FJI,2008,98,99,,95,,98,95,,99
Fiji,FJI,2009,99,99,,95,,99,95,,99
Fiji,FJI,2010,98,99,,96,,98,96,,99
Fiji,FJI,2011,99,99,,96,,99,96,,99
Fiji,FJI,2012,99,99,,98,,99,98,,99
Fiji,FJI,2013,99,99,,94,87,99,94,85,99
Fiji,FJI,2014,99,99,,99,99,99,99,99,99
Fiji,FJI,2015,99,99,,98,99,99,98,99,99
Fiji,FJI,2016,95,95,95,97,93,89,97,91,95
Fiji,FJI,2017,91,91,91,99,90,91,99,87,91
Fiji,FJI,2018,94,94,94,95,94,94,95,92,94
Fiji,FJI,2019,97,97,97,94,96,97,94,96,97
Fiji,FJI,2020,99,99,99,92,97,98,92,96,97
Fiji,FJI,2021,98,99,99,98,97,97,98,97,98
Fiji,FJI,2022,98,97,99,99,96,97,99,97,96
Fiji,FJI,2023,97,97,99,98,96,97,98,96,97
Fiji,FJI,2024,93,94,94,91,92,93,91,94,94
Finland,FIN,1980,,,,,,90,,,92
Finland,FIN,1981,,,,70,,90,70,,92
Finland,FIN,1982,,,,75,,78,75,,94
Finland,FIN,1983,,,,81,,78,81,,94
Finland,FIN,1984,,,,83,,84,83,,95
Finland,FIN,1985,,,,85,,89,85,,96
Finland,FIN,1986,,,,87,,95,87,,97
Finland,FIN,1987,,,,92,,97,92,,98
Finland,FIN,1988,,,,98,,99,98,,99
Finland,FIN,1989,,,,95,,90,95,,90
Finland,FIN,1990,,,,97,,90,97,,90
Finland,FIN,1991,,,,97,,97,97,,95
Finland,FIN,1992,,97,,99,,99,99,,99
Finland,FIN,1993,,97,,99,,99,99,,99
Finland,FIN,1994,,93,,99,,98,99,,99
Finland,FIN,1995,,94,,98,,99,98,,99
Finland,FIN,1996,,96,,98,,99,98,,99
Finland,FIN,1997,,96,,96,,95,96,,99
Finland,FIN,1998,,96,,96,,95,96,,99
Finland,FIN,1999,,96,,96,,95,96,,99
Finland,FIN,2000,,96,,96,,96,96,,99
Finland,FIN,2001,,96,,96,,95,96,,98
Finland,FIN,2002,,96,,96,,95,96,,98
Finland,FIN,2003,,96,,97,,96,97,,98
Finland,FIN,2004,,96,,97,,96,97,,98
Finland,FIN,2005,,98,,97,,97,97,,97
Finland,FIN,2006,,98,,97,,97,97,,97
Finland,FIN,2007,,97,,98,,97,98,,99
Finland,FIN,2008,,98,,97,,97,97,,99
Finland,FIN,2009,,98,,98,,99,98,,99
Finland,FIN,2010,,99,,98,92,99,98,93,99
Finland,FIN,2011,,99,,97,92,99,97,93,99
Finland,FIN,2012,,99,,97,92,99,97,93,99
Finland,FIN,2013,,98,,97,92,98,97,93,98
Finland,FIN,2014,,98,,96,92,98,96,92,98
Finland,FIN,2015,,97,99,95,92,97,95,91,97
Finland,FIN,2016,,92,99,95,87,92,95,84,92
Finland,FIN,2017,,89,99,94,85,89,94,80,89
Finland,FIN,2018,,91,99,96,88,91,96,82,91
Finland,FIN,2019,,91,98,96,89,91,96,83,91
Finland,FIN,2020,,89,98,95,86,90,95,82,89
Finland,FIN,2021,,89,98,93,82,89,93,80,89
Finland,FIN,2022,,91,97,94,87,91,94,85,91
Finland,FIN,2023,,91,97,94,87,91,94,85,91
Finland,FIN,2024,,91,97,94,87,91,94,85,91
France,FRA,1980,,,,,,80,,,79
France,FRA,1981,,,,,,80,,,79
France,FRA,1982,,,,,,86,,,85
France,FRA,1983,,,,15,,92,15,,90
France,FRA,1984,,,,26,,97,26,,94
France,FRA,1985,,,,35,,97,35,,95
France,FRA,1986,,,,39,,97,39,,96
France,FRA,1987,,,,45,,89,45,,88
France,FRA,1988,,,,51,,81,51,,79
France,FRA,1989,,,,58,,84,58,,95
France,FRA,1990,,,,71,,95,71,,94
France,FRA,1991,,,,74,,95,74,,94
France,FRA,1992,,,,76,,95,76,,94
France,FRA,1993,,,,78,,95,78,,94
France,FRA,1994,,,,80,,97,80,,96
France,FRA,1995,,,,83,,97,83,,96
France,FRA,1996,,,,84,,97,84,,97
France,FRA,1997,,,,83,,97,83,,97
France,FRA,1998,27,79,,82,,97,82,,96
France,FRA,1999,24,85,,83,,98,83,,97
France,FRA,2000,26,86,,84,,98,84,,97
France,FRA,2001,28,86,,85,,98,85,,97
France,FRA,2002,29,87,,86,,97,86,,97
France,FRA,2003,28,87,,87,,96,87,,97
France,FRA,2004,35,97,,88,,99,88,,98
France,FRA,2005,35,97,,87,,98,87,,98
France,FRA,2006,39,97,,89,,99,89,,99
France,FRA,2007,42,97,,90,,99,90,,99
France,FRA,2008,47,97,,89,,99,89,,99
France,FRA,2009,51,97,,89,,98,89,,98
France,FRA,2010,64,97,,89,89,99,89,,99
France,FRA,2011,74,98,,89,89,99,89,,99
France,FRA,2012,78,98,,91,89,99,91,,99
France,FRA,2013,82,88,,90,89,88,90,,88
France,FRA,2014,83,92,,91,89,92,91,,92
France,FRA,2015,88,96,99,91,91,96,91,,96
France,FRA,2016,90,95,99,90,92,95,90,,95
France,FRA,2017,91,95,99,90,92,95,90,,95
France,FRA,2018,90,95,99,91,92,95,91,,95
France,FRA,2019,92,95,99,92,93,95,92,,95
France,FRA,2020,95,96,99,94,95,96,94,,96
France,FRA,2021,96,96,99,94,95,96,94,,96
France,FRA,2022,96,96,99,95,96,96,95,,96
France,FRA,2023,96,96,99,95,96,96,95,,96
France,FRA,2024,96,96,99,95,96,96,95,,96
Gabon,GAB,1983,,,,,,,,,14
Gabon,GAB,1984,,,,,,,,,31
Gabon,GAB,1985,,,,58,,48,,,48
Gabon,GAB,1986,,,,66,,59,,,59
Gabon,GAB,1987,,,,67,,65,,,65
Gabon,GAB,1988,,,,68,,72,,,72
Gabon,GAB,1989,,,,76,,78,,,78
Gabon,GAB,1990,,,,76,,78,,,78
Gabon,GAB,1991,,,,71,,72,,,72
Gabon,GAB,1992,,,,66,,66,,,66
Gabon,GAB,1993,,,,63,,67,,,67
Gabon,GAB,1994,,,,60,,69,,,69
Gabon,GAB,1995,,,,57,,70,,,70
Gabon,GAB,1996,,,,57,,60,,,62
Gabon,GAB,1997,,,,56,,50,,,54
Gabon,GAB,1998,,,,56,,47,,,50
Gabon,GAB,1999,,,,55,,44,,,45
Gabon,GAB,2000,,,,55,,44,,,45
Gabon,GAB,2001,,,,55,,44,,,45
Gabon,GAB,2002,,,,55,,44,,,45
Gabon,GAB,2003,,,,55,,44,,,45
Gabon,GAB,2004,,,,55,,44,,,45
Gabon,GAB,2005,28,,,55,,44,,,45
Gabon,GAB,2006,52,,,55,,44,,,45
Gabon,GAB,2007,75,,,62,,78,,,81
Gabon,GAB,2008,82,,,67,,81,,,82
Gabon,GAB,2009,79,,,63,,74,,,76
Gabon,GAB,2010,67,67,,62,,68,,,67
Gabon,GAB,2011,75,75,,72,,75,,,75
Gabon,GAB,2012,82,82,,71,,80,,,82
Gabon,GAB,2013,79,79,,70,,77,,,79
Gabon,GAB,2014,70,70,,61,,68,,,70
Gabon,GAB,2015,80,80,,68,,79,,,80
Gabon,GAB,2016,75,75,74,64,,74,,,75
Gabon,GAB,2017,75,75,75,63,,74,,,75
Gabon,GAB,2018,70,70,70,59,,64,,,70
Gabon,GAB,2019,70,70,70,62,,70,,,70
Gabon,GAB,2020,63,63,63,53,,62,,,63
Gabon,GAB,2021,75,75,74,64,,69,,,75
Gabon,GAB,2022,60,60,60,52,,59,,,60
Gabon,GAB,2023,70,70,64,66,,69,,,70
Gabon,GAB,2024,61,61,61,57,,60,,,61
Gambia,GMB,1980,,,,69,,53,,,63
Gambia,GMB,1981,,,,70,,66,,,76
Gambia,GMB,1982,,,,71,,76,,,80
Gambia,GMB,1983,,,,70,,70,,,62
Gambia,GMB,1984,,,,79,,78,,,70
Gambia,GMB,1985,,,,75,,62,,,78
Gambia,GMB,1986,,,,62,,67,,,73
Gambia,GMB,1987,,,,88,,80,,,85
Gambia,GMB,1988,,,,80,,88,,,82
Gambia,GMB,1989,,,,85,,92,,,87
Gambia,GMB,1990,,,,86,,94,,,92
Gambia,GMB,1991,78,,,87,,94,,,85
Gambia,GMB,1992,,,,83,,94,,,85
Gambia,GMB,1993,56,,,87,,96,,,90
Gambia,GMB,1994,57,,,89,,97,,,93
Gambia,GMB,1995,87,,,91,,98,,,96
Gambia,GMB,1996,88,,,94,,97,,,96
Gambia,GMB,1997,94,,,91,,99,,,96
Gambia,GMB,1998,92,97,,90,,91,,,97
Gambia,GMB,1999,93,94,,90,,82,,,75
Gambia,GMB,2000,91,90,,89,,83,,,80
Gambia,GMB,2001,91,87,,89,,84,,,87
Gambia,GMB,2002,92,89,,90,,86,,,87
Gambia,GMB,2003,94,91,,90,,87,,,87
Gambia,GMB,2004,95,93,,92,,88,,,87
Gambia,GMB,2005,95,95,,91,,94,,,95
Gambia,GMB,2006,95,95,,89,,94,,,95
Gambia,GMB,2007,97,94,,88,,94,,,95
Gambia,GMB,2008,98,97,,92,,96,,,96
Gambia,GMB,2009,97,99,,96,,97,,,98
Gambia,GMB,2010,97,97,,92,99,97,,,97
Gambia,GMB,2011,96,96,,91,95,95,,,96
Gambia,GMB,2012,98,98,,95,98,98,,,98
Gambia,GMB,2013,97,97,,96,96,96,,7,97
Gambia,GMB,2014,96,96,,96,96,97,,92,96
Gambia,GMB,2015,97,97,71,97,97,96,,97,97
Gambia,GMB,2016,95,95,95,97,95,95,,95,95
Gambia,GMB,2017,92,92,20,90,90,92,90,93,92
Gambia,GMB,2018,93,93,61,91,93,93,91,93,93
Gambia,GMB,2019,88,88,88,85,87,88,85,90,88
Gambia,GMB,2020,85,85,88,82,83,89,82,85,85
Gambia,GMB,2021,82,82,82,79,78,89,79,79,82
Gambia,GMB,2022,79,79,78,74,75,69,74,82,79
Gambia,GMB,2023,84,84,84,80,80,86,80,83,84
Gambia,GMB,2024,80,80,80,83,80,80,83,80,80
Georgia,GEO,1992,,,,16,,68,,,58
Georgia,GEO,1993,,,,61,,82,,,54
Georgia,GEO,1994,,,,63,,82,,,58
Georgia,GEO,1995,,,,61,,82,,,79
Georgia,GEO,1996,,,,65,,82,,,80
Georgia,GEO,1997,,,,69,,81,,,80
Georgia,GEO,1998,,,,73,,80,,,80
Georgia,GEO,1999,,,,76,,82,,,84
Georgia,GEO,2000,55,,,73,,81,,,80
Georgia,GEO,2001,61,,,74,,83,,,87
Georgia,GEO,2002,51,,,75,,89,,,84
Georgia,GEO,2003,48,,,76,,74,,,75
Georgia,GEO,2004,64,,,86,,66,86,,78
Georgia,GEO,2005,79,,,90,,82,90,,82
Georgia,GEO,2006,84,,,96,,89,96,,88
Georgia,GEO,2007,94,,,97,,88,97,,98
Georgia,GEO,2008,89,,,97,,90,97,,92
Georgia,GEO,2009,54,,,83,,93,83,,88
Georgia,GEO,2010,95,67,,94,,88,94,,92
Georgia,GEO,2011,89,94,,91,,88,91,,94
Georgia,GEO,2012,92,92,,93,,93,93,,92
Georgia,GEO,2013,96,96,,97,,94,97,41,93
Georgia,GEO,2014,91,91,,92,,91,92,69,91
Georgia,GEO,2015,94,87,10,96,16,91,96,72,94
Georgia,GEO,2016,92,92,97,93,75,92,93,75,92
Georgia,GEO,2017,91,91,98,95,80,91,95,76,91
Georgia,GEO,2018,93,93,99,98,81,93,98,79,93
Georgia,GEO,2019,94,94,99,99,84,94,99,81,94
Georgia,GEO,2020,88,88,95,91,82,88,91,75,88
Georgia,GEO,2021,85,85,97,90,82,85,90,76,85
Georgia,GEO,2022,85,85,95,90,79,85,90,72,85
Georgia,GEO,2023,93,88,96,95,86,88,95,74,88
Georgia,GEO,2024,90,86,95,90,82,86,90,74,86
Germany,DEU,1980,,,,25,,80,,,
Germany,DEU,1981,,,,50,,95,,,95
Germany,DEU,1982,,,,50,,95,,,97
Germany,DEU,1983,,,,47,,94,,,93
Germany,DEU,1984,,,,48,,90,,,94
Germany,DEU,1985,,,,50,,85,,,80
Germany,DEU,1986,,,,70,,90,,,90
Germany,DEU,1987,,,,75,,80,,,80
Germany,DEU,1988,,,,75,,80,,,80
Germany,DEU,1989,,,,75,,80,,,80
Germany,DEU,1990,,,,75,,80,,,80
Germany,DEU,1991,,60,,75,,80,75,,80
Germany,DEU,1992,,74,,75,,80,75,,85
Germany,DEU,1993,15,80,,89,,95,89,,62
Germany,DEU,1994,32,82,,90,,95,90,,73
Germany,DEU,1995,45,85,,92,,95,92,,78
Germany,DEU,1996,57,88,,91,,95,91,,84
Germany,DEU,1997,71,88,,91,,95,91,,87
Germany,DEU,1998,81,90,,92,,94,92,,89
Germany,DEU,1999,81,92,,92,,94,92,,97
Germany,DEU,2000,84,94,,92,,94,92,,90
Germany,DEU,2001,86,94,,94,,96,94,,93
Germany,DEU,2002,87,94,,94,,97,94,,93
Germany,DEU,2003,90,93,,95,,96,95,,97
Germany,DEU,2004,88,94,,96,,96,96,,96
Germany,DEU,2005,90,94,,96,,95,96,,96
Germany,DEU,2006,87,93,,96,,94,96,,96
Germany,DEU,2007,86,94,,97,,95,97,,96
Germany,DEU,2008,87,94,,97,68,95,97,,96
Germany,DEU,2009,88,94,,97,84,95,97,,96
Germany,DEU,2010,88,93,,97,85,94,97,,96
Germany,DEU,2011,87,93,,97,86,94,97,,95
Germany,DEU,2012,87,93,,97,84,94,97,,95
Germany,DEU,2013,87,92,,97,84,93,97,,93
Germany,DEU,2014,87,91,,97,82,93,97,67,93
Germany,DEU,2015,87,91,98,97,83,92,97,67,93
Germany,DEU,2016,88,90,98,97,82,91,97,67,91
Germany,DEU,2017,88,90,98,97,82,91,97,68,91
Germany,DEU,2018,88,90,98,97,82,91,97,67,91
Germany,DEU,2019,88,90,98,97,82,91,97,65,91
Germany,DEU,2020,88,90,98,97,82,91,97,65,91
Germany,DEU,2021,87,97,98,98,82,92,98,68,92
Germany,DEU,2022,85,88,97,96,72,88,96,69,89
Germany,DEU,2023,85,88,97,96,74,88,96,69,89
Germany,DEU,2024,85,88,97,96,75,88,96,68,89
Ghana,GHA,1980,,,,16,,7,,,7
Ghana,GHA,1981,,,,23,,25,,,22
Ghana,GHA,1982,,,,21,,25,,,23
Ghana,GHA,1983,,,,16,,23,,,23
Ghana,GHA,1984,,,,10,,19,,,19
Ghana,GHA,1985,,,,21,,18,,,22
Ghana,GHA,1986,,,,31,,29,,,35
Ghana,GHA,1987,,,,51,,40,,,42
Ghana,GHA,1988,,,,59,,45,,,47
Ghana,GHA,1989,,,,65,,50,,,51
Ghana,GHA,1990,,,,61,,57,,,58
Ghana,GHA,1991,,,,63,,60,,,60
Ghana,GHA,1992,,,,64,,62,,,62
Ghana,GHA,1993,,,,66,,67,,,66
Ghana,GHA,1994,,,,68,,71,,,70
Ghana,GHA,1995,,,,70,,71,,,70
Ghana,GHA,1996,,,,71,,72,,,71
Ghana,GHA,1997,,,,73,,72,,,71
Ghana,GHA,1998,,,,78,,78,,,76
Ghana,GHA,1999,,,,81,,78,,,79
Ghana,GHA,2000,,,,90,,88,,,88
Ghana,GHA,2001,,,,78,,81,,,79
Ghana,GHA,2002,80,80,,78,,80,,,78
Ghana,GHA,2003,80,80,,80,,80,,,80
Ghana,GHA,2004,80,80,,83,,81,,,80
Ghana,GHA,2005,84,84,,83,,85,,,84
Ghana,GHA,2006,84,84,,85,,84,,,84
Ghana,GHA,2007,94,94,,95,,94,,,94
Ghana,GHA,2008,93,93,,86,,92,,,93
Ghana,GHA,2009,94,94,,93,,94,,,94
Ghana,GHA,2010,94,94,,93,,94,,,94
Ghana,GHA,2011,91,91,,91,,91,,,91
Ghana,GHA,2012,92,92,,89,43,91,,49,92
Ghana,GHA,2013,90,90,,89,89,91,89,87,90
Ghana,GHA,2014,98,98,,92,99,94,92,98,98
Ghana,GHA,2015,89,89,,89,88,88,89,88,89
Ghana,GHA,2016,93,93,,89,93,95,89,94,93
Ghana,GHA,2017,99,99,,95,99,94,95,97,99
Ghana,GHA,2018,97,97,55,92,96,98,92,94,97
Ghana,GHA,2019,97,97,97,92,97,97,92,93,97
Ghana,GHA,2020,94,94,93,88,95,92,88,89,94
Ghana,GHA,2021,98,98,98,94,98,98,94,96,98
Ghana,GHA,2022,99,99,99,95,99,90,95,94,99
Ghana,GHA,2023,95,95,95,90,96,91,90,64,95
Ghana,GHA,2024,95,95,95,90,96,91,90,82,95
Greece,GRC,1980,,,,,,90,,,72
Greece,GRC,1981,,,,,,95,,,95
Greece,GRC,1982,,,,,,96,,,83
Greece,GRC,1983,,,,,,97,,,72
Greece,GRC,1984,,,,75,,98,,,60
Greece,GRC,1985,,,,77,,96,,,54
Greece,GRC,1986,,,,39,,97,,,80
Greece,GRC,1987,,,,81,,97,,,82
Greece,GRC,1988,,,,82,,98,,,83
Greece,GRC,1989,,,,76,,96,,,54
Greece,GRC,1990,,,,76,,96,,,54
Greece,GRC,1991,10,,,72,,77,,,85
Greece,GRC,1992,15,,,72,,95,,,89
Greece,GRC,1993,2,,,72,,95,,,89
Greece,GRC,1994,2,2,,70,,95,,,90
Greece,GRC,1995,12,19,,70,,95,70,,90
Greece,GRC,1996,12,36,,90,,95,90,,90
Greece,GRC,1997,50,54,,90,,95,90,,90
Greece,GRC,1998,69,71,,89,,91,89,,89
Greece,GRC,1999,88,88,,88,,87,88,,88
Greece,GRC,2000,89,87,,89,,89,89,,89
Greece,GRC,2001,90,87,,91,,90,91,,91
Greece,GRC,2002,91,86,,92,,92,92,,92
Greece,GRC,2003,92,86,,94,,93,94,,94
Greece,GRC,2004,92,85,,95,,95,95,,95
Greece,GRC,2005,93,84,,96,,96,96,,96
Greece,GRC,2006,94,84,,98,,98,98,,98
Greece,GRC,2007,95,83,,99,,99,99,,99
Greece,GRC,2008,95,83,,99,,99,99,,99
Greece,GRC,2009,95,83,,99,,99,99,,99
Greece,GRC,2010,95,83,,99,,99,99,,99
Greece,GRC,2011,95,83,,99,,99,99,,99
Greece,GRC,2012,98,95,,99,32,99,99,,99
Greece,GRC,2013,98,95,,99,32,99,99,,99
Greece,GRC,2014,96,99,,97,96,99,97,20,99
Greece,GRC,2015,96,99,99,97,96,99,97,20,99
Greece,GRC,2016,96,99,99,97,96,99,97,20,99
Greece,GRC,2017,96,99,99,97,96,99,97,20,99
Greece,GRC,2018,96,99,99,97,96,99,97,20,99
Greece,GRC,2019,96,99,99,97,96,99,97,20,99
Greece,GRC,2020,96,99,99,97,96,99,97,20,99
Greece,GRC,2021,96,99,99,97,96,99,97,20,99
Greece,GRC,2022,95,99,99,94,93,98,94,20,98
Greece,GRC,2023,93,99,99,91,90,97,91,20,95
Greece,GRC,2024,92,99,98,91,90,95,91,20,95
Grenada,GRD,1980,,,,,,32,,,25
Grenada,GRD,1981,,,,,,41,,,43
Grenada,GRD,1982,,,,5,,61,,,56
Grenada,GRD,1983,,,,7,,72,,,68
Grenada,GRD,1984,,,,31,,75,,,76
Grenada,GRD,1985,,,,49,,77,,,61
Grenada,GRD,1986,,,,62,,92,,,98
Grenada,GRD,1987,,,,77,,81,,,80
Grenada,GRD,1988,,,,48,,64,,,65
Grenada,GRD,1989,,,,89,,86,,,87
Grenada,GRD,1990,,,,85,,69,,,80
Grenada,GRD,1991,,,,96,,82,,,85
Grenada,GRD,1992,,,,73,,90,,,90
Grenada,GRD,1993,,,,99,,91,99,,89
Grenada,GRD,1994,,,,87,,95,87,,91
Grenada,GRD,1995,,,,88,,77,88,,95
Grenada,GRD,1996,,,,85,,80,85,,80
Grenada,GRD,1997,,,,92,,95,92,,95
Grenada,GRD,1998,,,,97,,95,97,,97
Grenada,GRD,1999,,,,94,,87,94,,88
Grenada,GRD,2000,,33,,92,,97,92,,97
Grenada,GRD,2001,96,96,,99,,96,99,,96
Grenada,GRD,2002,98,98,,96,,98,96,,98
Grenada,GRD,2003,97,97,,99,,98,99,,97
Grenada,GRD,2004,83,83,,74,,84,74,,83
Grenada,GRD,2005,99,99,,99,,99,99,,99
Grenada,GRD,2006,91,91,,98,,91,98,,91
Grenada,GRD,2007,96,96,,98,,96,98,,96
Grenada,GRD,2008,99,99,,99,,99,99,,99
Grenada,GRD,2009,99,99,,98,,99,98,,99
Grenada,GRD,2010,97,97,,95,,94,95,,97
Grenada,GRD,2011,94,95,,95,,95,95,,95
Grenada,GRD,2012,97,97,,94,,98,94,,97
Grenada,GRD,2013,97,97,,94,,98,94,,97
Grenada,GRD,2014,97,97,,94,,81,94,,97
Grenada,GRD,2015,92,92,54,99,,99,99,,92
Grenada,GRD,2016,96,96,90,95,,98,95,,96
Grenada,GRD,2017,96,96,91,85,,91,85,,96
Grenada,GRD,2018,95,95,96,84,,96,84,,95
Grenada,GRD,2019,94,94,97,94,,94,94,,94
Grenada,GRD,2020,72,72,79,83,,72,83,,72
Grenada,GRD,2021,77,77,74,70,,77,70,,77
Grenada,GRD,2022,77,77,79,76,,73,76,,77
Grenada,GRD,2023,86,86,92,82,,86,82,,86
Grenada,GRD,2024,86,93,93,83,,93,83,,93
Guatemala,GTM,1980,,,,23,,43,,,43
Guatemala,GTM,1981,,,,8,,42,,,42
Guatemala,GTM,1982,,,,12,,45,,,45
Guatemala,GTM,1983,,,,9,,44,,,44
Guatemala,GTM,1984,,,,24,,48,,,48
Guatemala,GTM,1985,,,,23,,42,,,21
Guatemala,GTM,1986,,,,55,,36,,,37
Guatemala,GTM,1987,,,,24,,18,,,16
Guatemala,GTM,1988,,,,55,,58,,,47
Guatemala,GTM,1989,,,,60,,58,,,50
Guatemala,GTM,1990,,,,68,,74,,,66
Guatemala,GTM,1991,,,,49,,69,,,63
Guatemala,GTM,1992,,,,59,,70,,,66
Guatemala,GTM,1993,,,,71,,77,,,75
Guatemala,GTM,1994,,,,66,,73,,,71
Guatemala,GTM,1995,,,,83,,80,,,77
Guatemala,GTM,1996,,,,69,,73,,,66
Guatemala,GTM,1997,,,,74,,73,,,73
Guatemala,GTM,1998,,,,79,,77,,,78
Guatemala,GTM,1999,,,,83,,75,,,77
Guatemala,GTM,2000,,,,86,,80,,,81
Guatemala,GTM,2001,,,,91,,78,91,,77
Guatemala,GTM,2002,,,,92,,82,92,,82
Guatemala,GTM,2003,,,,94,,84,94,,84
Guatemala,GTM,2004,,,,95,,88,95,,87
Guatemala,GTM,2005,87,87,,93,,87,93,,87
Guatemala,GTM,2006,89,89,,95,,90,95,,89
Guatemala,GTM,2007,85,85,,86,,85,86,,85
Guatemala,GTM,2008,95,95,,96,,96,96,,95
Guatemala,GTM,2009,92,92,,92,,92,92,,92
Guatemala,GTM,2010,94,94,,93,,94,93,38,94
Guatemala,GTM,2011,88,88,,89,,88,89,71,88
Guatemala,GTM,2012,96,96,,93,,94,93,81,96
Guatemala,GTM,2013,96,96,,91,72,94,91,90,96
Guatemala,GTM,2014,74,74,,68,62,66,68,73,74
Guatemala,GTM,2015,70,70,,79,80,80,79,75,70
Guatemala,GTM,2016,83,83,95,89,90,84,89,84,83
Guatemala,GTM,2017,91,91,98,94,93,90,94,88,91
Guatemala,GTM,2018,85,85,94,89,90,85,89,87,85
Guatemala,GTM,2019,88,88,90,90,88,94,90,90,88
Guatemala,GTM,2020,90,90,81,89,87,97,89,93,90
Guatemala,GTM,2021,80,80,91,88,79,79,88,64,80
Guatemala,GTM,2022,81,81,94,86,84,78,86,82,81
Guatemala,GTM,2023,88,88,99,89,87,88,89,91,88
Guatemala,GTM,2024,81,81,86,90,89,81,90,80,81
Guinea,GIN,1981,,,,15,,,,,
Guinea,GIN,1982,,,,34,,15,,,15
Guinea,GIN,1983,,,,30,,15,,,15
Guinea,GIN,1984,,,,29,,15,,,15
Guinea,GIN,1985,,,,29,,16,,,15
Guinea,GIN,1986,,,,28,,16,,,15
Guinea,GIN,1987,,,,28,,16,,,15
Guinea,GIN,1988,,,,27,,16,,,16
Guinea,GIN,1989,,,,27,,16,,,17
Guinea,GIN,1990,,,,35,,18,,,17
Guinea,GIN,1991,,,,42,,37,,,36
Guinea,GIN,1992,,,,52,,52,,,52
Guinea,GIN,1993,,,,55,,53,,,53
Guinea,GIN,1994,,,,58,,53,,,53
Guinea,GIN,1995,,,,61,,54,,,54
Guinea,GIN,1996,,,,61,,48,,,48
Guinea,GIN,1997,,,,56,,46,,,47
Guinea,GIN,1998,,,,52,,59,,,56
Guinea,GIN,1999,,,,40,,43,,,43
Guinea,GIN,2000,,,,42,,47,,,46
Guinea,GIN,2001,,,,44,,52,,,50
Guinea,GIN,2002,,,,46,,56,,,53
Guinea,GIN,2003,,,,48,,61,,,57
Guinea,GIN,2004,,,,50,,65,,,60
Guinea,GIN,2005,,,,51,,59,,,59
Guinea,GIN,2006,,,,51,,53,,,57
Guinea,GIN,2007,57,,,57,,46,,,63
Guinea,GIN,2008,57,,,55,,59,,,60
Guinea,GIN,2009,57,57,,53,,60,,,57
Guinea,GIN,2010,64,64,,58,,62,,,64
Guinea,GIN,2011,63,63,,62,,63,,,63
Guinea,GIN,2012,59,59,,58,,59,,,59
Guinea,GIN,2013,56,56,,55,,55,,,56
Guinea,GIN,2014,52,52,,51,,51,,,52
Guinea,GIN,2015,48,48,8,47,,47,,,48
Guinea,GIN,2016,47,47,47,48,,48,,,47
Guinea,GIN,2017,47,47,48,48,,49,,,49
Guinea,GIN,2018,51,51,49,49,,50,,,51
Guinea,GIN,2019,53,53,50,50,,51,,,53
Guinea,GIN,2020,54,54,52,50,,52,,,54
Guinea,GIN,2021,56,56,53,51,,53,,,56
Guinea,GIN,2022,58,58,54,51,,54,,,58
Guinea,GIN,2023,60,60,55,52,,55,,,60
Guinea,GIN,2024,63,63,63,60,,55,,,63
Guinea-Bissau,GNB,1983,,,,27,,3,,,9
Guinea-Bissau,GNB,1984,,,,31,,4,,,18
Guinea-Bissau,GNB,1985,,,,35,,18,,,18
Guinea-Bissau,GNB,1986,,,,59,,47,,,47
Guinea-Bissau,GNB,1987,,,,68,,55,,,55
Guinea-Bissau,GNB,1988,,,,52,,70,,,66
Guinea-Bissau,GNB,1989,,,,65,,54,,,54
Guinea-Bissau,GNB,1990,,,,53,,60,,,61
Guinea-Bissau,GNB,1991,,,,52,,63,,,63
Guinea-Bissau,GNB,1992,,,,60,,66,,,67
Guinea-Bissau,GNB,1993,,,,68,,63,,,63
Guinea-Bissau,GNB,1994,,,,68,,69,,,74
Guinea-Bissau,GNB,1995,,,,45,,45,,,45
Guinea-Bissau,GNB,1996,,,,49,,54,,,53
Guinea-Bissau,GNB,1997,,,,51,,60,,,63
Guinea-Bissau,GNB,1998,,,,61,,55,,,54
Guinea-Bissau,GNB,1999,,,,70,,49,,,45
Guinea-Bissau,GNB,2000,,,,71,,52,,,49
Guinea-Bissau,GNB,2001,,,,72,,56,,,53
Guinea-Bissau,GNB,2002,,,,73,,60,,,57
Guinea-Bissau,GNB,2003,,,,74,,65,,,60
Guinea-Bissau,GNB,2004,,,,75,,69,,,64
Guinea-Bissau,GNB,2005,,,,76,,73,,,68
Guinea-Bissau,GNB,2006,,,,74,,74,,,71
Guinea-Bissau,GNB,2007,,,,73,,76,,,74
Guinea-Bissau,GNB,2008,,,,71,,77,,,77
Guinea-Bissau,GNB,2009,80,80,,69,,78,,,80
Guinea-Bissau,GNB,2010,82,86,,76,,82,,,83
Guinea-Bissau,GNB,2011,89,89,,83,,85,,,86
Guinea-Bissau,GNB,2012,87,87,,81,,87,,,87
Guinea-Bissau,GNB,2013,87,87,,81,,86,,,87
Guinea-Bissau,GNB,2014,86,86,,81,,84,,,86
Guinea-Bissau,GNB,2015,86,86,,80,10,83,,,86
Guinea-Bissau,GNB,2016,85,85,30,80,83,81,,61,85
Guinea-Bissau,GNB,2017,79,79,17,66,79,79,,82,79
Guinea-Bissau,GNB,2018,82,82,3,79,82,82,,85,82
Guinea-Bissau,GNB,2019,78,78,77,79,78,60,,81,78
Guinea-Bissau,GNB,2020,74,74,87,72,74,63,,79,74
Guinea-Bissau,GNB,2021,67,67,28,63,67,23,,72,67
Guinea-Bissau,GNB,2022,74,74,75,75,74,51,,76,74
Guinea-Bissau,GNB,2023,74,74,77,72,74,75,,76,74
Guinea-Bissau,GNB,2024,68,68,68,65,74,68,,70,68
Guyana,GUY,1980,,,,,,42,,,35
Guyana,GUY,1981,,,,,,37,,,45
Guyana,GUY,1982,,,,68,,73,,,53
Guyana,GUY,1983,,,,51,,62,,,58
Guyana,GUY,1984,,,,56,,41,,,70
Guyana,GUY,1985,,,,40,,77,,,75
Guyana,GUY,1986,,,,42,,67,,,64
Guyana,GUY,1987,,,,52,,77,,,67
Guyana,GUY,1988,,,,55,,69,,,64
Guyana,GUY,1989,,,,69,,79,,,77
Guyana,GUY,1990,,,,73,,79,,,83
Guyana,GUY,1991,,,,76,,81,,,81
Guyana,GUY,1992,,,,73,,87,,,79
Guyana,GUY,1993,,,,92,,92,,,93
Guyana,GUY,1994,,,,83,,90,,,90
Guyana,GUY,1995,,,,77,,87,77,,86
Guyana,GUY,1996,,,,91,,83,91,,83
Guyana,GUY,1997,,,,82,,88,82,,88
Guyana,GUY,1998,,,,93,,90,93,,90
Guyana,GUY,1999,,,,87,,83,87,,83
Guyana,GUY,2000,,,,86,,79,86,,88
Guyana,GUY,2001,85,85,,92,,90,92,,85
Guyana,GUY,2002,91,91,,93,,93,93,,91
Guyana,GUY,2003,90,90,,89,,91,89,,90
Guyana,GUY,2004,91,91,,88,,91,88,,91
Guyana,GUY,2005,93,93,,92,,93,92,,93
Guyana,GUY,2006,93,93,,90,,92,90,,93
Guyana,GUY,2007,94,94,,96,,94,96,,94
Guyana,GUY,2008,93,93,,95,,93,95,,93
Guyana,GUY,2009,98,98,,97,,97,97,,98
Guyana,GUY,2010,95,95,,95,,95,95,39,95
Guyana,GUY,2011,93,93,,98,50,93,98,77,93
Guyana,GUY,2012,97,97,,99,90,97,99,91,97
Guyana,GUY,2013,98,98,,99,96,98,99,94,98
Guyana,GUY,2014,98,98,,99,97,97,99,95,98
Guyana,GUY,2015,95,95,31,99,94,92,99,96,95
Guyana,GUY,2016,97,97,98,99,92,94,99,96,97
Guyana,GUY,2017,97,97,94,99,97,94,99,97,97
Guyana,GUY,2018,95,95,97,98,91,94,98,91,95
Guyana,GUY,2019,99,99,99,98,98,97,98,99,99
Guyana,GUY,2020,99,99,99,98,89,91,98,97,99
Guyana,GUY,2021,98,98,98,95,99,97,95,93,98
Guyana,GUY,2022,98,98,99,97,95,97,97,99,98
Guyana,GUY,2023,98,98,99,98,98,99,98,99,98
Guyana,GUY,2024,98,98,99,99,98,99,99,94,98
Haiti,HTI,1980,,,,,,8,,,3
Haiti,HTI,1981,,,,,,3,,,14
Haiti,HTI,1982,,,,3,,7,,,13
Haiti,HTI,1983,,,,6,,6,,,9
Haiti,HTI,1984,,,,8,,13,,,14
Haiti,HTI,1985,,,,21,,19,,,19
Haiti,HTI,1986,,,,26,,24,,,24
Haiti,HTI,1987,,,,23,,28,,,28
Haiti,HTI,1988,,,,59,,48,,,48
Haiti,HTI,1989,,,,31,,50,,,50
Haiti,HTI,1990,,,,31,,40,,,41
Haiti,HTI,1991,,,,35,,35,,,36
Haiti,HTI,1992,,,,39,,37,,,38
Haiti,HTI,1993,,,,44,,39,,,39
Haiti,HTI,1994,,,,48,,41,,,41
Haiti,HTI,1995,,,,49,,42,,,42
Haiti,HTI,1996,,,,50,,42,,,42
Haiti,HTI,1997,,,,52,,42,,,42
Haiti,HTI,1998,,,,53,,45,,,42
Haiti,HTI,1999,,,,54,,49,,,41
Haiti,HTI,2000,,,,54,,51,,,44
Haiti,HTI,2001,,,,54,,53,,,47
Haiti,HTI,2002,,,,53,,55,,,51
Haiti,HTI,2003,,,,53,,57,,,54
Haiti,HTI,2004,,,,53,,58,,,57
Haiti,HTI,2005,,,,53,,60,,,60
Haiti,HTI,2006,,,,55,,61,,,61
Haiti,HTI,2007,,,,57,,62,,,63
Haiti,HTI,2008,,,,59,,63,59,,64
Haiti,HTI,2009,,,,62,,64,62,,65
Haiti,HTI,2010,,,,63,,64,63,,67
Haiti,HTI,2011,,,,65,,66,65,,68
Haiti,HTI,2012,,,,66,,65,66,,66
Haiti,HTI,2013,68,68,,68,,64,68,,65
Haiti,HTI,2014,63,63,,69,,63,69,23,63
Haiti,HTI,2015,64,64,,69,,65,69,49,64
Haiti,HTI,2016,59,59,46,67,,53,67,51,59
Haiti,HTI,2017,57,57,67,65,,45,65,59,60
Haiti,HTI,2018,56,56,81,70,0,56,70,55,57
Haiti,HTI,2019,54,54,81,74,27,66,74,51,54
Haiti,HTI,2020,58,58,80,74,53,41,74,58,58
Haiti,HTI,2021,48,48,67,63,45,37,63,44,48
Haiti,HTI,2022,48,48,67,66,48,45,66,31,48
Haiti,HTI,2023,54,54,69,72,47,46,72,40,54
Haiti,HTI,2024,60,60,70,77,45,47,77,49,60
High-income countries,OWID_HIC,1980,,,,48,,57,27,,57
High-income countries,OWID_HIC,1981,,,,55,,63,31,,70
High-income countries,OWID_HIC,1982,,,,57,,76,34,,72
High-income countries,OWID_HIC,1983,,,,65,,82,39,,74
High-income countries,OWID_HIC,1984,,,,70,,86,43,,79
High-income countries,OWID_HIC,1985,0,,,74,,88,47,,80
High-income countries,OWID_HIC,1986,0,,,76,,90,49,,83
High-income countries,OWID_HIC,1987,0,,,75,,92,48,,84
High-income countries,OWID_HIC,1988,0,,,81,,92,58,,84
High-income countries,OWID_HIC,1989,0,,,83,,90,68,,87
High-income countries,OWID_HIC,1990,2,0,,85,,88,72,,88
High-income countries,OWID_HIC,1991,7,4,,84,,86,79,,89
High-income countries,OWID_HIC,1992,8,5,,83,,83,70,,86
High-income countries,OWID_HIC,1993,14,11,,84,,87,72,,87
High-income countries,OWID_HIC,1994,22,12,,87,,89,76,,91
High-income countries,OWID_HIC,1995,35,36,,88,,91,79,,90
High-income countries,OWID_HIC,1996,45,41,,90,,93,80,,93
High-income countries,OWID_HIC,1997,48,46,,90,,93,80,,91
High-income countries,OWID_HIC,1998,51,54,,90,,92,80,,91
High-income countries,OWID_HIC,1999,53,58,,91,,93,81,,93
High-income countries,OWID_HIC,2000,54,61,,92,,94,90,,93
High-income countries,OWID_HIC,2001,60,62,,92,,92,91,,95
High-income countries,OWID_HIC,2002,65,67,,93,,93,93,,95
High-income countries,OWID_HIC,2003,68,68,,93,,94,93,,96
High-income countries,OWID_HIC,2004,70,69,,94,,95,94,,96
High-income countries,OWID_HIC,2005,71,70,,93,,95,93,,96
High-income countries,OWID_HIC,2006,73,71,,94,,95,94,0,96
High-income countries,OWID_HIC,2007,73,72,,94,,95,94,0,96
High-income countries,OWID_HIC,2008,74,71,,94,35,95,94,2,96
High-income countries,OWID_HIC,2009,74,69,,93,42,95,93,14,96
High-income countries,OWID_HIC,2010,75,71,,94,54,95,94,19,96
High-income countries,OWID_HIC,2011,77,80,,94,65,95,94,21,96
High-income countries,OWID_HIC,2012,77,79,,94,67,95,94,23,96
High-income countries,OWID_HIC,2013,77,79,,94,68,95,94,27,95
High-income countries,OWID_HIC,2014,79,82,,95,69,95,95,31,95
High-income countries,OWID_HIC,2015,79,82,89,94,72,95,94,37,95
High-income countries,OWID_HIC,2016,80,82,97,94,77,95,94,38,95
High-income countries,OWID_HIC,2017,80,83,98,94,84,94,94,40,95
High-income countries,OWID_HIC,2018,80,83,97,94,87,94,94,43,95
High-income countries,OWID_HIC,2019,92,83,97,94,90,94,94,44,95
High-income countries,OWID_HIC,2020,91,83,96,94,87,94,94,47,94
High-income countries,OWID_HIC,2021,92,84,97,94,87,94,94,48,95
High-income countries,OWID_HIC,2022,92,93,97,94,88,94,94,53,95
High-income countries,OWID_HIC,2023,91,93,97,94,88,94,94,59,94
High-income countries,OWID_HIC,2024,91,93,97,94,87,94,94,60,94
Honduras,HND,1980,,,,31,,31,,,28
Honduras,HND,1981,,,,34,,37,,,34
Honduras,HND,1982,,,,48,,47,,,46
Honduras,HND,1983,,,,49,,51,,,52
Honduras,HND,1984,,,,44,,73,,,41
Honduras,HND,1985,,,,53,,58,,,58
Honduras,HND,1986,,,,60,,63,,,62
Honduras,HND,1987,,,,57,,61,,,58
Honduras,HND,1988,,,,76,,70,,,74
Honduras,HND,1989,,,,94,,86,,,85
Honduras,HND,1990,,,,90,,87,,,84
Honduras,HND,1991,,,,86,,93,,,94
Honduras,HND,1992,,,,89,,94,,,93
Honduras,HND,1993,,,,94,,95,,,94
Honduras,HND,1994,,,,93,,95,,,94
Honduras,HND,1995,,,,89,,94,,,94
Honduras,HND,1996,,,,91,,94,,,94
Honduras,HND,1997,,,,89,,93,89,,95
Honduras,HND,1998,,,,98,,97,98,,97
Honduras,HND,1999,,,,98,,95,98,,95
Honduras,HND,2000,93,93,,98,,88,98,,94
Honduras,HND,2001,95,95,,99,,99,99,,96
Honduras,HND,2002,94,94,,97,,95,97,,95
Honduras,HND,2003,91,91,,95,,92,95,,92
Honduras,HND,2004,93,93,,92,,94,92,,94
Honduras,HND,2005,97,97,,96,,98,96,,98
Honduras,HND,2006,94,94,,95,,94,95,,95
Honduras,HND,2007,93,93,,94,,94,94,,94
Honduras,HND,2008,92,92,,93,,93,93,,93
Honduras,HND,2009,97,97,,98,,97,98,81,97
Honduras,HND,2010,97,97,,98,,97,98,97,97
Honduras,HND,2011,97,97,,97,78,97,97,97,97
Honduras,HND,2012,98,98,,97,97,98,97,98,98
Honduras,HND,2013,99,99,,97,99,99,97,98,99
Honduras,HND,2014,99,99,,97,99,99,97,99,99
Honduras,HND,2015,98,98,9,98,99,98,98,99,98
Honduras,HND,2016,95,95,94,98,94,95,98,96,95
Honduras,HND,2017,90,90,92,98,90,90,98,91,90
Honduras,HND,2018,91,91,93,91,91,91,91,92,91
Honduras,HND,2019,88,88,89,89,88,88,89,89,88
Honduras,HND,2020,80,80,85,82,80,80,82,83,80
Honduras,HND,2021,77,77,82,81,77,77,81,80,77
Honduras,HND,2022,78,78,80,77,78,78,77,80,78
Honduras,HND,2023,73,73,74,77,73,71,77,73,73
Honduras,HND,2024,75,75,74,79,75,75,79,75,75
Hungary,HUN,1980,,,,99,,98,,,99
Hungary,HUN,1981,,,,99,,98,,,99
Hungary,HUN,1982,,,,99,,99,,,99
Hungary,HUN,1983,,,,99,,98,,,99
Hungary,HUN,1984,,,,99,,98,,,99
Hungary,HUN,1985,,,,99,,99,,,99
Hungary,HUN,1986,,,,99,,99,,,99
Hungary,HUN,1987,,,,99,,99,,,99
Hungary,HUN,1988,,,,99,,99,,,99
Hungary,HUN,1989,,,,99,,99,99,,99
Hungary,HUN,1990,,,,99,,99,99,,99
Hungary,HUN,1991,,,,99,,98,99,,99
Hungary,HUN,1992,,,,99,,99,99,,99
Hungary,HUN,1993,,,,99,,99,99,,99
Hungary,HUN,1994,,,,99,,99,99,,99
Hungary,HUN,1995,,,,99,,99,99,,99
Hungary,HUN,1996,,,,99,,99,99,,99
Hungary,HUN,1997,,,,99,,99,99,,99
Hungary,HUN,1998,,,,99,,99,99,,99
Hungary,HUN,1999,,99,,99,,99,99,,99
Hungary,HUN,2000,,99,,99,,99,99,,99
Hungary,HUN,2001,,99,,99,,99,99,,99
Hungary,HUN,2002,,99,,99,,98,99,,99
Hungary,HUN,2003,,99,,99,,99,99,,99
Hungary,HUN,2004,,99,,99,,99,99,,99
Hungary,HUN,2005,,99,,99,,99,99,,99
Hungary,HUN,2006,,99,,99,,99,99,,99
Hungary,HUN,2007,,99,,99,,99,99,,99
Hungary,HUN,2008,,99,,99,,99,99,,99
Hungary,HUN,2009,,99,,99,,99,99,,99
Hungary,HUN,2010,,99,,99,,99,99,,99
Hungary,HUN,2011,,99,,99,84,99,99,,99
Hungary,HUN,2012,,99,,99,90,99,99,,99
Hungary,HUN,2013,,99,,99,92,99,99,,99
Hungary,HUN,2014,,99,,99,93,99,99,,99
Hungary,HUN,2015,,99,99,99,94,99,99,,99
Hungary,HUN,2016,,99,99,99,98,99,99,,99
Hungary,HUN,2017,,99,99,99,99,99,99,,99
Hungary,HUN,2018,,99,99,99,99,99,99,,99
Hungary,HUN,2019,,99,99,99,99,99,99,,99
Hungary,HUN,2020,,99,99,99,99,99,99,,99
Hungary,HUN,2021,,99,99,99,99,99,99,,99
Hungary,HUN,2022,,99,99,99,99,99,99,,99
Hungary,HUN,2023,,99,99,99,99,99,99,,99
Hungary,HUN,2024,,99,99,99,99,99,99,,99
Iceland,ISL,1980,,,,,,99,,,99
Iceland,ISL,1981,,,,,,99,,,99
Iceland,ISL,1982,,,,,,98,,,98
Iceland,ISL,1983,,,,81,,97,81,,94
Iceland,ISL,1984,,,,96,,99,96,,99
Iceland,ISL,1985,,,,96,,99,96,,99
Iceland,ISL,1986,,,,95,,99,95,,99
Iceland,ISL,1987,,,,97,,99,97,,99
Iceland,ISL,1988,,,,99,,99,99,,99
Iceland,ISL,1989,,,,99,,99,99,,99
Iceland,ISL,1990,,,,99,,99,99,,99
Iceland,ISL,1991,,99,,99,,99,99,,99
Iceland,ISL,1992,,99,,99,,94,99,,99
Iceland,ISL,1993,,99,,99,,99,99,,99
Iceland,ISL,1994,,99,,98,,99,98,,99
Iceland,ISL,1995,,99,,99,,99,99,,99
Iceland,ISL,1996,,99,,99,,99,99,,99
Iceland,ISL,1997,,99,,99,,99,99,,99
Iceland,ISL,1998,,99,,96,,99,96,,99
Iceland,ISL,1999,,98,,94,,98,94,,98
Iceland,ISL,2000,,98,,91,,98,91,,98
Iceland,ISL,2001,,92,,88,,92,88,,92
Iceland,ISL,2002,,95,,91,,95,91,,95
Iceland,ISL,2003,,97,,93,,97,93,,97
Iceland,ISL,2004,,99,,93,,99,93,,99
Iceland,ISL,2005,,95,,90,,95,90,,95
Iceland,ISL,2006,,97,,95,,97,95,,97
Iceland,ISL,2007,,97,,95,,97,95,,97
Iceland,ISL,2008,,98,,96,,98,96,,98
Iceland,ISL,2009,,96,,92,,96,92,,96
Iceland,ISL,2010,,96,,93,,96,93,,96
Iceland,ISL,2011,,95,,94,,95,94,,95
Iceland,ISL,2012,,89,,90,86,89,90,,89
Iceland,ISL,2013,,91,,91,89,91,91,,91
Iceland,ISL,2014,,90,,90,90,90,90,,90
Iceland,ISL,2015,,92,96,93,91,92,93,,92
Iceland,ISL,2016,,91,96,91,90,91,91,,91
Iceland,ISL,2017,,89,97,92,88,89,92,,89
Iceland,ISL,2018,,91,97,93,90,91,93,,91
Iceland,ISL,2019,,93,95,93,92,93,93,,93
Iceland,ISL,2020,,93,96,93,93,93,93,,93
Iceland,ISL,2021,,92,97,92,92,92,92,,92
Iceland,ISL,2022,,92,95,91,84,92,91,,92
Iceland,ISL,2023,,92,95,91,92,92,91,,92
Iceland,ISL,2024,,94,98,97,93,94,97,,94
India,IND,1980,,,,,,2,,,6
India,IND,1981,,,,,,2,,,6
India,IND,1982,,,,,,8,,,12
India,IND,1983,,,,,,10,,,14
India,IND,1984,,,,,,12,,,16
India,IND,1985,,,,1,,14,,,18
India,IND,1986,,,,10,,16,,,20
India,IND,1987,,,,24,,27,,,30
India,IND,1988,,,,32,,37,,,40
India,IND,1989,,,,42,,55,,,50
India,IND,1990,,,,56,,66,,,70
India,IND,1991,,,,43,,58,,,57
India,IND,1992,,,,51,,56,,,56
India,IND,1993,,,,59,,61,,,61
India,IND,1994,,,,67,,67,,,67
India,IND,1995,,,,72,,71,,,71
India,IND,1996,,,,66,,67,,,66
India,IND,1997,,,,55,,63,,,62
India,IND,1998,,,,53,,60,,,61
India,IND,1999,,,,56,,57,,,59
India,IND,2000,,,,56,,57,,,58
India,IND,2001,,,,57,,58,,,59
India,IND,2002,,,,56,,58,,,59
India,IND,2003,,,,60,,57,,,61
India,IND,2004,6,,,64,,58,,,63
India,IND,2005,8,,,68,,65,,,65
India,IND,2006,6,,,69,,66,,,65
India,IND,2007,6,,,70,,67,,,64
India,IND,2008,29,,,72,,69,,,70
India,IND,2009,37,,,78,,73,,,74
India,IND,2010,38,,,82,,76,,,79
India,IND,2011,44,,,84,,79,,,82
India,IND,2012,70,,,83,,79,,,82
India,IND,2013,67,20,,83,,82,,,83
India,IND,2014,77,20,,85,,84,,,85
India,IND,2015,87,45,1,87,,86,,,87
India,IND,2016,88,80,47,88,,86,,4,88
India,IND,2017,89,89,50,90,,89,6,13,89
India,IND,2018,90,90,75,93,6,90,93,35,90
India,IND,2019,91,91,82,95,15,90,95,53,91
India,IND,2020,85,85,81,89,21,85,89,82,85
India,IND,2021,85,85,82,89,25,85,89,83,85
India,IND,2022,93,93,91,95,66,93,95,92,93
India,IND,2023,91,91,90,93,83,91,93,90,91
India,IND,2024,94,94,93,97,95,93,97,92,94
Indonesia,IDN,1981,,,,,,1,,,1
Indonesia,IDN,1982,,,,,,1,,,1
Indonesia,IDN,1983,,,,6,,4,,,6
Indonesia,IDN,1984,,,,13,,6,,,13
Indonesia,IDN,1985,,,,26,,13,,,27
Indonesia,IDN,1986,,,,45,,46,,,47
Indonesia,IDN,1987,,,,48,,49,,,50
Indonesia,IDN,1988,,,,51,,53,,,54
Indonesia,IDN,1989,,,,54,,56,,,57
Indonesia,IDN,1990,,,,58,,60,,,60
Indonesia,IDN,1991,,,,61,,62,,,62
Indonesia,IDN,1992,28,,,65,,65,,,64
Indonesia,IDN,1993,43,,,68,,67,,,66
Indonesia,IDN,1994,42,,,66,,69,,,68
Indonesia,IDN,1995,50,,,63,,71,,,69
Indonesia,IDN,1996,62,,,79,,83,,,72
Indonesia,IDN,1997,65,,,77,,79,,,73
Indonesia,IDN,1998,76,,,77,,87,,,74
Indonesia,IDN,1999,77,,,77,,86,,,75
Indonesia,IDN,2000,65,,,76,,72,,,75
Indonesia,IDN,2001,62,,,76,,77,,,76
Indonesia,IDN,2002,63,,,72,,80,,,70
Indonesia,IDN,2003,64,,,74,,80,,,71
Indonesia,IDN,2004,64,,,76,,79,,,71
Indonesia,IDN,2005,65,,,77,,79,,,72
Indonesia,IDN,2006,66,,,79,,78,,,72
Indonesia,IDN,2007,76,,,76,,77,,,73
Indonesia,IDN,2008,82,,,76,,83,,,77
Indonesia,IDN,2009,82,,,74,,85,,,78
Indonesia,IDN,2010,83,,,78,,82,,,81
Indonesia,IDN,2011,81,,,80,,81,,,81
Indonesia,IDN,2012,85,,,82,,87,,,87
Indonesia,IDN,2013,90,4,,87,,92,,,92
Indonesia,IDN,2014,88,30,,86,,90,,,88
Indonesia,IDN,2015,84,84,,87,,85,,,84
Indonesia,IDN,2016,84,84,2,88,,85,,,84
Indonesia,IDN,2017,85,85,47,90,,88,15,,85
Indonesia,IDN,2018,85,76,62,89,0,87,40,,85
Indonesia,IDN,2019,85,85,76,88,3,85,88,,85
Indonesia,IDN,2020,77,68,37,76,4,76,76,,77
Indonesia,IDN,2021,67,67,61,72,1,68,72,,67
Indonesia,IDN,2022,91,82,77,92,6,91,92,,91
Indonesia,IDN,2023,83,74,71,82,31,82,82,11,83
Indonesia,IDN,2024,78,69,81,85,70,87,85,71,78
Iran,IRN,1980,,,,39,,38,,,32
Iran,IRN,1981,,,,48,,47,,,29
Iran,IRN,1982,,,,55,,74,,,41
Iran,IRN,1983,,,,38,,34,,,33
Iran,IRN,1984,,,,38,,34,,,33
Iran,IRN,1985,,,,62,,63,,,51
Iran,IRN,1986,,,,55,,58,,,57
Iran,IRN,1987,,,,55,,58,,,57
Iran,IRN,1988,,,,83,,88,,,88
Iran,IRN,1989,,,,79,,82,,,82
Iran,IRN,1990,,,,85,,90,,,91
Iran,IRN,1991,,,,84,,88,,,88
Iran,IRN,1992,,,,96,,97,,,97
Iran,IRN,1993,,,,96,,99,,,99
Iran,IRN,1994,62,,,97,,95,,,95
Iran,IRN,1995,59,,,95,,97,,,98
Iran,IRN,1996,84,,,99,,99,,,99
Iran,IRN,1997,93,,,95,,99,,,99
Iran,IRN,1998,94,,,99,,99,,,99
Iran,IRN,1999,95,,,99,,99,,,99
Iran,IRN,2000,99,,,99,,99,,,99
Iran,IRN,2001,94,,,96,,95,,,96
Iran,IRN,2002,99,,,99,,99,,,99
Iran,IRN,2003,98,,,99,,99,,,99
Iran,IRN,2004,95,,,96,,98,96,,99
Iran,IRN,2005,94,,,94,,95,94,,95
Iran,IRN,2006,98,,,99,,99,99,,98
Iran,IRN,2007,97,,,97,,98,97,,99
Iran,IRN,2008,99,,,98,,99,98,,99
Iran,IRN,2009,99,,,99,,99,99,,99
Iran,IRN,2010,99,,,99,,99,99,,99
Iran,IRN,2011,99,,,99,,99,99,,99
Iran,IRN,2012,98,,,98,,99,98,,99
Iran,IRN,2013,99,,,98,,98,98,,98
Iran,IRN,2014,99,,,99,,99,99,,99
Iran,IRN,2015,98,98,,99,,98,99,,98
Iran,IRN,2016,99,99,,99,,99,99,,99
Iran,IRN,2017,99,99,,99,,99,99,,99
Iran,IRN,2018,99,99,43,99,,99,99,,99
Iran,IRN,2019,99,99,99,99,,99,99,,99
Iran,IRN,2020,99,99,99,99,,99,99,,99
Iran,IRN,2021,98,98,98,99,,98,99,,98
Iran,IRN,2022,99,99,99,99,,99,99,,99
Iran,IRN,2023,99,99,99,99,,99,99,,99
Iran,IRN,2024,98,98,99,99,0,99,99,2,98
Iraq,IRQ,1980,,,,9,,16,,,14
Iraq,IRQ,1981,,,,10,,16,,,13
Iraq,IRQ,1982,,,,11,,16,,,18
Iraq,IRQ,1983,,,,12,,16,,,16
Iraq,IRQ,1984,,,,25,,63,,,67
Iraq,IRQ,1985,,,,70,,86,,,86
Iraq,IRQ,1986,,,,75,,91,,,91
Iraq,IRQ,1987,,,,91,,95,,,94
Iraq,IRQ,1988,,,,85,,91,,,87
Iraq,IRQ,1989,,,,79,,87,,,87
Iraq,IRQ,1990,,,,75,,83,,,83
Iraq,IRQ,1991,,,,71,,79,,,78
Iraq,IRQ,1992,,,,67,,74,,,74
Iraq,IRQ,1993,,,,63,,70,,,70
Iraq,IRQ,1994,40,,,72,,72,,,72
Iraq,IRQ,1995,57,,,80,,73,80,,74
Iraq,IRQ,1996,22,,,82,,77,82,,76
Iraq,IRQ,1997,65,,,85,,80,,,78
Iraq,IRQ,1998,3,,,88,,79,,,76
Iraq,IRQ,1999,52,,,90,,87,,,81
Iraq,IRQ,2000,67,,,86,,83,,,80
Iraq,IRQ,2001,66,,,82,,80,52,,78
Iraq,IRQ,2002,65,,,77,,76,48,,77
Iraq,IRQ,2003,63,,,73,,73,45,,75
Iraq,IRQ,2004,62,,,69,,69,41,,74
Iraq,IRQ,2005,65,,,69,,69,58,,65
Iraq,IRQ,2006,59,,,62,,63,52,,59
Iraq,IRQ,2007,56,,,64,,74,64,,57
Iraq,IRQ,2008,66,,,75,,71,76,,69
Iraq,IRQ,2009,75,,,81,,78,87,,78
Iraq,IRQ,2010,72,,,75,,74,77,,74
Iraq,IRQ,2011,78,,,80,,82,77,,81
Iraq,IRQ,2012,65,36,,74,,73,68,31,72
Iraq,IRQ,2013,68,68,,73,,75,57,52,73
Iraq,IRQ,2014,69,70,,70,,76,67,30,73
Iraq,IRQ,2015,68,68,,71,,72,76,43,68
Iraq,IRQ,2016,71,71,,79,,76,75,52,71
Iraq,IRQ,2017,81,81,89,81,33,82,84,63,81
Iraq,IRQ,2018,86,86,94,85,33,74,83,60,86
Iraq,IRQ,2019,84,84,93,86,37,85,86,5,84
Iraq,IRQ,2020,74,74,77,93,0,78,93,42,74
Iraq,IRQ,2021,78,78,81,84,0,78,84,41,78
Iraq,IRQ,2022,93,93,96,97,0,92,97,38,93
Iraq,IRQ,2023,91,91,94,97,14,91,97,46,91
Iraq,IRQ,2024,90,90,95,91,65,91,91,64,90
Ireland,IRL,1980,,,,,,72,,,34
Ireland,IRL,1981,,,,,,76,,,36
Ireland,IRL,1982,,,,,,79,,,43
Ireland,IRL,1983,,,,10,,76,10,,42
Ireland,IRL,1984,,,,10,,74,10,,45
Ireland,IRL,1985,,,,63,,90,63,,45
Ireland,IRL,1986,,,,65,,84,65,,44
Ireland,IRL,1987,,,,66,,78,66,,44
Ireland,IRL,1988,,,,68,,72,68,,43
Ireland,IRL,1989,,,,78,,81,78,,65
Ireland,IRL,1990,,,,78,,81,78,,65
Ireland,IRL,1991,,,,78,,80,78,,67
Ireland,IRL,1992,,,,78,,80,78,,68
Ireland,IRL,1993,,,,78,,79,78,,70
Ireland,IRL,1994,,,,78,,78,78,,71
Ireland,IRL,1995,,,,77,,77,77,,73
Ireland,IRL,1996,,,,77,,77,77,,74
Ireland,IRL,1997,,76,,77,,76,77,,76
Ireland,IRL,1998,,84,,77,,84,77,,84
Ireland,IRL,1999,,86,,77,,86,77,,86
Ireland,IRL,2000,,85,,79,,86,79,,86
Ireland,IRL,2001,,84,,73,,84,73,,84
Ireland,IRL,2002,,83,,73,,83,73,,83
Ireland,IRL,2003,,86,,78,,86,78,,86
Ireland,IRL,2004,,89,,81,,89,81,,89
Ireland,IRL,2005,,90,,84,,90,84,,90
Ireland,IRL,2006,,91,,86,,91,86,,91
Ireland,IRL,2007,,92,,87,,92,87,,92
Ireland,IRL,2008,,93,,89,,93,89,,93
Ireland,IRL,2009,,93,,90,,94,90,,94
Ireland,IRL,2010,46,94,,90,43,94,90,,94
Ireland,IRL,2011,95,95,,92,90,95,92,,95
Ireland,IRL,2012,95,95,,92,91,95,92,,95
Ireland,IRL,2013,95,95,,93,91,96,93,,96
Ireland,IRL,2014,95,96,,93,92,96,93,,96
Ireland,IRL,2015,95,95,95,93,92,95,93,,95
Ireland,IRL,2016,95,95,95,92,91,95,92,,95
Ireland,IRL,2017,95,95,95,92,91,95,92,89,95
Ireland,IRL,2018,94,94,94,92,90,94,92,89,94
Ireland,IRL,2019,93,94,94,91,86,94,91,89,94
Ireland,IRL,2020,94,94,94,92,87,94,92,89,94
Ireland,IRL,2021,93,93,94,90,85,94,90,91,94
Ireland,IRL,2022,93,93,93,90,84,93,90,88,93
Ireland,IRL,2023,93,93,93,89,83,93,89,87,93
Ireland,IRL,2024,92,92,93,90,84,92,90,88,92
Israel,ISR,1980,,,,81,,85,,,84
Israel,ISR,1981,,,,83,,93,,,91
Israel,ISR,1982,,,,88,,93,,,92
Israel,ISR,1983,,,,85,,88,,,89
Israel,ISR,1984,,,,85,,87,,,87
Israel,ISR,1985,,,,85,,86,,,85
Israel,ISR,1986,,,,88,,93,,,92
Israel,ISR,1987,,,,88,,93,,,92
Israel,ISR,1988,,,,86,,94,,,92
Israel,ISR,1989,,,,88,,93,,,92
Israel,ISR,1990,,,,91,,93,,,93
Israel,ISR,1991,,,,94,,94,,,94
Israel,ISR,1992,92,,,94,,96,,,95
Israel,ISR,1993,92,,,92,,97,,,96
Israel,ISR,1994,92,92,,92,,97,,,95
Israel,ISR,1995,93,93,,93,,96,93,,96
Israel,ISR,1996,96,92,,96,,95,96,,94
Israel,ISR,1997,97,92,,97,,95,97,,95
Israel,ISR,1998,97,94,,94,,92,94,,92
Israel,ISR,1999,96,93,,94,,92,94,,91
Israel,ISR,2000,98,93,,95,,93,95,,93
Israel,ISR,2001,96,94,,95,,93,95,,92
Israel,ISR,2002,98,91,,95,,91,95,,90
Israel,ISR,2003,98,93,,96,,93,96,,93
Israel,ISR,2004,99,95,,97,,95,97,,95
Israel,ISR,2005,96,93,,94,,95,94,,93
Israel,ISR,2006,96,94,,96,,94,96,,95
Israel,ISR,2007,99,95,,97,,95,97,,95
Israel,ISR,2008,99,94,,98,,94,98,,94
Israel,ISR,2009,98,96,,97,,96,97,,96
Israel,ISR,2010,97,95,,96,,95,96,,95
Israel,ISR,2011,98,94,,97,92,94,97,,94
Israel,ISR,2012,97,94,,96,93,94,96,82,94
Israel,ISR,2013,97,96,,98,94,96,98,80,96
Israel,ISR,2014,97,95,,97,94,95,97,81,95
Israel,ISR,2015,96,95,95,98,94,95,98,80,95
Israel,ISR,2016,95,94,94,97,93,94,97,81,94
Israel,ISR,2017,97,98,99,98,94,98,98,81,98
Israel,ISR,2018,96,98,99,98,95,98,98,81,98
Israel,ISR,2019,97,98,99,99,95,98,99,80,98
Israel,ISR,2020,96,98,99,99,94,98,99,79,98
Israel,ISR,2021,96,98,99,99,95,98,99,80,98
Israel,ISR,2022,96,98,99,98,94,98,98,80,98
Israel,ISR,2023,96,98,99,98,94,98,98,80,98
Israel,ISR,2024,96,98,99,98,94,98,98,80,98
Italy,ITA,1983,,,,,,90,,,
Italy,ITA,1984,,,,,,90,,,
Italy,ITA,1985,,,,,,92,,,
Italy,ITA,1986,,,,,,95,,,
Italy,ITA,1987,,,,,,81,,,
Italy,ITA,1988,,,,,,85,,,
Italy,ITA,1989,,,,,,75,,,
Italy,ITA,1990,,,,43,,98,43,,83
Italy,ITA,1991,95,,,50,,98,50,,95
Italy,ITA,1992,95,,,50,,97,50,,95
Italy,ITA,1993,95,,,50,,97,50,,95
Italy,ITA,1994,95,,,50,,98,50,,95
Italy,ITA,1995,95,,,50,,98,50,,95
Italy,ITA,1996,95,,,55,,97,55,,96
Italy,ITA,1997,95,,,57,,98,57,,95
Italy,ITA,1998,95,,,55,,96,55,,95
Italy,ITA,1999,97,,,70,,97,70,,95
Italy,ITA,2000,94,55,,74,,97,74,,87
Italy,ITA,2001,95,70,,77,,96,77,,93
Italy,ITA,2002,95,83,,81,,96,81,,93
Italy,ITA,2003,95,90,,84,,97,84,,96
Italy,ITA,2004,96,94,,86,,97,86,,94
Italy,ITA,2005,96,95,,87,,97,87,,95
Italy,ITA,2006,96,96,,88,,97,88,,96
Italy,ITA,2007,97,96,,90,,97,90,,97
Italy,ITA,2008,96,96,,90,60,96,90,,96
Italy,ITA,2009,96,96,,90,66,96,90,,96
Italy,ITA,2010,96,95,,91,71,96,91,,96
Italy,ITA,2011,96,96,,90,76,96,90,,96
Italy,ITA,2012,96,96,,90,82,96,90,,97
Italy,ITA,2013,96,95,,90,87,96,90,,96
Italy,ITA,2014,95,94,,87,87,95,87,,95
Italy,ITA,2015,93,93,95,85,89,93,85,,93
Italy,ITA,2016,93,93,95,87,88,93,87,,94
Italy,ITA,2017,94,94,95,92,91,95,92,14,95
Italy,ITA,2018,95,94,95,93,92,95,93,19,95
Italy,ITA,2019,95,95,96,94,92,96,94,26,96
Italy,ITA,2020,94,94,94,92,91,94,92,63,94
Italy,ITA,2021,94,94,94,94,91,94,94,70,94
Italy,ITA,2022,95,95,95,94,92,95,94,74,95
Italy,ITA,2023,95,95,95,95,92,95,95,71,95
Italy,ITA,2024,94,95,94,95,90,94,95,70,94
Jamaica,JAM,1980,,,,,,34,,,24
Jamaica,JAM,1981,,,,,,37,,,39
Jamaica,JAM,1982,,,,12,,72,,,34
Jamaica,JAM,1983,,,,15,,47,,,51
Jamaica,JAM,1984,,,,60,,57,,,58
Jamaica,JAM,1985,,,,64,,58,,,60
Jamaica,JAM,1986,,,,36,,74,,,74
Jamaica,JAM,1987,,,,62,,82,,,81
Jamaica,JAM,1988,,,,68,,83,,,82
Jamaica,JAM,1989,,,,71,,84,,,85
Jamaica,JAM,1990,,,,74,,87,,,86
Jamaica,JAM,1991,,,,77,,86,,,85
Jamaica,JAM,1992,,,,63,,74,,,84
Jamaica,JAM,1993,,,,80,,80,80,,91
Jamaica,JAM,1994,,,,82,,93,82,,93
Jamaica,JAM,1995,,,,90,,91,90,,90
Jamaica,JAM,1996,,,,96,,92,96,,92
Jamaica,JAM,1997,,,,88,,90,88,,90
Jamaica,JAM,1998,,,,88,,88,88,,86
Jamaica,JAM,1999,,,,82,,90,82,,89
Jamaica,JAM,2000,,,,88,,95,88,,93
Jamaica,JAM,2001,,,,85,,99,85,,98
Jamaica,JAM,2002,,,,86,,99,86,,97
Jamaica,JAM,2003,36,35,,78,,99,78,,94
Jamaica,JAM,2004,98,98,,86,,96,86,,96
Jamaica,JAM,2005,99,99,,84,,99,84,,99
Jamaica,JAM,2006,97,97,,87,,99,87,,94
Jamaica,JAM,2007,92,91,,76,,93,76,,91
Jamaica,JAM,2008,92,91,,88,,91,88,,90
Jamaica,JAM,2009,90,90,,88,,90,88,,90
Jamaica,JAM,2010,94,94,,89,,94,89,,94
Jamaica,JAM,2011,92,91,,88,,93,88,,92
Jamaica,JAM,2012,96,96,,93,,96,93,,96
Jamaica,JAM,2013,93,93,,94,,86,94,,93
Jamaica,JAM,2014,92,92,,92,,93,92,,92
Jamaica,JAM,2015,91,91,33,91,,91,91,,91
Jamaica,JAM,2016,98,99,95,95,,99,95,,99
Jamaica,JAM,2017,93,93,95,95,,93,95,,93
Jamaica,JAM,2018,97,98,95,89,,98,89,,97
Jamaica,JAM,2019,96,96,97,94,,96,94,,96
Jamaica,JAM,2020,95,96,95,93,,95,93,,96
Jamaica,JAM,2021,89,90,92,88,,90,88,,90
Jamaica,JAM,2022,98,98,94,91,,94,91,,98
Jamaica,JAM,2023,99,99,98,93,,98,93,,99
Jamaica,JAM,2024,99,99,94,94,,98,94,,99
Japan,JPN,1980,,,,69,,,,,60
Japan,JPN,1981,,,,68,,,,,75
Japan,JPN,1982,,,,66,,95,,,81
Japan,JPN,1983,,,,70,,95,,,80
Japan,JPN,1984,,,,73,,95,,,82
Japan,JPN,1985,,,,73,,95,,,83
Japan,JPN,1986,,,,74,,95,,,84
Japan,JPN,1987,,,,75,,95,,,85
Japan,JPN,1988,,,,76,,94,,,86
Japan,JPN,1989,,,,77,,93,77,,87
Japan,JPN,1990,,,,73,,90,73,,90
Japan,JPN,1991,,,,71,,94,71,,92
Japan,JPN,1992,,,,69,,94,69,,87
Japan,JPN,1993,,,,68,,91,68,,85
Japan,JPN,1994,,,,81,,94,81,,80
Japan,JPN,1995,,,,93,,97,93,,74
Japan,JPN,1996,,,,94,,99,94,,99
Japan,JPN,1997,,,,94,,97,94,,70
Japan,JPN,1998,,,,95,,97,95,,75
Japan,JPN,1999,,,,95,,98,95,,80
Japan,JPN,2000,,,,96,,98,96,,85
Japan,JPN,2001,,,,98,,81,98,,95
Japan,JPN,2002,,,,98,,89,98,,96
Japan,JPN,2003,,,,98,,97,98,,97
Japan,JPN,2004,,,,98,,97,98,,99
Japan,JPN,2005,,,,98,,95,98,,98
Japan,JPN,2006,,,,97,,95,97,,98
Japan,JPN,2007,,,,96,,97,96,,98
Japan,JPN,2008,,,,95,,98,95,,98
Japan,JPN,2009,,,,94,,99,94,,97
Japan,JPN,2010,,,,94,,98,94,,97
Japan,JPN,2011,,99,,94,98,96,94,,97
Japan,JPN,2012,,99,,96,98,99,96,,97
Japan,JPN,2013,,99,,95,98,99,95,,96
Japan,JPN,2014,,99,,98,98,99,98,,96
Japan,JPN,2015,,96,99,96,96,99,96,,96
Japan,JPN,2016,,99,99,96,99,99,96,,99
Japan,JPN,2017,,99,99,97,99,97,97,,99
Japan,JPN,2018,,99,99,97,98,98,97,,98
Japan,JPN,2019,99,98,99,96,97,98,96,,98
Japan,JPN,2020,92,95,96,98,95,96,98,,96
Japan,JPN,2021,96,99,99,95,96,99,95,,99
Japan,JPN,2022,96,99,99,98,97,99,98,37,99
Japan,JPN,2023,95,98,98,94,97,98,94,95,98
Japan,JPN,2024,95,96,98,95,91,98,95,94,99
Jordan,JOR,1980,,,,29,,32,,,30
Jordan,JOR,1981,,,,40,,81,,,81
Jordan,JOR,1982,,,,48,,75,,,75
Jordan,JOR,1983,,,,56,,77,,,76
Jordan,JOR,1984,,,,65,,81,,,81
Jordan,JOR,1985,,,,73,,84,,,85
Jordan,JOR,1986,,,,81,,88,,,88
Jordan,JOR,1987,,,,87,,89,,,90
Jordan,JOR,1988,,,,87,,92,,,93
Jordan,JOR,1989,,,,84,,94,,,94
Jordan,JOR,1990,,,,87,,92,,,92
Jordan,JOR,1991,,,,85,,92,,,92
Jordan,JOR,1992,,,,91,,92,,,92
Jordan,JOR,1993,,,,88,,91,,,91
Jordan,JOR,1994,,,,91,,94,,,94
Jordan,JOR,1995,54,,,92,,95,,,95
Jordan,JOR,1996,85,,,94,,96,,,96
Jordan,JOR,1997,90,,,95,,99,,,99
Jordan,JOR,1998,91,,,93,,99,,,99
Jordan,JOR,1999,92,,,83,,85,,,85
Jordan,JOR,2000,93,,,94,,94,83,,91
Jordan,JOR,2001,97,59,,99,,97,87,,99
Jordan,JOR,2002,95,95,,95,,95,90,,95
Jordan,JOR,2003,97,97,,96,,97,91,,97
Jordan,JOR,2004,95,95,,99,,95,98,,95
Jordan,JOR,2005,95,95,,95,,95,92,,95
Jordan,JOR,2006,98,98,,99,,98,88,,98
Jordan,JOR,2007,98,98,,95,,98,97,,98
Jordan,JOR,2008,97,97,,95,,98,90,,97
Jordan,JOR,2009,98,98,,95,,98,90,,98
Jordan,JOR,2010,98,98,,98,,98,95,,98
Jordan,JOR,2011,98,98,,98,,98,95,,98
Jordan,JOR,2012,98,98,,98,,98,96,,98
Jordan,JOR,2013,98,98,,97,,98,98,,98
Jordan,JOR,2014,98,98,,98,,98,98,,98
Jordan,JOR,2015,99,99,99,94,,99,96,88,99
Jordan,JOR,2016,98,98,99,96,,98,99,97,98
Jordan,JOR,2017,99,99,99,93,,99,99,96,99
Jordan,JOR,2018,96,96,95,92,,92,96,93,96
Jordan,JOR,2019,89,89,90,87,,87,93,86,89
Jordan,JOR,2020,77,77,78,76,,76,76,75,77
Jordan,JOR,2021,85,85,85,81,,84,81,84,85
Jordan,JOR,2022,92,92,92,86,,92,86,92,92
Jordan,JOR,2023,96,96,97,95,,95,95,96,96
Jordan,JOR,2024,96,96,97,99,,94,99,93,96
Kazakhstan,KAZ,1992,,,,89,,87,,,81
Kazakhstan,KAZ,1993,,,,91,,69,,,76
Kazakhstan,KAZ,1994,,,,91,,69,,,76
Kazakhstan,KAZ,1995,,,,95,,94,,,93
Kazakhstan,KAZ,1996,,,,97,,98,,,95
Kazakhstan,KAZ,1997,,,,97,,99,,,97
Kazakhstan,KAZ,1998,49,,,99,,99,,,99
Kazakhstan,KAZ,1999,90,,,99,,99,,,98
Kazakhstan,KAZ,2000,99,,,99,,96,,,97
Kazakhstan,KAZ,2001,95,,,95,,95,,,95
Kazakhstan,KAZ,2002,95,,,95,,95,,,95
Kazakhstan,KAZ,2003,99,,,99,,99,,,99
Kazakhstan,KAZ,2004,99,,,99,,99,99,,82
Kazakhstan,KAZ,2005,94,,,99,,99,99,,98
Kazakhstan,KAZ,2006,99,,,99,,99,99,,99
Kazakhstan,KAZ,2007,94,,,99,,94,99,,93
Kazakhstan,KAZ,2008,99,49,,99,,99,99,,99
Kazakhstan,KAZ,2009,99,97,,99,,99,99,,98
Kazakhstan,KAZ,2010,99,96,,99,,98,99,,99
Kazakhstan,KAZ,2011,99,95,,99,,99,99,,99
Kazakhstan,KAZ,2012,95,97,,96,37,99,96,,99
Kazakhstan,KAZ,2013,99,98,,99,52,98,99,,98
Kazakhstan,KAZ,2014,95,95,,99,58,95,99,,95
Kazakhstan,KAZ,2015,98,98,99,99,74,98,99,,98
Kazakhstan,KAZ,2016,83,83,93,99,97,83,99,,83
Kazakhstan,KAZ,2017,99,99,99,99,98,99,99,,99
Kazakhstan,KAZ,2018,98,98,99,99,95,98,99,,98
Kazakhstan,KAZ,2019,97,97,99,99,89,97,99,,97
Kazakhstan,KAZ,2020,88,88,95,93,89,88,93,,88
Kazakhstan,KAZ,2021,95,95,98,97,93,95,97,,95
Kazakhstan,KAZ,2022,99,99,99,99,98,99,99,,99
Kazakhstan,KAZ,2023,97,99,98,99,98,99,99,,99
Kazakhstan,KAZ,2024,98,98,99,93,90,98,93,,98
Kenya,KEN,1984,,,,55,,57,,,58
Kenya,KEN,1985,,,,63,,70,,,70
Kenya,KEN,1986,,,,65,,72,,,72
Kenya,KEN,1987,,,,69,,77,,,77
Kenya,KEN,1988,,,,72,,82,,,82
Kenya,KEN,1989,,,,75,,83,,,83
Kenya,KEN,1990,,,,78,,84,,,84
Kenya,KEN,1991,,,,81,,86,,,86
Kenya,KEN,1992,,,,84,,87,,,87
Kenya,KEN,1993,,,,84,,89,,,89
Kenya,KEN,1994,,,,84,,92,,,92
Kenya,KEN,1995,,,,83,,94,,,94
Kenya,KEN,1996,,,,81,,87,,,87
Kenya,KEN,1997,,,,79,,81,,,79
Kenya,KEN,1998,,,,78,,81,,,81
Kenya,KEN,1999,,,,76,,80,,,82
Kenya,KEN,2000,,,,78,,79,,,82
Kenya,KEN,2001,,,,77,,77,,,80
Kenya,KEN,2002,84,84,,78,,83,,,84
Kenya,KEN,2003,73,73,,72,,75,,,73
Kenya,KEN,2004,73,73,,73,,73,,,73
Kenya,KEN,2005,76,76,,69,,70,,,76
Kenya,KEN,2006,80,80,,77,,77,,,80
Kenya,KEN,2007,81,81,,80,,76,,,81
Kenya,KEN,2008,88,88,,90,,87,,,88
Kenya,KEN,2009,88,88,,88,,89,,,88
Kenya,KEN,2010,90,90,,86,,89,,,90
Kenya,KEN,2011,96,96,,87,85,97,,,96
Kenya,KEN,2012,94,94,,93,82,93,,,94
Kenya,KEN,2013,87,87,,94,77,92,,,87
Kenya,KEN,2014,92,92,,95,84,90,,19,92
Kenya,KEN,2015,89,89,,96,80,79,,66,89
Kenya,KEN,2016,88,88,70,93,83,83,,74,88
Kenya,KEN,2017,81,81,78,84,78,75,84,67,81
Kenya,KEN,2018,91,91,86,92,89,89,92,84,91
Kenya,KEN,2019,93,93,88,92,93,88,92,92,93
Kenya,KEN,2020,93,93,92,89,92,92,89,92,93
Kenya,KEN,2021,95,95,94,90,94,95,90,95,95
Kenya,KEN,2022,94,94,92,89,93,91,89,29,94
Kenya,KEN,2023,93,93,92,91,91,92,91,71,93
Kenya,KEN,2024,91,91,88,88,89,85,88,82,91
Kiribati,KIR,1980,,,,,,10,,,43
Kiribati,KIR,1981,,,,,,20,,,29
Kiribati,KIR,1982,,,,,,40,,,53
Kiribati,KIR,1983,,,,24,,25,,,40
Kiribati,KIR,1984,,,,8,,23,,,18
Kiribati,KIR,1985,,,,4,,15,,,37
Kiribati,KIR,1986,,,,9,,10,,,37
Kiribati,KIR,1987,,,,14,,5,,,36
Kiribati,KIR,1988,,,,54,,62,,,63
Kiribati,KIR,1989,,,,63,,86,,,79
Kiribati,KIR,1990,73,,,75,,97,,,97
Kiribati,KIR,1991,7,,,62,,76,,,70
Kiribati,KIR,1992,6,,,77,,90,,,86
Kiribati,KIR,1993,8,,,89,,99,,,99
Kiribati,KIR,1994,36,,,70,,81,,,71
Kiribati,KIR,1995,36,,,47,,58,,,60
Kiribati,KIR,1996,66,,,64,,82,,,79
Kiribati,KIR,1997,97,,,82,,93,,,91
Kiribati,KIR,1998,89,,,77,,83,,,88
Kiribati,KIR,1999,82,,,62,,76,,,78
Kiribati,KIR,2000,90,,,80,,90,,,90
Kiribati,KIR,2001,85,,,76,,88,,,85
Kiribati,KIR,2002,79,,,88,,96,,,77
Kiribati,KIR,2003,73,,,72,,79,,,70
Kiribati,KIR,2004,67,,,56,,61,56,,62
Kiribati,KIR,2005,50,,,85,,74,85,,79
Kiribati,KIR,2006,88,,,61,,86,61,,86
Kiribati,KIR,2007,96,,,93,,93,93,,94
Kiribati,KIR,2008,83,83,,72,,74,72,,82
Kiribati,KIR,2009,86,86,,82,,84,82,,86
Kiribati,KIR,2010,91,91,,89,,95,89,,91
Kiribati,KIR,2011,95,95,,90,,95,90,,99
Kiribati,KIR,2012,94,94,,91,,92,91,,94
Kiribati,KIR,2013,95,95,,91,40,91,91,,95
Kiribati,KIR,2014,75,75,,88,57,79,88,,75
Kiribati,KIR,2015,82,82,52,84,78,80,84,37,78
Kiribati,KIR,2016,81,81,81,80,79,82,80,79,81
Kiribati,KIR,2017,90,90,87,81,91,90,81,91,90
Kiribati,KIR,2018,95,95,92,84,94,93,84,97,95
Kiribati,KIR,2019,97,97,92,94,97,94,94,99,97
Kiribati,KIR,2020,92,92,83,82,91,91,82,89,92
Kiribati,KIR,2021,90,90,78,80,90,86,80,95,90
Kiribati,KIR,2022,91,91,94,85,91,90,85,94,91
Kiribati,KIR,2023,90,90,87,79,91,87,79,92,90
Kiribati,KIR,2024,94,94,94,79,93,91,79,90,94
Kuwait,KWT,1980,,,,48,,70,,,67
Kuwait,KWT,1981,,,,71,,79,,,79
Kuwait,KWT,1982,,,,79,,84,,,83
Kuwait,KWT,1983,,,,80,,90,,,89
Kuwait,KWT,1984,,,,88,,89,,,89
Kuwait,KWT,1985,,,,91,,91,,,90
Kuwait,KWT,1986,,,,93,,91,,,91
Kuwait,KWT,1987,,,,95,,93,,,92
Kuwait,KWT,1988,,,,97,,94,,,94
Kuwait,KWT,1989,,,,98,,94,,,94
Kuwait,KWT,1990,,,,66,,71,,,71
Kuwait,KWT,1991,,,,75,,80,,,80
Kuwait,KWT,1992,38,,,85,,89,,,88
Kuwait,KWT,1993,91,,,95,,97,,,97
Kuwait,KWT,1994,93,,,98,,99,,,99
Kuwait,KWT,1995,99,,,98,,99,98,,99
Kuwait,KWT,1996,99,,,99,,99,99,,99
Kuwait,KWT,1997,98,,,95,,99,95,,96
Kuwait,KWT,1998,99,94,,99,,94,99,,95
Kuwait,KWT,1999,95,94,,96,,94,96,,94
Kuwait,KWT,2000,95,98,,99,,94,99,,98
Kuwait,KWT,2001,99,99,,99,,99,99,,99
Kuwait,KWT,2002,99,99,,97,,99,97,,99
Kuwait,KWT,2003,99,99,,97,,99,97,,99
Kuwait,KWT,2004,94,98,,97,,98,97,,98
Kuwait,KWT,2005,99,99,,99,,99,99,,99
Kuwait,KWT,2006,99,99,,99,,99,99,,99
Kuwait,KWT,2007,99,99,,99,,99,99,,99
Kuwait,KWT,2008,99,99,,99,99,99,99,,99
Kuwait,KWT,2009,99,99,,99,99,99,99,,99
Kuwait,KWT,2010,99,98,,98,98,98,98,,98
Kuwait,KWT,2011,99,99,,99,99,99,99,,99
Kuwait,KWT,2012,98,98,,99,99,98,99,,98
Kuwait,KWT,2013,99,99,,99,99,99,99,,99
Kuwait,KWT,2014,96,95,,94,94,94,94,,95
Kuwait,KWT,2015,99,99,97,93,99,99,93,,99
Kuwait,KWT,2016,99,99,99,99,99,99,99,,99
Kuwait,KWT,2017,99,99,99,99,99,99,99,3,99
Kuwait,KWT,2018,91,91,98,98,91,98,98,69,91
Kuwait,KWT,2019,92,92,98,97,93,97,97,71,92
Kuwait,KWT,2020,93,93,99,95,94,95,95,73,93
Kuwait,KWT,2021,94,94,99,94,96,94,94,75,94
Kuwait,KWT,2022,96,96,99,99,99,95,99,86,96
Kuwait,KWT,2023,99,99,99,99,99,99,99,88,99
Kuwait,KWT,2024,99,99,99,98,96,99,98,88,99
Kyrgyzstan,KGZ,1992,,,,94,,91,,,84
Kyrgyzstan,KGZ,1993,,,,93,,69,,,64
Kyrgyzstan,KGZ,1994,,,,88,,84,,,82
Kyrgyzstan,KGZ,1995,,,,97,,96,,,93
Kyrgyzstan,KGZ,1996,,,,98,,94,,,98
Kyrgyzstan,KGZ,1997,,,,98,,99,,,98
Kyrgyzstan,KGZ,1998,,,,98,,97,,,97
Kyrgyzstan,KGZ,1999,10,,,99,,99,,,99
Kyrgyzstan,KGZ,2000,44,,,98,,99,,,99
Kyrgyzstan,KGZ,2001,57,,,99,,99,99,,99
Kyrgyzstan,KGZ,2002,99,,,98,,99,98,,98
Kyrgyzstan,KGZ,2003,99,,,99,,98,99,,98
Kyrgyzstan,KGZ,2004,99,,,99,,98,99,,99
Kyrgyzstan,KGZ,2005,97,,,99,,98,99,,98
Kyrgyzstan,KGZ,2006,90,,,97,,93,97,,92
Kyrgyzstan,KGZ,2007,94,,,99,,94,99,,94
Kyrgyzstan,KGZ,2008,97,,,99,,95,99,,95
Kyrgyzstan,KGZ,2009,96,,,99,,96,99,,95
Kyrgyzstan,KGZ,2010,96,96,,99,,88,99,,96
Kyrgyzstan,KGZ,2011,96,96,,97,,94,97,,96
Kyrgyzstan,KGZ,2012,96,96,,98,,94,98,,96
Kyrgyzstan,KGZ,2013,97,97,,99,,97,99,,97
Kyrgyzstan,KGZ,2014,96,96,,96,,95,96,,96
Kyrgyzstan,KGZ,2015,97,97,,99,,97,99,,97
Kyrgyzstan,KGZ,2016,96,96,,97,,97,97,,96
Kyrgyzstan,KGZ,2017,92,92,,95,88,93,95,,92
Kyrgyzstan,KGZ,2018,94,93,54,96,92,92,96,,94
Kyrgyzstan,KGZ,2019,95,94,94,96,96,97,96,,95
Kyrgyzstan,KGZ,2020,86,86,86,92,90,87,92,52,87
Kyrgyzstan,KGZ,2021,89,88,87,93,90,90,93,90,89
Kyrgyzstan,KGZ,2022,90,90,91,94,92,92,94,86,90
Kyrgyzstan,KGZ,2023,87,86,86,96,91,92,96,87,86
Kyrgyzstan,KGZ,2024,84,84,85,96,86,92,96,85,85
Laos,LAO,1981,,,,7,,7,,,7
Laos,LAO,1982,,,,7,,7,,,7
Laos,LAO,1983,,,,7,,7,,,7
Laos,LAO,1984,,,,6,,5,,,5
Laos,LAO,1985,,,,6,,4,,,4
Laos,LAO,1986,,,,10,,6,,,5
Laos,LAO,1987,,,,11,,10,,,10
Laos,LAO,1988,,,,23,,17,,,17
Laos,LAO,1989,,,,20,,22,,,21
Laos,LAO,1990,,,,32,,26,,,18
Laos,LAO,1991,,,,47,,22,,,22
Laos,LAO,1992,,,,46,,27,,,23
Laos,LAO,1993,,,,46,,26,,,25
Laos,LAO,1994,,,,73,,58,,,48
Laos,LAO,1995,,,,68,,64,,,54
Laos,LAO,1996,,,,73,,68,,,58
Laos,LAO,1997,,,,67,,69,,,60
Laos,LAO,1998,,,,71,,67,,,54
Laos,LAO,1999,,,,71,,64,,,55
Laos,LAO,2000,,,,42,,57,,,51
Laos,LAO,2001,,,,50,,55,,,52
Laos,LAO,2002,,,,55,,55,,,53
Laos,LAO,2003,50,,,42,,52,,,49
Laos,LAO,2004,45,,,36,,46,,,45
Laos,LAO,2005,49,,,41,,50,,,49
Laos,LAO,2006,57,,,48,,56,,,57
Laos,LAO,2007,50,,,40,,46,,,50
Laos,LAO,2008,61,,,52,,60,,,61
Laos,LAO,2009,67,,,59,,67,,,67
Laos,LAO,2010,74,74,,64,,76,,,74
Laos,LAO,2011,76,76,,67,,78,,,76
Laos,LAO,2012,77,77,,69,,76,69,,77
Laos,LAO,2013,83,83,,78,,82,78,,83
Laos,LAO,2014,83,83,,81,68,83,81,,83
Laos,LAO,2015,82,82,11,78,71,85,78,,82
Laos,LAO,2016,82,82,59,76,78,84,76,,82
Laos,LAO,2017,78,78,71,78,76,83,78,,78
Laos,LAO,2018,75,75,68,75,74,81,75,,75
Laos,LAO,2019,66,66,62,70,62,73,70,,66
Laos,LAO,2020,61,61,58,63,58,68,63,,61
Laos,LAO,2021,65,65,60,62,60,67,62,,65
Laos,LAO,2022,70,70,64,65,64,62,65,,70
Laos,LAO,2023,74,74,69,69,67,76,69,,74
Laos,LAO,2024,67,67,63,69,63,70,69,,67
Latin America and the Caribbean (UNICEF),,1980,,,,42,,60,0,,37
Latin America and the Caribbean (UNICEF),,1981,,,,49,,52,0,,42
Latin America and the Caribbean (UNICEF),,1982,,,,48,,58,0,,47
Latin America and the Caribbean (UNICEF),,1983,,,,48,,60,0,,49
Latin America and the Caribbean (UNICEF),,1984,,,,52,,67,0,,56
Latin America and the Caribbean (UNICEF),,1985,0,,,60,,59,0,,55
Latin America and the Caribbean (UNICEF),,1986,0,,,61,,65,2,,56
Latin America and the Caribbean (UNICEF),,1987,0,,,60,,68,3,,59
Latin America and the Caribbean (UNICEF),,1988,0,,,66,,73,3,,62
Latin America and the Caribbean (UNICEF),,1989,0,,,69,,72,3,,64
Latin America and the Caribbean (UNICEF),,1990,0,0,,76,,70,5,,68
Latin America and the Caribbean (UNICEF),,1991,0,0,,80,,76,6,,78
Latin America and the Caribbean (UNICEF),,1992,0,0,,82,,77,5,,77
Latin America and the Caribbean (UNICEF),,1993,1,0,,82,,76,6,,79
Latin America and the Caribbean (UNICEF),,1994,2,0,,82,,80,6,,80
Latin America and the Caribbean (UNICEF),,1995,10,0,,86,,84,13,,83
Latin America and the Caribbean (UNICEF),,1996,13,2,,84,,84,13,,82
Latin America and the Caribbean (UNICEF),,1997,11,2,,89,,87,23,,83
Latin America and the Caribbean (UNICEF),,1998,13,11,,91,,88,49,,86
Latin America and the Caribbean (UNICEF),,1999,36,17,,92,,91,49,,89
Latin America and the Caribbean (UNICEF),,2000,65,69,,93,,91,82,,91
Latin America and the Caribbean (UNICEF),,2001,68,72,,95,,92,86,,90
Latin America and the Caribbean (UNICEF),,2002,73,76,,93,,92,85,,91
Latin America and the Caribbean (UNICEF),,2003,83,82,,94,,94,91,,92
Latin America and the Caribbean (UNICEF),,2004,86,87,,93,,92,92,,93
Latin America and the Caribbean (UNICEF),,2005,90,92,,92,,92,91,,94
Latin America and the Caribbean (UNICEF),,2006,91,91,,94,,94,93,15,93
Latin America and the Caribbean (UNICEF),,2007,91,91,,94,,93,93,26,93
Latin America and the Caribbean (UNICEF),,2008,90,90,,95,3,94,95,53,92
Latin America and the Caribbean (UNICEF),,2009,92,92,,94,11,93,94,62,94
Latin America and the Caribbean (UNICEF),,2010,90,91,,93,35,93,93,66,93
Latin America and the Caribbean (UNICEF),,2011,91,91,,94,60,93,94,73,93
Latin America and the Caribbean (UNICEF),,2012,92,91,,95,71,93,95,75,93
Latin America and the Caribbean (UNICEF),,2013,89,90,,92,76,88,92,74,90
Latin America and the Caribbean (UNICEF),,2014,89,89,,93,80,89,93,75,89
Latin America and the Caribbean (UNICEF),,2015,87,90,62,93,82,91,93,80,90
Latin America and the Caribbean (UNICEF),,2016,87,89,86,93,79,84,93,76,89
Latin America and the Caribbean (UNICEF),,2017,79,83,90,86,78,85,86,72,85
Latin America and the Caribbean (UNICEF),,2018,79,85,87,91,78,85,91,73,86
Latin America and the Caribbean (UNICEF),,2019,75,80,86,86,77,85,86,73,80
Latin America and the Caribbean (UNICEF),,2020,77,76,82,84,74,76,84,69,76
Latin America and the Caribbean (UNICEF),,2021,76,75,79,83,71,74,83,68,75
Latin America and the Caribbean (UNICEF),,2022,79,79,82,81,73,78,81,73,79
Latin America and the Caribbean (UNICEF),,2023,83,83,84,83,73,82,83,74,83
Latin America and the Caribbean (UNICEF),,2024,82,82,85,86,76,79,86,74,82
Latvia,LVA,1992,,,,95,,95,,,87
Latvia,LVA,1993,,,,80,,83,80,,80
Latvia,LVA,1994,,10,,81,,98,81,,97
Latvia,LVA,1995,,58,,81,,98,81,,98
Latvia,LVA,1996,,35,,96,,93,96,,93
Latvia,LVA,1997,6,67,,97,,92,97,,92
Latvia,LVA,1998,9,47,,97,,94,97,,94
Latvia,LVA,1999,94,76,,97,,95,97,,95
Latvia,LVA,2000,95,79,,97,,96,97,,96
Latvia,LVA,2001,96,84,,98,,97,98,,97
Latvia,LVA,2002,98,87,,98,,98,98,,97
Latvia,LVA,2003,98,96,,98,,98,98,,98
Latvia,LVA,2004,98,98,,98,,99,98,,99
Latvia,LVA,2005,99,99,,98,,99,98,,99
Latvia,LVA,2006,94,96,,98,,96,98,,96
Latvia,LVA,2007,91,94,,95,,94,95,,94
Latvia,LVA,2008,93,94,,96,,94,96,,94
Latvia,LVA,2009,92,94,,92,,94,92,,94
Latvia,LVA,2010,91,90,,95,,92,95,,92
Latvia,LVA,2011,89,91,,92,76,92,92,,92
Latvia,LVA,2012,90,90,,90,55,91,90,,91
Latvia,LVA,2013,94,94,,96,87,94,96,,94
Latvia,LVA,2014,92,92,,95,84,92,95,,92
Latvia,LVA,2015,94,94,98,96,85,94,96,,94
Latvia,LVA,2016,98,98,99,93,84,98,93,43,98
Latvia,LVA,2017,98,98,98,96,87,98,96,78,98
Latvia,LVA,2018,96,96,97,98,84,96,98,79,96
Latvia,LVA,2019,99,99,99,99,84,99,99,85,99
Latvia,LVA,2020,99,99,99,99,91,99,99,86,99
Latvia,LVA,2021,94,93,96,97,92,94,97,84,94
Latvia,LVA,2022,95,95,99,96,87,95,96,86,95
Latvia,LVA,2023,97,98,98,97,95,98,97,86,98
Latvia,LVA,2024,99,97,98,98,92,97,98,86,97
Lebanon,LBN,1981,,,,,,4,,,2
Lebanon,LBN,1982,,,,1,,9,,,4
Lebanon,LBN,1983,,,,8,,6,,,4
Lebanon,LBN,1984,,,,16,,4,,,4
Lebanon,LBN,1985,,,,23,,17,,,17
Lebanon,LBN,1986,,,,30,,30,,,30
Lebanon,LBN,1987,,,,39,,46,,,46
Lebanon,LBN,1988,,,,48,,62,,,63
Lebanon,LBN,1989,,,,58,,78,,,79
Lebanon,LBN,1990,,,,61,,82,,,82
Lebanon,LBN,1991,,,,65,,86,,,86
Lebanon,LBN,1992,,,,76,,88,,,90
Lebanon,LBN,1993,,,,88,,91,,,91
Lebanon,LBN,1994,,,,88,,93,,,92
Lebanon,LBN,1995,,,,85,,93,85,,93
Lebanon,LBN,1996,,,,85,,94,85,,93
Lebanon,LBN,1997,,,,89,,92,89,,92
Lebanon,LBN,1998,,,,83,,89,83,,89
Lebanon,LBN,1999,86,,,77,,86,77,,86
Lebanon,LBN,2000,83,,,71,,83,71,,83
Lebanon,LBN,2001,80,,,65,,80,65,,80
Lebanon,LBN,2002,77,,,59,,77,59,,77
Lebanon,LBN,2003,74,74,,53,,74,53,,74
Lebanon,LBN,2004,75,75,,60,,74,60,,75
Lebanon,LBN,2005,77,77,,67,,74,67,,77
Lebanon,LBN,2006,78,78,,75,,75,75,,78
Lebanon,LBN,2007,80,80,,82,,75,82,,80
Lebanon,LBN,2008,81,81,,89,,75,89,,81
Lebanon,LBN,2009,81,82,,88,,76,88,,81
Lebanon,LBN,2010,81,83,,86,,77,86,,82
Lebanon,LBN,2011,80,83,,85,,79,85,,82
Lebanon,LBN,2012,80,84,,83,,80,83,,83
Lebanon,LBN,2013,80,85,,82,,81,82,,83
Lebanon,LBN,2014,80,85,,82,,81,82,,83
Lebanon,LBN,2015,80,85,96,82,,81,82,,83
Lebanon,LBN,2016,80,85,96,82,,81,82,,83
Lebanon,LBN,2017,80,85,96,82,82,81,82,,83
Lebanon,LBN,2018,80,85,96,82,82,81,82,,83
Lebanon,LBN,2019,80,85,96,82,82,81,82,,83
Lebanon,LBN,2020,68,73,82,74,74,67,74,,71
Lebanon,LBN,2021,64,69,80,67,67,64,67,,67
Lebanon,LBN,2022,64,69,80,67,67,52,67,,67
Lebanon,LBN,2023,50,55,86,67,67,48,67,40,53
Lebanon,LBN,2024,46,51,86,67,67,47,67,45,49
Lesotho,LSO,1980,,,,49,,56,,,56
Lesotho,LSO,1981,,,,49,,54,,,56
Lesotho,LSO,1982,,,,51,,59,,,61
Lesotho,LSO,1983,,,,53,,64,,,66
Lesotho,LSO,1984,,,,63,,72,,,74
Lesotho,LSO,1985,,,,73,,80,,,82
Lesotho,LSO,1986,,,,76,,79,,,81
Lesotho,LSO,1987,,,,78,,78,,,79
Lesotho,LSO,1988,,,,79,,79,,,80
Lesotho,LSO,1989,,,,79,,81,,,81
Lesotho,LSO,1990,,,,80,,82,,,82
Lesotho,LSO,1991,,,,81,,83,,,84
Lesotho,LSO,1992,,,,81,,84,,,85
Lesotho,LSO,1993,,,,82,,86,,,86
Lesotho,LSO,1994,,,,82,,87,,,87
Lesotho,LSO,1995,,,,83,,88,,,88
Lesotho,LSO,1996,,,,82,,87,,,87
Lesotho,LSO,1997,,,,80,,86,,,87
Lesotho,LSO,1998,,,,79,,86,,,88
Lesotho,LSO,1999,,,,77,,86,,,88
Lesotho,LSO,2000,,,,74,,82,,,84
Lesotho,LSO,2001,,,,70,,78,,,79
Lesotho,LSO,2002,,,,78,,84,,,85
Lesotho,LSO,2003,17,,,85,,90,,,90
Lesotho,LSO,2004,60,,,84,,89,,,90
Lesotho,LSO,2005,87,,,83,,88,,,89
Lesotho,LSO,2006,91,,,82,,88,,,89
Lesotho,LSO,2007,90,,,81,,87,,,88
Lesotho,LSO,2008,88,,,80,,86,,,88
Lesotho,LSO,2009,91,91,,84,,89,,,91
Lesotho,LSO,2010,93,94,,88,,92,,,93
Lesotho,LSO,2011,96,96,,92,,95,,,96
Lesotho,LSO,2012,95,95,,91,,93,,,95
Lesotho,LSO,2013,93,93,,90,,90,,,93
Lesotho,LSO,2014,88,88,,92,,88,,,88
Lesotho,LSO,2015,83,83,,93,29,85,,,83
Lesotho,LSO,2016,87,87,44,90,66,87,,,87
Lesotho,LSO,2017,89,89,0,89,82,88,89,,89
Lesotho,LSO,2018,90,90,39,89,83,90,89,70,90
Lesotho,LSO,2019,92,92,92,90,95,94,90,94,92
Lesotho,LSO,2020,93,93,93,90,95,96,90,92,93
Lesotho,LSO,2021,95,95,97,90,95,98,90,79,95
Lesotho,LSO,2022,92,92,90,84,93,65,84,91,92
Lesotho,LSO,2023,90,90,87,76,90,87,76,83,90
Lesotho,LSO,2024,86,86,87,90,86,86,90,72,86
Liberia,LBR,1999,,,,69,,58,,,52
Liberia,LBR,2000,,,,63,,56,,,48
Liberia,LBR,2001,,,,58,,54,,,44
Liberia,LBR,2002,,,,52,,51,,,39
Liberia,LBR,2003,,,,47,,49,,,35
Liberia,LBR,2004,,,,41,,47,,,31
Liberia,LBR,2005,,,,62,,66,,,60
Liberia,LBR,2006,,,,63,,66,,,60
Liberia,LBR,2007,,,,71,,67,,,65
Liberia,LBR,2008,75,75,,76,,79,,,75
Liberia,LBR,2009,81,81,,83,,84,,,81
Liberia,LBR,2010,70,70,,65,,71,,,70
Liberia,LBR,2011,77,77,,71,,77,,,77
Liberia,LBR,2012,80,80,,80,,80,,,80
Liberia,LBR,2013,80,80,,74,,80,,,80
Liberia,LBR,2014,63,63,,58,25,62,,,63
Liberia,LBR,2015,65,65,,64,36,65,,,65
Liberia,LBR,2016,73,73,,70,73,73,,48,73
Liberia,LBR,2017,80,80,29,75,78,79,,70,80
Liberia,LBR,2018,81,81,65,74,78,79,,72,81
Liberia,LBR,2019,71,71,66,68,68,69,,59,71
Liberia,LBR,2020,66,66,67,61,65,67,,60,66
Liberia,LBR,2021,67,67,64,58,65,64,,63,67
Liberia,LBR,2022,79,79,71,79,74,52,,72,79
Liberia,LBR,2023,83,83,82,82,80,72,,82,83
Liberia,LBR,2024,83,83,82,82,80,72,,82,83
Libya,LBY,1980,,,,61,,60,,,60
Libya,LBY,1981,,,,66,,67,,,67
Libya,LBY,1982,,,,65,,72,,,72
Libya,LBY,1983,,,,71,,79,,,79
Libya,LBY,1984,,,,76,,81,,,81
Libya,LBY,1985,,,,75,,81,,,81
Libya,LBY,1986,,,,78,,82,,,82
Libya,LBY,1987,,,,75,,82,,,82
Libya,LBY,1988,,,,76,,84,,,84
Libya,LBY,1989,,,,79,,87,,,87
Libya,LBY,1990,,,,89,,84,,,84
Libya,LBY,1991,,,,87,,87,,,87
Libya,LBY,1992,88,,,88,,90,,,90
Libya,LBY,1993,91,,,91,,96,,,96
Libya,LBY,1994,92,,,92,,95,,,95
Libya,LBY,1995,92,,,92,,95,92,,95
Libya,LBY,1996,93,,,93,,96,93,,96
Libya,LBY,1997,91,,,91,,96,91,,96
Libya,LBY,1998,92,,,92,,95,92,,95
Libya,LBY,1999,92,,,92,,94,92,,94
Libya,LBY,2000,92,,,93,,94,93,,94
Libya,LBY,2001,93,,,93,,94,93,,94
Libya,LBY,2002,91,,,91,,93,91,,93
Libya,LBY,2003,96,,,96,,95,96,,95
Libya,LBY,2004,99,,,99,,97,99,,97
Libya,LBY,2005,97,,,97,,98,97,,98
Libya,LBY,2006,98,,,98,,98,98,,98
Libya,LBY,2007,98,56,,98,,98,98,,98
Libya,LBY,2008,98,98,,98,,98,98,,98
Libya,LBY,2009,98,98,,98,,98,98,,98
Libya,LBY,2010,98,98,,98,,98,98,,98
Libya,LBY,2011,98,98,,98,,98,98,,98
Libya,LBY,2012,98,98,,98,,98,98,,98
Libya,LBY,2013,96,96,,96,,96,96,,96
Libya,LBY,2014,94,94,,93,39,94,93,86,94
Libya,LBY,2015,97,97,98,98,71,97,98,93,97
Libya,LBY,2016,97,97,98,97,96,97,97,97,97
Libya,LBY,2017,97,97,99,95,95,97,95,97,97
Libya,LBY,2018,73,73,74,73,72,73,73,73,73
Libya,LBY,2019,73,73,74,73,73,73,73,73,73
Libya,LBY,2020,73,73,74,73,73,73,73,73,73
Libya,LBY,2021,73,73,74,73,73,73,73,73,73
Libya,LBY,2022,73,73,74,73,73,73,73,73,73
Libya,LBY,2023,73,73,74,73,73,73,73,73,73
Libya,LBY,2024,86,86,90,89,89,86,89,82,86
Lithuania,LTU,1992,,,,89,,88,89,,78
Lithuania,LTU,1993,,,,92,,86,92,,83
Lithuania,LTU,1994,,,,93,,88,93,,83
Lithuania,LTU,1995,,,,94,,89,94,,90
Lithuania,LTU,1996,,,,96,,93,96,,91
Lithuania,LTU,1997,,,,96,,95,96,,90
Lithuania,LTU,1998,73,,,97,,88,97,,93
Lithuania,LTU,1999,96,2,,97,,88,97,,93
Lithuania,LTU,2000,98,2,,97,,92,97,,94
Lithuania,LTU,2001,95,4,,97,,97,97,,95
Lithuania,LTU,2002,94,5,,98,,97,98,,95
Lithuania,LTU,2003,95,10,,98,,91,98,,94
Lithuania,LTU,2004,94,35,,98,,90,98,,94
Lithuania,LTU,2005,95,61,,97,,93,97,,94
Lithuania,LTU,2006,95,94,,97,,94,97,,94
Lithuania,LTU,2007,96,95,,97,,95,97,,95
Lithuania,LTU,2008,96,96,,97,,96,97,,96
Lithuania,LTU,2009,95,98,,96,,98,96,,98
Lithuania,LTU,2010,94,95,,96,,95,96,,95
Lithuania,LTU,2011,95,92,,94,,92,94,,92
Lithuania,LTU,2012,93,93,,93,,93,93,,93
Lithuania,LTU,2013,93,93,,93,,93,93,,93
Lithuania,LTU,2014,94,93,,93,,93,93,,93
Lithuania,LTU,2015,94,93,97,94,,93,94,,93
Lithuania,LTU,2016,95,94,97,94,82,94,94,,94
Lithuania,LTU,2017,94,94,97,94,83,94,94,,94
Lithuania,LTU,2018,93,92,95,92,82,92,92,1,92
Lithuania,LTU,2019,92,92,96,93,82,92,93,45,92
Lithuania,LTU,2020,91,91,95,90,83,91,90,48,91
Lithuania,LTU,2021,90,90,93,88,82,90,88,48,90
Lithuania,LTU,2022,90,90,93,87,81,90,87,49,90
Lithuania,LTU,2023,90,90,93,87,82,90,87,74,90
Lithuania,LTU,2024,87,89,92,86,87,89,86,77,89
Low-income countries,OWID_LIC,1980,,,,8,,7,0,,6
Low-income countries,OWID_LIC,1981,,,,15,,13,0,,15
Low-income countries,OWID_LIC,1982,,,,18,,16,0,,16
Low-income countries,OWID_LIC,1983,,,,19,,17,0,,18
Low-income countries,OWID_LIC,1984,,,,20,,19,0,,20
Low-income countries,OWID_LIC,1985,0,,,25,,23,0,,23
Low-income countries,OWID_LIC,1986,0,,,32,,30,0,,29
Low-income countries,OWID_LIC,1987,0,,,35,,35,0,,35
Low-income countries,OWID_LIC,1988,0,,,43,,40,0,,41
Low-income countries,OWID_LIC,1989,0,,,52,,49,0,,50
Low-income countries,OWID_LIC,1990,0,0,,54,,54,0,,53
Low-income countries,OWID_LIC,1991,0,0,,49,,48,0,,47
Low-income countries,OWID_LIC,1992,0,0,,48,,49,0,,47
Low-income countries,OWID_LIC,1993,1,0,,50,,48,0,,48
Low-income countries,OWID_LIC,1994,3,0,,48,,43,0,,42
Low-income countries,OWID_LIC,1995,4,0,,49,,46,0,,45
Low-income countries,OWID_LIC,1996,4,0,,47,,46,0,,45
Low-income countries,OWID_LIC,1997,4,0,,45,,45,0,,44
Low-income countries,OWID_LIC,1998,4,0,,45,,46,0,,45
Low-income countries,OWID_LIC,1999,4,0,,49,,51,3,,48
Low-income countries,OWID_LIC,2000,4,0,,51,,53,3,,51
Low-income countries,OWID_LIC,2001,6,4,,54,,55,3,,54
Low-income countries,OWID_LIC,2002,20,11,,56,,57,3,,55
Low-income countries,OWID_LIC,2003,27,13,,61,,61,3,,60
Low-income countries,OWID_LIC,2004,32,16,,65,,64,3,,65
Low-income countries,OWID_LIC,2005,38,19,,67,,69,3,,69
Low-income countries,OWID_LIC,2006,46,25,,69,,71,3,0,71
Low-income countries,OWID_LIC,2007,64,28,,70,,73,3,0,73
Low-income countries,OWID_LIC,2008,66,42,,70,0,73,3,0,73
Low-income countries,OWID_LIC,2009,72,70,,72,0,74,3,0,74
Low-income countries,OWID_LIC,2010,71,69,,74,3,76,3,0,74
Low-income countries,OWID_LIC,2011,72,70,,73,9,72,3,2,75
Low-income countries,OWID_LIC,2012,71,70,,73,21,74,3,9,74
Low-income countries,OWID_LIC,2013,74,73,,73,31,73,2,15,74
Low-income countries,OWID_LIC,2014,74,74,,73,54,75,2,27,75
Low-income countries,OWID_LIC,2015,74,75,21,72,61,75,10,32,75
Low-income countries,OWID_LIC,2016,75,75,47,71,65,75,11,39,75
Low-income countries,OWID_LIC,2017,76,76,44,72,67,76,16,41,76
Low-income countries,OWID_LIC,2018,76,76,65,72,68,75,22,47,76
Low-income countries,OWID_LIC,2019,77,77,76,72,68,77,22,51,77
Low-income countries,OWID_LIC,2020,74,74,74,70,65,74,31,56,74
Low-income countries,OWID_LIC,2021,71,72,73,67,61,70,30,59,72
Low-income countries,OWID_LIC,2022,72,72,75,67,62,71,30,58,72
Low-income countries,OWID_LIC,2023,70,70,73,65,59,68,30,55,70
Low-income countries,OWID_LIC,2024,70,70,72,66,59,68,35,57,70
Lower-middle-income countries,OWID_LMC,1980,,,,3,,7,0,,9
Lower-middle-income countries,OWID_LMC,1981,,,,4,,8,0,,10
Lower-middle-income countries,OWID_LMC,1982,,,,5,,12,0,,14
Lower-middle-income countries,OWID_LMC,1983,,,,8,,15,0,,17
Lower-middle-income countries,OWID_LMC,1984,,,,12,,19,0,,21
Lower-middle-income countries,OWID_LMC,1985,0,,,17,,25,0,,26
Lower-middle-income countries,OWID_LMC,1986,0,,,25,,28,0,,30
Lower-middle-income countries,OWID_LMC,1987,0,,,34,,36,0,,37
Lower-middle-income countries,OWID_LMC,1988,0,,,42,,43,0,,45
Lower-middle-income countries,OWID_LMC,1989,0,,,53,,56,0,,55
Lower-middle-income countries,OWID_LMC,1990,0,0,,61,,67,0,,69
Lower-middle-income countries,OWID_LMC,1991,0,0,,55,,62,0,,60
Lower-middle-income countries,OWID_LMC,1992,0,0,,59,,59,0,,60
Lower-middle-income countries,OWID_LMC,1993,0,0,,63,,61,0,,61
Lower-middle-income countries,OWID_LMC,1994,2,0,,67,,66,0,,66
Lower-middle-income countries,OWID_LMC,1995,4,0,,69,,68,0,,68
Lower-middle-income countries,OWID_LMC,1996,5,0,,66,,66,1,,65
Lower-middle-income countries,OWID_LMC,1997,5,0,,62,,65,1,,64
Lower-middle-income countries,OWID_LMC,1998,5,0,,61,,64,1,,64
Lower-middle-income countries,OWID_LMC,1999,6,0,,62,,63,4,,63
Lower-middle-income countries,OWID_LMC,2000,6,1,,62,,63,5,,64
Lower-middle-income countries,OWID_LMC,2001,8,1,,63,,64,5,,64
Lower-middle-income countries,OWID_LMC,2002,14,4,,63,,65,5,,64
Lower-middle-income countries,OWID_LMC,2003,24,4,,66,,66,5,,67
Lower-middle-income countries,OWID_LMC,2004,29,5,,69,,67,6,,69
Lower-middle-income countries,OWID_LMC,2005,36,5,,71,,70,6,,70
Lower-middle-income countries,OWID_LMC,2006,41,6,,71,,70,7,0,70
Lower-middle-income countries,OWID_LMC,2007,44,8,,72,,72,7,0,69
Lower-middle-income countries,OWID_LMC,2008,56,9,,74,0,73,7,0,73
Lower-middle-income countries,OWID_LMC,2009,61,26,,78,0,76,7,1,76
Lower-middle-income countries,OWID_LMC,2010,60,29,,79,0,76,11,1,78
Lower-middle-income countries,OWID_LMC,2011,62,32,,79,3,78,11,2,80
Lower-middle-income countries,OWID_LMC,2012,73,37,,78,5,77,12,3,78
Lower-middle-income countries,OWID_LMC,2013,71,47,,79,16,78,19,6,77
Lower-middle-income countries,OWID_LMC,2014,77,55,,80,21,79,23,9,80
Lower-middle-income countries,OWID_LMC,2015,81,65,13,81,30,80,27,14,81
Lower-middle-income countries,OWID_LMC,2016,83,80,43,82,35,82,28,16,83
Lower-middle-income countries,OWID_LMC,2017,83,83,43,83,40,83,34,21,83
Lower-middle-income countries,OWID_LMC,2018,85,85,66,85,43,84,70,35,85
Lower-middle-income countries,OWID_LMC,2019,86,86,81,86,48,86,71,45,86
Lower-middle-income countries,OWID_LMC,2020,82,82,81,83,51,81,68,57,82
Lower-middle-income countries,OWID_LMC,2021,81,81,80,81,51,80,66,57,81
Lower-middle-income countries,OWID_LMC,2022,85,85,85,84,67,84,77,61,85
Lower-middle-income countries,OWID_LMC,2023,85,85,86,84,70,85,78,66,85
Lower-middle-income countries,OWID_LMC,2024,86,86,87,86,75,86,79,68,86
Luxembourg,LUX,1983,,,,39,,90,,,75
Luxembourg,LUX,1984,,,,49,,90,,,68
Luxembourg,LUX,1985,,,,58,,90,,,77
Luxembourg,LUX,1986,,,,68,,90,,,86
Luxembourg,LUX,1987,,,,77,,90,,,95
Luxembourg,LUX,1988,,,,71,,90,,,90
Luxembourg,LUX,1989,,,,80,,90,,,90
Luxembourg,LUX,1990,,,,80,,90,,,90
Luxembourg,LUX,1991,,,,80,,90,,,91
Luxembourg,LUX,1992,,,,80,,90,,,93
Luxembourg,LUX,1993,,,,83,,92,,,94
Luxembourg,LUX,1994,,,,86,,94,,,95
Luxembourg,LUX,1995,,,,88,,96,88,,97
Luxembourg,LUX,1996,,,,91,,98,91,,98
Luxembourg,LUX,1997,49,86,,91,,98,91,,98
Luxembourg,LUX,1998,58,88,,92,,98,92,,98
Luxembourg,LUX,1999,67,91,,92,,99,92,,98
Luxembourg,LUX,2000,77,93,,93,,99,93,,99
Luxembourg,LUX,2001,86,96,,94,,99,94,,99
Luxembourg,LUX,2002,95,98,,94,,99,94,,99
Luxembourg,LUX,2003,95,98,,95,,99,95,,98
Luxembourg,LUX,2004,94,98,,95,,99,95,,99
Luxembourg,LUX,2005,95,98,,95,,99,95,,99
Luxembourg,LUX,2006,95,98,,95,,99,95,,99
Luxembourg,LUX,2007,87,99,,96,,96,96,,99
Luxembourg,LUX,2008,94,99,,96,86,96,96,,99
Luxembourg,LUX,2009,95,99,,96,86,96,96,86,99
Luxembourg,LUX,2010,94,99,,96,86,96,96,87,99
Luxembourg,LUX,2011,95,99,,96,86,96,96,88,99
Luxembourg,LUX,2012,94,99,,99,95,99,99,89,99
Luxembourg,LUX,2013,94,99,,99,95,99,99,89,99
Luxembourg,LUX,2014,94,99,,99,95,99,99,89,99
Luxembourg,LUX,2015,94,99,99,99,95,99,99,89,99
Luxembourg,LUX,2016,94,99,99,99,95,99,99,89,99
Luxembourg,LUX,2017,94,99,99,99,95,99,99,89,99
Luxembourg,LUX,2018,96,99,99,99,96,99,99,89,99
Luxembourg,LUX,2019,96,99,99,96,96,99,96,89,99
Luxembourg,LUX,2020,96,99,99,99,96,99,99,89,99
Luxembourg,LUX,2021,96,99,99,99,96,99,99,89,99
Luxembourg,LUX,2022,97,99,99,99,97,99,99,89,99
Luxembourg,LUX,2023,98,99,99,99,97,99,99,89,99
Luxembourg,LUX,2024,98,99,99,99,97,99,99,89,99
Madagascar,MDG,1982,,,,,,8,,,15
Madagascar,MDG,1983,,,,,,11,,,23
Madagascar,MDG,1984,,,,1,,13,,,19
Madagascar,MDG,1985,,,,6,,21,,,23
Madagascar,MDG,1986,,,,18,,28,,,30
Madagascar,MDG,1987,,,,28,,34,,,35
Madagascar,MDG,1988,,,,36,,41,,,42
Madagascar,MDG,1989,,,,44,,42,,,45
Madagascar,MDG,1990,,,,47,,46,,,46
Madagascar,MDG,1991,,,,54,,54,,,53
Madagascar,MDG,1992,,,,54,,64,,,65
Madagascar,MDG,1993,,,,54,,64,,,66
Madagascar,MDG,1994,,,,63,,64,,,66
Madagascar,MDG,1995,,,,55,,56,,,57
Madagascar,MDG,1996,,,,46,,48,,,49
Madagascar,MDG,1997,,,,46,,48,,,49
Madagascar,MDG,1998,,,,51,,53,,,52
Madagascar,MDG,1999,,,,55,,57,,,55
Madagascar,MDG,2000,,,,57,,58,,,57
Madagascar,MDG,2001,,,,59,,60,,,60
Madagascar,MDG,2002,51,,,61,,61,,,62
Madagascar,MDG,2003,61,,,65,,65,,,66
Madagascar,MDG,2004,71,,,79,,74,,,78
Madagascar,MDG,2005,81,,,74,,80,,,85
Madagascar,MDG,2006,82,,,71,,83,,,85
Madagascar,MDG,2007,84,,,81,,83,,,84
Madagascar,MDG,2008,77,52,,70,,77,,,77
Madagascar,MDG,2009,77,77,,63,,76,,,77
Madagascar,MDG,2010,70,71,,66,,70,,,70
Madagascar,MDG,2011,73,73,,62,,73,,,73
Madagascar,MDG,2012,68,68,,63,,71,,,68
Madagascar,MDG,2013,70,70,,64,76,72,,,70
Madagascar,MDG,2014,68,68,,66,68,71,,50,68
Madagascar,MDG,2015,62,62,30,60,62,68,,60,62
Madagascar,MDG,2016,68,68,50,62,65,72,,69,68
Madagascar,MDG,2017,65,65,63,55,63,69,,62,65
Madagascar,MDG,2018,74,74,71,68,73,71,,72,74
Madagascar,MDG,2019,69,69,68,60,69,69,,72,69
Madagascar,MDG,2020,67,67,64,55,67,66,,69,67
Madagascar,MDG,2021,55,55,56,43,56,55,,54,55
Madagascar,MDG,2022,57,57,57,44,57,55,,53,57
Madagascar,MDG,2023,65,65,63,51,64,63,,62,65
Madagascar,MDG,2024,60,60,63,46,64,62,,60,60
Malawi,MWI,1980,,,,49,,28,,,58
Malawi,MWI,1981,,,,64,,57,,,66
Malawi,MWI,1982,,,,64,,58,,,64
Malawi,MWI,1983,,,,58,,58,,,63
Malawi,MWI,1984,,,,50,,56,,,58
Malawi,MWI,1985,,,,49,,55,,,55
Malawi,MWI,1986,,,,60,,53,,,57
Malawi,MWI,1987,,,,79,,78,,,78
Malawi,MWI,1988,,,,82,,72,,,82
Malawi,MWI,1989,,,,84,,90,,,87
Malawi,MWI,1990,,,,81,,93,,,87
Malawi,MWI,1991,,,,85,,96,,,87
Malawi,MWI,1992,,,,91,,98,,,87
Malawi,MWI,1993,,,,87,,91,,,91
Malawi,MWI,1994,,,,83,,84,,,82
Malawi,MWI,1995,,,,90,,90,,,89
Malawi,MWI,1996,,,,90,,82,,,90
Malawi,MWI,1997,,,,87,,94,,,95
Malawi,MWI,1998,,,,90,,93,,,96
Malawi,MWI,1999,,,,82,,77,,,85
Malawi,MWI,2000,,,,73,,73,,,75
Malawi,MWI,2001,,,,81,,86,,,90
Malawi,MWI,2002,64,64,,69,,79,,,64
Malawi,MWI,2003,84,84,,77,,85,,,84
Malawi,MWI,2004,89,89,,80,,94,,,89
Malawi,MWI,2005,93,93,,82,,94,,,93
Malawi,MWI,2006,99,99,,85,,99,,,99
Malawi,MWI,2007,87,87,,83,,88,,,87
Malawi,MWI,2008,91,91,,88,,92,,,91
Malawi,MWI,2009,93,93,,92,,93,,,93
Malawi,MWI,2010,93,93,,93,,86,,,93
Malawi,MWI,2011,97,97,,96,,97,,,97
Malawi,MWI,2012,96,96,,90,99,95,,18,96
Malawi,MWI,2013,89,89,,88,89,89,,92,89
Malawi,MWI,2014,91,91,,85,87,87,,94,91
Malawi,MWI,2015,88,88,,87,88,88,,91,88
Malawi,MWI,2016,84,84,,81,83,83,,85,84
Malawi,MWI,2017,88,88,,83,88,87,83,85,88
Malawi,MWI,2018,92,92,,87,92,91,87,90,92
Malawi,MWI,2019,95,95,88,92,95,94,92,92,95
Malawi,MWI,2020,94,94,91,90,93,93,90,91,94
Malawi,MWI,2021,93,93,92,90,93,89,90,92,93
Malawi,MWI,2022,86,86,84,82,87,87,82,85,86
Malawi,MWI,2023,91,91,91,87,91,91,87,91,91
Malawi,MWI,2024,91,91,90,89,92,90,89,89,91
Malaysia,MYS,1980,,,,,,67,,,67
Malaysia,MYS,1981,,,,,,69,,,66
Malaysia,MYS,1982,,,,,,66,,,73
Malaysia,MYS,1983,,,,11,,55,,,58
Malaysia,MYS,1984,,,,23,,55,,,54
Malaysia,MYS,1985,,,,20,,56,,,57
Malaysia,MYS,1986,,,,35,,62,,,62
Malaysia,MYS,1987,,,,68,,68,,,69
Malaysia,MYS,1988,,,,61,,67,,,68
Malaysia,MYS,1989,69,,,61,,84,,,84
Malaysia,MYS,1990,86,,,70,,90,,,90
Malaysia,MYS,1991,89,,,80,,91,,,92
Malaysia,MYS,1992,86,,,82,,91,,,94
Malaysia,MYS,1993,86,,,81,,91,,,91
Malaysia,MYS,1994,94,,,95,,94,,,95
Malaysia,MYS,1995,96,,,97,,98,,,98
Malaysia,MYS,1996,96,,,97,,97,,,97
Malaysia,MYS,1997,97,,,98,,98,,,98
Malaysia,MYS,1998,96,,,96,,97,96,,97
Malaysia,MYS,1999,96,,,97,,97,97,,97
Malaysia,MYS,2000,97,,,96,,98,96,,98
Malaysia,MYS,2001,95,,,95,,95,95,,96
Malaysia,MYS,2002,95,,,94,,94,94,,94
Malaysia,MYS,2003,95,,,93,,96,93,,96
Malaysia,MYS,2004,94,71,,95,,95,95,,95
Malaysia,MYS,2005,96,85,,96,,96,96,,96
Malaysia,MYS,2006,95,89,,95,,95,95,,95
Malaysia,MYS,2007,96,90,,95,,97,95,,97
Malaysia,MYS,2008,97,95,,95,,97,95,,97
Malaysia,MYS,2009,96,95,,95,,97,95,,97
Malaysia,MYS,2010,96,95,,95,,96,95,,96
Malaysia,MYS,2011,96,95,,95,,96,95,,96
Malaysia,MYS,2012,97,99,,95,,97,95,,97
Malaysia,MYS,2013,96,97,,95,,97,95,,97
Malaysia,MYS,2014,96,97,,92,,97,92,,97
Malaysia,MYS,2015,99,99,99,93,,99,93,,99
Malaysia,MYS,2016,98,98,99,96,,98,96,,98
Malaysia,MYS,2017,98,99,99,96,,99,96,,99
Malaysia,MYS,2018,99,99,99,98,,99,98,,99
Malaysia,MYS,2019,97,98,99,97,,98,97,,98
Malaysia,MYS,2020,99,98,98,95,,98,95,,98
Malaysia,MYS,2021,94,94,95,96,76,95,96,,95
Malaysia,MYS,2022,96,97,97,96,86,97,96,,97
Malaysia,MYS,2023,95,95,95,96,95,95,96,,95
Malaysia,MYS,2024,93,93,93,96,90,93,96,,93
Maldives,MDV,1980,,,,,,4,,,4
Maldives,MDV,1981,,,,39,,1,,,1
Maldives,MDV,1982,,,,34,,1,,,1
Maldives,MDV,1983,,,,37,,13,,,13
Maldives,MDV,1984,,,,40,,24,,,24
Maldives,MDV,1985,,,,47,,28,,,28
Maldives,MDV,1986,,,,50,,42,,,42
Maldives,MDV,1987,,,,41,,42,,,42
Maldives,MDV,1988,,,,83,,86,,,86
Maldives,MDV,1989,,,,88,,91,,,91
Maldives,MDV,1990,,,,96,,94,,,94
Maldives,MDV,1991,,,,97,,97,,,98
Maldives,MDV,1992,,,,98,,98,,,98
Maldives,MDV,1993,21,,,86,,98,,,90
Maldives,MDV,1994,63,,,97,,97,,,96
Maldives,MDV,1995,80,,,96,,97,,,94
Maldives,MDV,1996,96,,,95,,96,,,97
Maldives,MDV,1997,50,,,96,,97,,,97
Maldives,MDV,1998,45,,,98,,97,,,97
Maldives,MDV,1999,90,,,97,,98,,,97
Maldives,MDV,2000,96,,,99,,98,,,98
Maldives,MDV,2001,98,,,98,,97,,,98
Maldives,MDV,2002,98,,,97,,98,,,98
Maldives,MDV,2003,98,,,96,,98,,,98
Maldives,MDV,2004,97,,,97,,96,,,96
Maldives,MDV,2005,98,,,97,,98,,,98
Maldives,MDV,2006,98,,,97,,98,,,98
Maldives,MDV,2007,98,,,97,,98,56,,98
Maldives,MDV,2008,98,,,97,,98,76,,98
Maldives,MDV,2009,98,,,98,,98,96,,98
Maldives,MDV,2010,97,,,97,,97,96,,96
Maldives,MDV,2011,96,,,96,,96,96,,96
Maldives,MDV,2012,99,,,98,,99,99,,99
Maldives,MDV,2013,99,58,,99,,99,99,,99
Maldives,MDV,2014,99,99,,99,,99,97,,99
Maldives,MDV,2015,99,99,82,99,,99,99,,99
Maldives,MDV,2016,98,98,99,99,,99,99,,98
Maldives,MDV,2017,98,98,99,99,,99,99,,98
Maldives,MDV,2018,98,98,99,99,,99,99,,98
Maldives,MDV,2019,98,98,98,99,,99,99,,98
Maldives,MDV,2020,98,98,99,98,,99,98,,98
Maldives,MDV,2021,95,95,96,97,,97,97,,95
Maldives,MDV,2022,98,98,99,98,,99,98,,98
Maldives,MDV,2023,98,98,99,99,,99,99,,98
Maldives,MDV,2024,99,99,99,99,,99,99,,99
Mali,MLI,1985,,,,19,,8,,,8
Mali,MLI,1986,,,,27,,6,,,8
Mali,MLI,1987,,,,11,,8,,,8
Mali,MLI,1988,,,,23,,18,,,18
Mali,MLI,1989,,,,40,,26,,,26
Mali,MLI,1990,,,,43,,42,,,42
Mali,MLI,1991,,,,42,,34,,,34
Mali,MLI,1992,,,,35,,38,,,38
Mali,MLI,1993,,,,51,,46,,,46
Mali,MLI,1994,,,,46,,39,,,39
Mali,MLI,1995,,,,52,,49,,,49
Mali,MLI,1996,,,,57,,53,,,53
Mali,MLI,1997,,,,56,,52,,,52
Mali,MLI,1998,,,,54,,52,,,52
Mali,MLI,1999,,,,51,,53,,,40
Mali,MLI,2000,,,,49,,53,,,43
Mali,MLI,2001,,,,54,,56,,,49
Mali,MLI,2002,,,,56,,65,,,61
Mali,MLI,2003,79,,,57,,67,,,63
Mali,MLI,2004,73,,,63,,70,,,69
Mali,MLI,2005,83,1,,73,,78,,,77
Mali,MLI,2006,90,16,,68,,79,,,78
Mali,MLI,2007,74,44,,66,,76,,,74
Mali,MLI,2008,74,74,,71,,74,,,74
Mali,MLI,2009,71,73,,73,,77,,,73
Mali,MLI,2010,72,73,,78,,77,,,73
Mali,MLI,2011,66,66,,72,56,72,,,66
Mali,MLI,2012,65,65,,67,58,65,,,65
Mali,MLI,2013,64,64,,62,59,57,,,64
Mali,MLI,2014,66,66,,65,63,62,,29,66
Mali,MLI,2015,70,70,,67,67,67,,48,70
Mali,MLI,2016,76,76,54,70,71,72,,67,76
Mali,MLI,2017,77,77,56,70,74,72,,67,77
Mali,MLI,2018,76,76,77,71,74,71,,67,76
Mali,MLI,2019,77,77,77,71,74,71,,67,77
Mali,MLI,2020,70,70,70,62,66,65,,68,70
Mali,MLI,2021,77,77,77,72,77,69,,70,77
Mali,MLI,2022,75,75,73,69,70,75,,71,75
Mali,MLI,2023,75,75,72,68,80,72,,70,75
Mali,MLI,2024,82,82,76,72,83,72,36,75,82
Malta,MLT,1981,,,,,,75,,,
Malta,MLT,1982,,,,,,80,,,
Malta,MLT,1983,,,,,,85,,,
Malta,MLT,1984,,,,10,,90,,,50
Malta,MLT,1985,,,,10,,84,10,,37
Malta,MLT,1986,,,,35,,73,35,,86
Malta,MLT,1987,,,,59,,87,59,,87
Malta,MLT,1988,,,,41,,79,41,,87
Malta,MLT,1989,,,,86,,88,86,,47
Malta,MLT,1990,,,,80,,86,80,,63
Malta,MLT,1991,,,,90,,86,90,,86
Malta,MLT,1992,,,,92,,81,92,,82
Malta,MLT,1993,,,,90,,83,90,,83
Malta,MLT,1994,,,,71,,78,71,,88
Malta,MLT,1995,,,,51,,92,51,,92
Malta,MLT,1996,,38,,51,,92,51,,92
Malta,MLT,1997,,64,,56,,92,56,,92
Malta,MLT,1998,,89,,60,,92,60,,92
Malta,MLT,1999,,91,,67,,93,67,,93
Malta,MLT,2000,,93,,74,,94,74,,94
Malta,MLT,2001,,84,,70,,95,70,,95
Malta,MLT,2002,,84,,65,,95,65,,95
Malta,MLT,2003,89,84,,90,,94,90,,94
Malta,MLT,2004,85,83,,94,,89,94,,89
Malta,MLT,2005,85,83,,86,,94,86,,92
Malta,MLT,2006,86,83,,94,,83,94,,85
Malta,MLT,2007,82,72,,79,,76,79,,74
Malta,MLT,2008,86,72,,78,,72,78,,72
Malta,MLT,2009,86,73,,82,,73,82,,73
Malta,MLT,2010,75,76,,73,,76,73,,76
Malta,MLT,2011,82,96,,84,,96,84,,96
Malta,MLT,2012,93,99,,93,,99,93,,99
Malta,MLT,2013,94,99,,99,,99,99,,99
Malta,MLT,2014,90,99,,98,,99,98,,99
Malta,MLT,2015,95,97,98,89,,97,89,,97
Malta,MLT,2016,97,97,97,93,,97,93,,97
Malta,MLT,2017,88,98,98,91,,98,91,,98
Malta,MLT,2018,98,97,99,96,,97,96,,97
Malta,MLT,2019,98,98,98,96,,98,96,,98
Malta,MLT,2020,98,98,99,95,,98,95,,98
Malta,MLT,2021,99,99,99,90,64,99,90,,99
Malta,MLT,2022,98,98,99,96,45,98,96,,98
Malta,MLT,2023,98,98,99,95,71,98,95,,98
Malta,MLT,2024,97,97,99,88,97,97,88,,97
Marshall Islands,MHL,1987,,,,31,,33,,,
Marshall Islands,MHL,1988,,,,25,,37,,,92
Marshall Islands,MHL,1989,3,,,39,,63,,,92
Marshall Islands,MHL,1990,10,,,52,,89,,,92
Marshall Islands,MHL,1991,17,,,74,,71,,,71
Marshall Islands,MHL,1992,24,,,86,,62,,,82
Marshall Islands,MHL,1993,17,,,36,,52,,,56
Marshall Islands,MHL,1994,46,,,59,,62,,,67
Marshall Islands,MHL,1995,47,,,57,,64,,,70
Marshall Islands,MHL,1996,68,,,69,,77,,,78
Marshall Islands,MHL,1997,70,,,52,,71,,,78
Marshall Islands,MHL,1998,80,,,93,,86,93,,86
Marshall Islands,MHL,1999,80,,,93,,86,93,,66
Marshall Islands,MHL,2000,38,45,,94,,36,94,,39
Marshall Islands,MHL,2001,76,45,,64,,56,64,,48
Marshall Islands,MHL,2002,80,80,,80,,80,80,,80
Marshall Islands,MHL,2003,74,70,,90,,80,90,,68
Marshall Islands,MHL,2004,72,46,,70,,68,70,,64
Marshall Islands,MHL,2005,89,69,,86,,88,86,,77
Marshall Islands,MHL,2006,97,60,,96,,95,96,,74
Marshall Islands,MHL,2007,93,83,,94,,91,94,,93
Marshall Islands,MHL,2008,97,92,,86,,96,86,,95
Marshall Islands,MHL,2009,99,99,,78,49,99,78,71,96
Marshall Islands,MHL,2010,97,92,,97,24,95,97,25,94
Marshall Islands,MHL,2011,89,80,,88,35,88,88,43,87
Marshall Islands,MHL,2012,80,67,,78,46,80,78,60,80
Marshall Islands,MHL,2013,80,66,,79,38,79,79,52,79
Marshall Islands,MHL,2014,79,65,,79,29,77,79,44,78
Marshall Islands,MHL,2015,85,70,95,75,75,85,75,41,85
Marshall Islands,MHL,2016,73,58,95,75,65,69,75,38,71
Marshall Islands,MHL,2017,82,65,96,83,72,79,83,46,80
Marshall Islands,MHL,2018,84,72,97,83,67,80,83,42,81
Marshall Islands,MHL,2019,82,72,96,85,63,78,85,60,79
Marshall Islands,MHL,2020,86,75,97,89,38,82,89,57,82
Marshall Islands,MHL,2021,89,72,96,85,61,85,85,53,86
Marshall Islands,MHL,2022,87,68,96,81,29,86,81,49,86
Marshall Islands,MHL,2023,89,72,98,88,62,84,88,44,85
Marshall Islands,MHL,2024,89,72,98,88,62,84,88,44,85
Mauritania,MRT,1981,,,,45,,18,,,18
Mauritania,MRT,1982,,,,44,,19,,,20
Mauritania,MRT,1983,,,,43,,20,,,20
Mauritania,MRT,1984,,,,42,,21,,,21
Mauritania,MRT,1985,,,,41,,16,,,27
Mauritania,MRT,1986,,,,40,,11,,,32
Mauritania,MRT,1987,,,,27,,10,,,30
Mauritania,MRT,1988,,,,45,,29,,,28
Mauritania,MRT,1989,,,,42,,28,,,28
Mauritania,MRT,1990,,,,38,,33,,,33
Mauritania,MRT,1991,,,,32,,28,,,29
Mauritania,MRT,1992,,,,43,,39,,,39
Mauritania,MRT,1993,,,,49,,44,,,44
Mauritania,MRT,1994,,,,53,,50,,,50
Mauritania,MRT,1995,,,,67,,56,,,55
Mauritania,MRT,1996,,,,66,,50,,,50
Mauritania,MRT,1997,,,,64,,28,,,28
Mauritania,MRT,1998,,,,63,,16,,,16
Mauritania,MRT,1999,,,,62,,61,,,53
Mauritania,MRT,2000,,,,46,,58,,,51
Mauritania,MRT,2001,,,,58,,75,,,75
Mauritania,MRT,2002,,,,87,,91,,,89
Mauritania,MRT,2003,,,,84,,75,,,76
Mauritania,MRT,2004,,,,73,,68,,,70
Mauritania,MRT,2005,42,,,65,,71,,,71
Mauritania,MRT,2006,68,,,62,,68,,,68
Mauritania,MRT,2007,74,,,67,,75,,,75
Mauritania,MRT,2008,74,,,65,,73,,,74
Mauritania,MRT,2009,64,64,,59,,63,,,64
Mauritania,MRT,2010,64,64,,67,,52,,,64
Mauritania,MRT,2011,75,75,,67,,73,,,75
Mauritania,MRT,2012,80,80,,75,,80,,,80
Mauritania,MRT,2013,80,80,,80,1,80,,,80
Mauritania,MRT,2014,81,81,,75,71,81,,5,81
Mauritania,MRT,2015,73,73,6,70,71,67,,56,73
Mauritania,MRT,2016,74,74,65,73,71,69,,74,74
Mauritania,MRT,2017,76,76,70,75,72,70,,74,76
Mauritania,MRT,2018,77,77,74,78,72,72,78,74,77
Mauritania,MRT,2019,80,80,72,75,76,75,75,75,80
Mauritania,MRT,2020,81,81,80,82,82,81,82,84,81
Mauritania,MRT,2021,77,77,75,75,77,76,75,66,77
Mauritania,MRT,2022,85,85,83,84,85,81,84,85,85
Mauritania,MRT,2023,90,90,88,92,90,90,92,91,90
Mauritania,MRT,2024,86,86,84,93,85,85,93,86,86
Mauritius,MUS,1980,,,,,,90,,,89
Mauritius,MUS,1981,,,,,,83,,,82
Mauritius,MUS,1982,,,,34,,96,,,94
Mauritius,MUS,1983,,,,53,,91,,,89
Mauritius,MUS,1984,,,,55,,87,,,85
Mauritius,MUS,1985,,,,67,,91,,,88
Mauritius,MUS,1986,,,,71,,97,,,86
Mauritius,MUS,1987,,,,69,,96,,,84
Mauritius,MUS,1988,,,,73,,87,,,86
Mauritius,MUS,1989,,,,80,,86,,,85
Mauritius,MUS,1990,,,,76,,86,,,85
Mauritius,MUS,1991,,,,88,,91,,,91
Mauritius,MUS,1992,,,,84,,88,,,88
Mauritius,MUS,1993,,,,84,,89,,,88
Mauritius,MUS,1994,,,,85,,89,,,89
Mauritius,MUS,1995,,,,89,,93,,,93
Mauritius,MUS,1996,,,,61,,90,61,,89
Mauritius,MUS,1997,90,,,87,,90,87,,90
Mauritius,MUS,1998,90,,,85,,90,85,,89
Mauritius,MUS,1999,85,,,80,,85,80,,85
Mauritius,MUS,2000,88,,,84,,88,84,,88
Mauritius,MUS,2001,92,,,90,,93,90,,92
Mauritius,MUS,2002,88,,,84,,88,84,,88
Mauritius,MUS,2003,97,,,91,,99,91,,99
Mauritius,MUS,2004,98,,,98,,98,98,,98
Mauritius,MUS,2005,97,,,98,,97,98,,97
Mauritius,MUS,2006,97,96,,99,,98,99,,97
Mauritius,MUS,2007,97,96,,98,,96,98,,97
Mauritius,MUS,2008,99,99,,98,,99,98,,99
Mauritius,MUS,2009,99,99,,99,,99,99,,99
Mauritius,MUS,2010,99,99,,99,,99,99,,99
Mauritius,MUS,2011,98,98,,99,,98,99,,98
Mauritius,MUS,2012,98,98,,99,,98,99,,98
Mauritius,MUS,2013,98,98,,99,,98,99,,98
Mauritius,MUS,2014,97,97,,98,,98,98,,97
Mauritius,MUS,2015,97,97,,99,,98,99,66,97
Mauritius,MUS,2016,72,96,96,92,10,96,92,92,96
Mauritius,MUS,2017,96,96,95,89,84,95,89,90,94
Mauritius,MUS,2018,97,97,98,99,96,98,99,95,97
Mauritius,MUS,2019,97,97,97,99,97,97,99,96,96
Mauritius,MUS,2020,96,96,95,98,96,96,98,95,95
Mauritius,MUS,2021,94,94,93,97,93,95,97,88,95
Mauritius,MUS,2022,95,95,96,98,97,95,98,89,95
Mauritius,MUS,2023,96,96,96,96,91,97,96,65,96
Mauritius,MUS,2024,93,93,96,98,95,95,98,95,93
Mexico,MEX,1980,,,,35,,91,,,44
Mexico,MEX,1981,,,,33,,99,,,43
Mexico,MEX,1982,,,,37,,99,,,40
Mexico,MEX,1983,,,,23,,88,,,41
Mexico,MEX,1984,,,,21,,99,,,52
Mexico,MEX,1985,,,,64,,67,,,40
Mexico,MEX,1986,,,,60,,96,,,51
Mexico,MEX,1987,,,,54,,97,,,62
Mexico,MEX,1988,,,,70,,95,,,60
Mexico,MEX,1989,,,,85,,96,,,65
Mexico,MEX,1990,,,,75,,66,,,53
Mexico,MEX,1991,,,,89,,87,,,88
Mexico,MEX,1992,,,,88,,91,,,90
Mexico,MEX,1993,,,,79,,83,,,82
Mexico,MEX,1994,,,,90,,92,,,91
Mexico,MEX,1995,,,,90,,92,,,91
Mexico,MEX,1996,,,,93,,95,,,95
Mexico,MEX,1997,,,,91,,95,,,95
Mexico,MEX,1998,,,,96,,96,96,,96
Mexico,MEX,1999,,,,94,,96,94,,96
Mexico,MEX,2000,97,97,,96,,97,96,,97
Mexico,MEX,2001,97,97,,95,,97,95,,97
Mexico,MEX,2002,97,97,,96,,98,96,,97
Mexico,MEX,2003,98,98,,96,,98,96,,98
Mexico,MEX,2004,98,98,,96,,98,96,,98
Mexico,MEX,2005,98,98,,96,,98,96,,98
Mexico,MEX,2006,98,98,,96,,98,96,,98
Mexico,MEX,2007,98,98,,96,,98,96,,98
Mexico,MEX,2008,97,96,,96,14,96,96,99,96
Mexico,MEX,2009,95,95,,96,46,95,96,93,95
Mexico,MEX,2010,93,95,,95,92,95,95,90,95
Mexico,MEX,2011,98,97,,98,98,97,98,98,97
Mexico,MEX,2012,99,99,,99,99,99,99,99,99
Mexico,MEX,2013,79,83,,89,84,83,89,81,83
Mexico,MEX,2014,84,87,,98,94,87,98,85,87
Mexico,MEX,2015,76,87,99,98,93,87,98,81,87
Mexico,MEX,2016,82,93,96,97,92,93,97,72,93
Mexico,MEX,2017,58,85,93,76,92,85,76,70,85
Mexico,MEX,2018,55,88,90,97,88,88,97,77,88
Mexico,MEX,2019,56,82,84,73,86,82,73,71,82
Mexico,MEX,2020,77,72,77,92,77,72,92,69,72
Mexico,MEX,2021,80,78,83,99,83,78,99,77,78
Mexico,MEX,2022,83,83,93,86,84,83,86,84,83
Mexico,MEX,2023,85,85,89,76,78,85,76,80,85
Mexico,MEX,2024,78,78,83,80,76,78,80,80,78
Micronesia (country),FSM,1987,,,,69,,56,69,,57
Micronesia (country),FSM,1988,,,,84,,71,84,,85
Micronesia (country),FSM,1989,47,,,94,,78,94,,95
Micronesia (country),FSM,1990,56,,,81,,85,81,,85
Micronesia (country),FSM,1991,65,,,76,,78,76,,79
Micronesia (country),FSM,1992,73,,,78,,79,78,,91
Micronesia (country),FSM,1993,82,,,80,,79,80,,78
Micronesia (country),FSM,1994,82,,,83,,81,83,,81
Micronesia (country),FSM,1995,82,,,90,,81,90,,83
Micronesia (country),FSM,1996,80,,,82,,78,82,,79
Micronesia (country),FSM,1997,78,,,74,,75,74,,75
Micronesia (country),FSM,1998,79,,,82,,79,82,,80
Micronesia (country),FSM,1999,77,40,,79,,76,79,,76
Micronesia (country),FSM,2000,87,75,,85,,85,85,,85
Micronesia (country),FSM,2001,81,73,,84,,79,84,,75
Micronesia (country),FSM,2002,85,70,,88,,84,88,,84
Micronesia (country),FSM,2003,89,68,,91,,88,91,,92
Micronesia (country),FSM,2004,80,65,,85,,82,85,,78
Micronesia (country),FSM,2005,91,74,,96,,94,96,,94
Micronesia (country),FSM,2006,84,59,,83,,81,83,,67
Micronesia (country),FSM,2007,90,79,,92,,79,92,,79
Micronesia (country),FSM,2008,89,73,,86,,88,86,,85
Micronesia (country),FSM,2009,89,73,,86,,81,86,,91
Micronesia (country),FSM,2010,88,70,,80,70,85,80,70,85
Micronesia (country),FSM,2011,83,72,,92,63,83,92,40,84
Micronesia (country),FSM,2012,82,66,,91,60,81,91,45,81
Micronesia (country),FSM,2013,83,68,,91,61,81,91,33,81
Micronesia (country),FSM,2014,81,65,,83,64,76,83,40,77
Micronesia (country),FSM,2015,78,61,95,74,67,71,74,46,72
Micronesia (country),FSM,2016,76,46,95,70,63,68,70,35,69
Micronesia (country),FSM,2017,80,44,97,76,65,72,76,35,73
Micronesia (country),FSM,2018,83,59,97,73,67,75,73,52,75
Micronesia (country),FSM,2019,84,64,97,78,73,78,78,36,78
Micronesia (country),FSM,2020,88,68,98,79,79,82,79,40,83
Micronesia (country),FSM,2021,79,56,95,64,70,72,64,42,72
Micronesia (country),FSM,2022,75,54,91,69,65,68,69,40,69
Micronesia (country),FSM,2023,85,67,97,86,73,79,86,35,79
Micronesia (country),FSM,2024,85,71,96,81,74,76,81,29,76
Middle East and North Africa (UNICEF),,1980,,,,20,,27,0,,23
Middle East and North Africa (UNICEF),,1981,,,,23,,33,0,,24
Middle East and North Africa (UNICEF),,1982,,,,29,,43,0,,31
Middle East and North Africa (UNICEF),,1983,,,,28,,37,0,,32
Middle East and North Africa (UNICEF),,1984,,,,32,,44,0,,39
Middle East and North Africa (UNICEF),,1985,0,,,54,,58,0,,56
Middle East and North Africa (UNICEF),,1986,0,,,57,,64,0,,62
Middle East and North Africa (UNICEF),,1987,0,,,60,,65,0,,65
Middle East and North Africa (UNICEF),,1988,0,,,74,,77,0,,76
Middle East and North Africa (UNICEF),,1989,0,,,78,,82,1,,82
Middle East and North Africa (UNICEF),,1990,3,0,,79,,84,1,,84
Middle East and North Africa (UNICEF),,1991,4,0,,79,,81,5,,78
Middle East and North Africa (UNICEF),,1992,6,0,,79,,82,5,,80
Middle East and North Africa (UNICEF),,1993,8,0,,79,,82,5,,80
Middle East and North Africa (UNICEF),,1994,35,0,,78,,79,6,,77
Middle East and North Africa (UNICEF),,1995,42,0,,79,,80,15,,80
Middle East and North Africa (UNICEF),,1996,45,0,,83,,82,15,,82
Middle East and North Africa (UNICEF),,1997,51,0,,82,,82,8,,81
Middle East and North Africa (UNICEF),,1998,47,1,,84,,83,9,,82
Middle East and North Africa (UNICEF),,1999,56,1,,84,,86,33,,84
Middle East and North Africa (UNICEF),,2000,61,1,,85,,87,37,,86
Middle East and North Africa (UNICEF),,2001,64,7,,85,,87,42,,87
Middle East and North Africa (UNICEF),,2002,65,13,,84,,85,41,,85
Middle East and North Africa (UNICEF),,2003,65,15,,84,,85,40,,86
Middle East and North Africa (UNICEF),,2004,71,15,,85,,87,57,,87
Middle East and North Africa (UNICEF),,2005,78,18,,86,,88,59,,88
Middle East and North Africa (UNICEF),,2006,84,19,,86,,88,59,0,88
Middle East and North Africa (UNICEF),,2007,87,28,,87,,90,60,0,89
Middle East and North Africa (UNICEF),,2008,89,48,,87,1,90,55,0,90
Middle East and North Africa (UNICEF),,2009,89,47,,89,6,90,56,0,90
Middle East and North Africa (UNICEF),,2010,89,47,,91,7,91,56,0,91
Middle East and North Africa (UNICEF),,2011,90,48,,90,12,90,58,9,91
Middle East and North Africa (UNICEF),,2012,87,51,,88,17,89,58,19,88
Middle East and North Africa (UNICEF),,2013,91,54,,89,23,90,58,29,90
Middle East and North Africa (UNICEF),,2014,89,76,,88,31,90,64,29,90
Middle East and North Africa (UNICEF),,2015,88,88,31,88,32,89,70,32,88
Middle East and North Africa (UNICEF),,2016,89,89,48,90,38,89,70,36,89
Middle East and North Africa (UNICEF),,2017,89,90,40,89,45,90,78,40,90
Middle East and North Africa (UNICEF),,2018,89,89,60,87,45,88,75,40,89
Middle East and North Africa (UNICEF),,2019,89,89,90,87,46,89,75,36,89
Middle East and North Africa (UNICEF),,2020,85,85,87,86,42,86,74,39,85
Middle East and North Africa (UNICEF),,2021,85,85,88,85,41,85,73,38,85
Middle East and North Africa (UNICEF),,2022,86,87,90,85,41,86,74,35,86
Middle East and North Africa (UNICEF),,2023,81,81,84,83,37,81,75,32,81
Middle East and North Africa (UNICEF),,2024,79,79,83,81,40,79,81,33,79
Middle-income countries,,1980,,,,7,,13,0,,11
Middle-income countries,,1981,,,,9,,13,0,,12
Middle-income countries,,1982,,,,10,,36,0,,15
Middle-income countries,,1983,,,,30,,36,0,,31
Middle-income countries,,1984,,,,35,,41,0,,39
Middle-income countries,,1985,0,,,42,,46,0,,45
Middle-income countries,,1986,0,,,42,,45,0,,48
Middle-income countries,,1987,0,,,51,,53,0,,53
Middle-income countries,,1988,0,,,61,,63,0,,63
Middle-income countries,,1989,0,,,67,,70,0,,68
Middle-income countries,,1990,0,0,,74,,76,0,,77
Middle-income countries,,1991,0,0,,68,,72,0,,72
Middle-income countries,,1992,2,0,,69,,71,0,,70
Middle-income countries,,1993,3,0,,70,,70,1,,70
Middle-income countries,,1994,6,0,,72,,74,1,,73
Middle-income countries,,1995,9,0,,74,,74,3,,74
Middle-income countries,,1996,10,0,,74,,73,3,,72
Middle-income countries,,1997,11,0,,71,,73,4,,72
Middle-income countries,,1998,12,1,,71,,73,7,,72
Middle-income countries,,1999,15,2,,72,,73,9,,72
Middle-income countries,,2000,29,8,,72,,72,13,,73
Middle-income countries,,2001,31,8,,72,,73,14,,73
Middle-income countries,,2002,36,10,,72,,74,14,,72
Middle-income countries,,2003,43,11,,73,,74,15,,74
Middle-income countries,,2004,49,12,,75,,75,17,,76
Middle-income countries,,2005,55,13,,77,,77,17,,76
Middle-income countries,,2006,59,13,,79,,79,19,1,78
Middle-income countries,,2007,62,16,,79,,79,19,3,78
Middle-income countries,,2008,70,18,,81,0,82,18,5,81
Middle-income countries,,2009,73,28,,84,2,83,19,6,83
Middle-income countries,,2010,73,30,,84,5,83,31,7,84
Middle-income countries,,2011,74,32,,85,9,84,35,8,85
Middle-income countries,,2012,81,35,,85,12,84,38,9,85
Middle-income countries,,2013,80,42,,85,19,84,42,12,84
Middle-income countries,,2014,83,48,,85,22,85,45,13,85
Middle-income countries,,2015,85,58,18,86,28,85,47,17,85
Middle-income countries,,2016,87,67,39,87,32,86,48,18,87
Middle-income countries,,2017,86,69,59,87,35,87,53,21,87
Middle-income countries,,2018,87,71,75,88,39,87,75,31,88
Middle-income countries,,2019,87,73,85,88,42,88,78,36,88
Middle-income countries,,2020,84,71,82,86,44,83,74,45,84
Middle-income countries,,2021,83,72,82,84,45,82,72,47,83
Middle-income countries,,2022,87,77,86,86,57,86,81,50,87
Middle-income countries,,2023,87,77,86,86,61,87,80,55,87
Middle-income countries,,2024,87,77,88,87,67,87,82,60,87
Moldova,MDA,1992,,,,73,,93,,,84
Moldova,MDA,1993,,,,64,,92,,,70
Moldova,MDA,1994,,,,85,,94,,,86
Moldova,MDA,1995,19,,,91,,97,,,96
Moldova,MDA,1996,81,,,90,,99,,,97
Moldova,MDA,1997,87,,,95,,98,,,97
Moldova,MDA,1998,93,,,93,,98,,,97
Moldova,MDA,1999,94,,,93,,98,,,97
Moldova,MDA,2000,92,,,89,,97,,,95
Moldova,MDA,2001,94,,,94,,98,,,97
Moldova,MDA,2002,99,,,94,,98,94,,97
Moldova,MDA,2003,99,,,96,,98,96,,98
Moldova,MDA,2004,99,,,96,,98,96,,98
Moldova,MDA,2005,99,,,97,,99,97,,98
Moldova,MDA,2006,98,,,96,,98,96,,97
Moldova,MDA,2007,95,,,96,,93,96,,92
Moldova,MDA,2008,97,,,95,,96,95,,90
Moldova,MDA,2009,89,47,,90,,87,90,,85
Moldova,MDA,2010,98,63,,97,,97,97,,90
Moldova,MDA,2011,96,78,,91,,96,91,,93
Moldova,MDA,2012,94,90,,91,,92,91,21,92
Moldova,MDA,2013,91,89,,91,0,92,91,65,90
Moldova,MDA,2014,92,89,,90,28,92,90,62,90
Moldova,MDA,2015,88,87,,89,72,88,89,62,87
Moldova,MDA,2016,91,89,,88,77,91,88,71,89
Moldova,MDA,2017,89,88,,93,79,90,93,66,88
Moldova,MDA,2018,94,93,56,93,85,94,93,67,93
Moldova,MDA,2019,94,90,98,97,80,94,97,66,91
Moldova,MDA,2020,87,86,91,84,72,87,84,56,86
Moldova,MDA,2021,87,87,91,83,78,88,83,60,87
Moldova,MDA,2022,90,87,86,84,79,88,84,61,88
Moldova,MDA,2023,88,87,84,85,85,88,85,69,87
Moldova,MDA,2024,88,87,87,84,85,89,84,64,86
Monaco,MCO,1988,,,,99,,99,99,,99
Monaco,MCO,1989,,,,99,,99,99,,99
Monaco,MCO,1990,,,,99,,99,99,,99
Monaco,MCO,1991,,,,98,,98,98,,98
Monaco,MCO,1992,,,,98,,98,98,,98
Monaco,MCO,1993,,,,99,,99,99,,99
Monaco,MCO,1994,,,,99,,99,99,,99
Monaco,MCO,1995,,,,99,,99,99,,99
Monaco,MCO,1996,,,,99,,99,99,,99
Monaco,MCO,1997,,,,99,,99,99,,99
Monaco,MCO,1998,,,,99,,99,99,,99
Monaco,MCO,1999,99,99,,99,,99,99,,99
Monaco,MCO,2000,99,99,,98,,99,98,,99
Monaco,MCO,2001,99,99,,98,,99,98,,99
Monaco,MCO,2002,99,99,,97,,99,97,,99
Monaco,MCO,2003,99,99,,97,,99,97,,99
Monaco,MCO,2004,99,99,,96,,99,96,,99
Monaco,MCO,2005,99,99,,96,,99,96,,99
Monaco,MCO,2006,99,99,,94,,99,94,,99
Monaco,MCO,2007,99,99,,95,,99,95,,99
Monaco,MCO,2008,99,99,,94,,99,94,,99
Monaco,MCO,2009,99,99,,92,,99,92,,99
Monaco,MCO,2010,99,99,,93,,99,93,,99
Monaco,MCO,2011,99,99,,91,,99,91,,99
Monaco,MCO,2012,99,99,,91,,99,91,,99
Monaco,MCO,2013,99,99,,91,,99,91,,99
Monaco,MCO,2014,99,99,,90,,99,90,,99
Monaco,MCO,2015,99,99,,89,,99,89,,99
Monaco,MCO,2016,99,99,,89,,99,89,,99
Monaco,MCO,2017,99,99,99,88,,99,88,,99
Monaco,MCO,2018,99,99,99,88,,99,88,,99
Monaco,MCO,2019,99,99,99,88,,99,88,,99
Monaco,MCO,2020,99,99,99,88,,99,88,,99
Monaco,MCO,2021,99,99,99,88,,99,88,,99
Monaco,MCO,2022,99,99,99,88,,99,88,,99
Monaco,MCO,2023,99,99,99,88,,99,88,,99
Monaco,MCO,2024,99,99,99,88,,99,88,,99
Mongolia,MNG,1980,,,,17,,86,,,76
Mongolia,MNG,1981,,,,12,,86,,,78
Mongolia,MNG,1982,,,,6,,86,,,79
Mongolia,MNG,1983,,,,1,,86,,,79
Mongolia,MNG,1984,,,,20,,86,,,77
Mongolia,MNG,1985,,,,18,,86,,,80
Mongolia,MNG,1986,,,,11,,86,,,81
Mongolia,MNG,1987,,,,61,,86,,,80
Mongolia,MNG,1988,,,,70,,87,,,82
Mongolia,MNG,1989,,,,86,,87,,,84
Mongolia,MNG,1990,,,,92,,87,,,84
Mongolia,MNG,1991,18,,,82,,78,,,81
Mongolia,MNG,1992,47,,,84,,54,,,64
Mongolia,MNG,1993,69,,,84,,79,,,79
Mongolia,MNG,1994,67,,,80,,77,,,78
Mongolia,MNG,1995,88,,,85,,86,,,88
Mongolia,MNG,1996,93,,,89,,90,,,90
Mongolia,MNG,1997,88,,,91,,92,,,92
Mongolia,MNG,1998,91,,,93,,94,,,94
Mongolia,MNG,1999,92,,,93,,94,,,94
Mongolia,MNG,2000,93,,,92,,94,,,94
Mongolia,MNG,2001,95,,,95,,95,,,95
Mongolia,MNG,2002,98,,,98,,98,,,98
Mongolia,MNG,2003,98,,,98,,98,,,98
Mongolia,MNG,2004,98,,,99,,99,,,99
Mongolia,MNG,2005,98,28,,97,,99,,,99
Mongolia,MNG,2006,98,56,,99,,98,,,99
Mongolia,MNG,2007,98,78,,98,,99,,,95
Mongolia,MNG,2008,96,96,,97,,95,,,96
Mongolia,MNG,2009,97,97,,94,,96,94,,95
Mongolia,MNG,2010,96,96,,97,,96,97,,96
Mongolia,MNG,2011,99,99,,98,,99,98,,99
Mongolia,MNG,2012,99,99,,99,,99,99,,99
Mongolia,MNG,2013,98,98,,97,,98,97,,98
Mongolia,MNG,2014,99,99,,98,,99,98,,99
Mongolia,MNG,2015,99,99,,98,,99,98,,99
Mongolia,MNG,2016,99,99,,99,,99,99,,99
Mongolia,MNG,2017,99,99,,99,13,99,99,,99
Mongolia,MNG,2018,99,99,,99,26,99,99,,99
Mongolia,MNG,2019,98,98,61,98,49,98,98,,98
Mongolia,MNG,2020,96,96,91,97,92,97,97,,96
Mongolia,MNG,2021,95,95,95,95,95,96,95,,95
Mongolia,MNG,2022,95,95,94,94,94,95,94,,95
Mongolia,MNG,2023,96,96,96,96,96,97,96,,96
Mongolia,MNG,2024,96,96,95,96,96,96,96,,96
Montenegro,MNE,2006,90,90,,90,,90,90,,90
Montenegro,MNE,2007,90,89,,90,,92,90,,92
Montenegro,MNE,2008,93,93,,89,,95,89,,95
Montenegro,MNE,2009,87,87,,86,,91,86,,92
Montenegro,MNE,2010,90,90,,90,,93,90,,94
Montenegro,MNE,2011,91,90,,91,,95,91,,95
Montenegro,MNE,2012,90,94,,90,,94,90,,94
Montenegro,MNE,2013,90,94,,88,,94,88,,94
Montenegro,MNE,2014,87,91,,76,,91,76,,91
Montenegro,MNE,2015,82,89,96,64,,89,64,,89
Montenegro,MNE,2016,75,89,97,47,,89,47,,89
Montenegro,MNE,2017,73,87,95,58,,87,58,,87
Montenegro,MNE,2018,72,86,94,42,,86,42,,86
Montenegro,MNE,2019,68,85,94,37,,85,37,,87
Montenegro,MNE,2020,52,84,94,24,,84,24,,84
Montenegro,MNE,2021,51,83,94,18,,83,18,,83
Montenegro,MNE,2022,45,80,93,33,,80,33,,80
Montenegro,MNE,2023,42,81,93,24,,81,24,,81
Montenegro,MNE,2024,61,81,92,23,,81,23,,81
Morocco,MAR,1982,,,,17,,32,,,32
Morocco,MAR,1983,,,,35,,41,,,41
Morocco,MAR,1984,,,,42,,45,,,45
Morocco,MAR,1985,,,,45,,51,,,51
Morocco,MAR,1986,,,,58,,63,,,63
Morocco,MAR,1987,,,,73,,82,,,85
Morocco,MAR,1988,,,,81,,82,,,82
Morocco,MAR,1989,,,,82,,80,,,80
Morocco,MAR,1990,,,,79,,81,,,81
Morocco,MAR,1991,,,,80,,82,,,81
Morocco,MAR,1992,,,,81,,87,,,87
Morocco,MAR,1993,,,,83,,86,,,86
Morocco,MAR,1994,,,,87,,87,,,87
Morocco,MAR,1995,,,,88,,90,,,90
Morocco,MAR,1996,,,,93,,95,,,95
Morocco,MAR,1997,,,,92,,95,,,94
Morocco,MAR,1998,,,,91,,93,,,93
Morocco,MAR,1999,10,,,90,,91,,,91
Morocco,MAR,2000,43,,,93,,95,,,95
Morocco,MAR,2001,84,,,96,,93,,,96
Morocco,MAR,2002,92,,,94,,94,,,94
Morocco,MAR,2003,90,,,90,,91,,,91
Morocco,MAR,2004,95,,,95,,97,91,,97
Morocco,MAR,2005,96,,,97,,98,92,,98
Morocco,MAR,2006,95,,,95,,97,92,,97
Morocco,MAR,2007,95,91,,95,,95,92,,95
Morocco,MAR,2008,97,99,,96,,99,,,99
Morocco,MAR,2009,98,99,,98,,99,,,99
Morocco,MAR,2010,98,99,,98,1,99,,2,99
Morocco,MAR,2011,98,99,,99,23,98,,80,99
Morocco,MAR,2012,99,99,,99,72,99,,88,99
Morocco,MAR,2013,99,99,,99,80,99,,90,99
Morocco,MAR,2014,99,99,,99,90,99,99,90,99
Morocco,MAR,2015,99,99,33,99,95,99,99,90,99
Morocco,MAR,2016,99,99,95,99,98,99,99,99,99
Morocco,MAR,2017,99,99,17,99,99,99,99,99,99
Morocco,MAR,2018,99,99,80,99,99,99,99,99,99
Morocco,MAR,2019,99,99,99,99,98,99,99,98,99
Morocco,MAR,2020,99,99,98,99,94,99,99,97,99
Morocco,MAR,2021,98,98,97,99,90,98,99,96,98
Morocco,MAR,2022,98,98,97,99,85,98,99,94,98
Morocco,MAR,2023,97,97,96,98,81,97,98,93,97
Morocco,MAR,2024,96,96,95,98,77,96,98,92,96
Mozambique,MOZ,1981,,,,32,,32,,,56
Mozambique,MOZ,1982,,,,58,,43,,,43
Mozambique,MOZ,1983,,,,51,,38,,,38
Mozambique,MOZ,1984,,,,50,,32,,,32
Mozambique,MOZ,1985,,,,39,,25,,,29
Mozambique,MOZ,1986,,,,39,,32,,,32
Mozambique,MOZ,1987,,,,37,,38,,,39
Mozambique,MOZ,1988,,,,44,,38,,,38
Mozambique,MOZ,1989,,,,48,,47,,,47
Mozambique,MOZ,1990,,,,59,,46,,,46
Mozambique,MOZ,1991,,,,55,,46,,,46
Mozambique,MOZ,1992,,,,56,,50,,,50
Mozambique,MOZ,1993,,,,62,,49,,,49
Mozambique,MOZ,1994,,,,65,,55,,,55
Mozambique,MOZ,1995,,,,71,,57,,,57
Mozambique,MOZ,1996,,,,58,,55,,,60
Mozambique,MOZ,1997,,,,61,,58,,,62
Mozambique,MOZ,1998,,,,64,,62,,,65
Mozambique,MOZ,1999,,,,67,,65,,,68
Mozambique,MOZ,2000,,,,71,,69,,,70
Mozambique,MOZ,2001,25,,,74,,72,,,73
Mozambique,MOZ,2002,76,,,77,,76,,,76
Mozambique,MOZ,2003,76,,,80,,67,,,85
Mozambique,MOZ,2004,76,,,79,,69,,,83
Mozambique,MOZ,2005,75,,,78,,71,,,80
Mozambique,MOZ,2006,75,,,76,,73,,,78
Mozambique,MOZ,2007,75,,,75,,75,,,75
Mozambique,MOZ,2008,75,,,77,,74,,,75
Mozambique,MOZ,2009,74,74,,80,,74,,,74
Mozambique,MOZ,2010,74,74,,82,,73,,,74
Mozambique,MOZ,2011,77,77,,82,,76,,,77
Mozambique,MOZ,2012,80,80,,83,,79,,,80
Mozambique,MOZ,2013,82,82,,83,45,81,,,82
Mozambique,MOZ,2014,85,85,,83,76,84,,,85
Mozambique,MOZ,2015,85,85,,83,80,84,,17,85
Mozambique,MOZ,2016,85,85,75,83,80,84,,65,85
Mozambique,MOZ,2017,85,85,50,83,80,84,,79,85
Mozambique,MOZ,2018,85,85,75,83,80,84,83,83,85
Mozambique,MOZ,2019,85,85,81,83,80,84,83,50,85
Mozambique,MOZ,2020,71,71,75,73,68,75,73,60,71
Mozambique,MOZ,2021,56,56,68,62,56,64,62,59,56
Mozambique,MOZ,2022,55,55,76,63,55,74,63,57,55
Mozambique,MOZ,2023,70,70,86,65,55,78,65,60,70
Mozambique,MOZ,2024,70,70,86,65,55,78,65,60,70
Myanmar,MMR,1980,,,,,,,,,4
Myanmar,MMR,1981,,,,,,,,,5
Myanmar,MMR,1982,,,,,,1,,,9
Myanmar,MMR,1983,,,,,,3,,,11
Myanmar,MMR,1984,,,,,,2,,,12
Myanmar,MMR,1985,,,,,,3,,,16
Myanmar,MMR,1986,,,,5,,4,,,20
Myanmar,MMR,1987,,,,17,,10,,,23
Myanmar,MMR,1988,,,,32,,22,,,28
Myanmar,MMR,1989,,,,50,,45,,,50
Myanmar,MMR,1990,,,,68,,88,,,88
Myanmar,MMR,1991,,,,67,,66,,,66
Myanmar,MMR,1992,,,,68,,71,,,71
Myanmar,MMR,1993,,,,71,,73,,,73
Myanmar,MMR,1994,,,,77,,77,,,77
Myanmar,MMR,1995,,,,82,,84,,,84
Myanmar,MMR,1996,,,,86,,87,,,88
Myanmar,MMR,1997,,,,88,,90,,,90
Myanmar,MMR,1998,,,,89,,90,,,90
Myanmar,MMR,1999,,,,86,,88,,,75
Myanmar,MMR,2000,,,,84,,88,,,82
Myanmar,MMR,2001,,,,73,,77,,,73
Myanmar,MMR,2002,,,,77,,84,,,79
Myanmar,MMR,2003,8,,,80,,86,,,78
Myanmar,MMR,2004,39,,,86,,92,,,82
Myanmar,MMR,2005,62,,,84,,86,,,73
Myanmar,MMR,2006,75,,,78,,82,,,82
Myanmar,MMR,2007,85,,,81,,84,,,86
Myanmar,MMR,2008,85,,,82,,85,,,85
Myanmar,MMR,2009,91,,,87,,90,,,90
Myanmar,MMR,2010,92,,,88,,90,,,90
Myanmar,MMR,2011,40,,,88,,90,,,84
Myanmar,MMR,2012,58,,,84,,87,,,84
Myanmar,MMR,2013,75,75,,86,,76,,,75
Myanmar,MMR,2014,88,88,,88,,88,,,88
Myanmar,MMR,2015,89,89,8,84,,89,84,,89
Myanmar,MMR,2016,90,90,72,91,14,89,91,,90
Myanmar,MMR,2017,89,89,12,83,89,89,83,,89
Myanmar,MMR,2018,91,91,82,93,91,91,93,,91
Myanmar,MMR,2019,90,90,90,84,90,90,84,,90
Myanmar,MMR,2020,84,84,86,91,86,86,91,49,84
Myanmar,MMR,2021,37,37,46,44,40,43,44,33,37
Myanmar,MMR,2022,71,71,71,75,57,75,75,58,71
Myanmar,MMR,2023,71,71,72,73,64,73,73,63,71
Myanmar,MMR,2024,71,71,73,71,71,71,71,67,71
Namibia,NAM,1991,,,,76,,70,,,69
Namibia,NAM,1992,,,,76,,70,,,70
Namibia,NAM,1993,,,,71,,79,,,73
Namibia,NAM,1994,,,,70,,80,,,79
Namibia,NAM,1995,,,,68,,73,,,74
Namibia,NAM,1996,,,,61,,71,,,70
Namibia,NAM,1997,,,,59,,69,,,66
Namibia,NAM,1998,,,,64,,74,,,74
Namibia,NAM,1999,,,,65,,72,,,72
Namibia,NAM,2000,,,,69,,80,,,79
Namibia,NAM,2001,,,,58,,79,,,78
Namibia,NAM,2002,,,,68,,78,,,77
Namibia,NAM,2003,,,,70,,82,,,79
Namibia,NAM,2004,,,,70,,81,,,81
Namibia,NAM,2005,,,,73,,86,,,86
Namibia,NAM,2006,,,,63,,74,,,86
Namibia,NAM,2007,,,,69,,81,,,86
Namibia,NAM,2008,,,,73,,83,,,83
Namibia,NAM,2009,,,,76,,83,,,83
Namibia,NAM,2010,83,83,,75,,83,,,83
Namibia,NAM,2011,82,82,,74,,85,,,82
Namibia,NAM,2012,84,84,,76,,84,,,84
Namibia,NAM,2013,89,89,,82,,89,,,89
Namibia,NAM,2014,88,88,,83,,88,,,88
Namibia,NAM,2015,92,92,,85,81,92,,87,92
Namibia,NAM,2016,85,85,46,75,84,84,,86,85
Namibia,NAM,2017,88,88,0,80,67,83,80,86,88
Namibia,NAM,2018,89,89,82,82,61,84,82,92,89
Namibia,NAM,2019,87,87,76,80,57,84,80,90,87
Namibia,NAM,2020,93,93,87,90,78,92,90,77,93
Namibia,NAM,2021,94,94,85,91,79,73,91,42,94
Namibia,NAM,2022,84,84,65,89,85,86,89,55,84
Namibia,NAM,2023,83,83,77,86,83,77,86,87,83
Namibia,NAM,2024,74,75,77,79,76,75,79,75,74
Nauru,NRU,1984,,,,,,52,,,67
Nauru,NRU,1985,,,,,,73,,,67
Nauru,NRU,1986,,,,,,59,,,61
Nauru,NRU,1987,,,,,,55,,,55
Nauru,NRU,1988,,,,,,67,,,67
Nauru,NRU,1989,,,,,,70,,,75
Nauru,NRU,1990,,,,,,74,,,74
Nauru,NRU,1991,79,,,,,70,,,70
Nauru,NRU,1992,90,,,,,67,,,67
Nauru,NRU,1993,99,,,,,63,,,63
Nauru,NRU,1994,79,,,,,60,,,60
Nauru,NRU,1995,57,,,,,56,,,56
Nauru,NRU,1996,72,,,,,46,,,53
Nauru,NRU,1997,86,,,99,,36,,,50
Nauru,NRU,1998,29,,,90,,72,,,72
Nauru,NRU,1999,62,,,49,,64,,,64
Nauru,NRU,2000,58,,,8,,27,,,44
Nauru,NRU,2001,95,,,95,,99,,,95
Nauru,NRU,2002,75,,,40,,59,,,80
Nauru,NRU,2003,77,,,53,,66,,,80
Nauru,NRU,2004,78,,,67,,73,,,80
Nauru,NRU,2005,80,,,80,,80,,,80
Nauru,NRU,2006,99,,,99,,90,97,,72
Nauru,NRU,2007,99,,,99,,99,99,,99
Nauru,NRU,2008,99,,,99,,99,99,,99
Nauru,NRU,2009,99,99,,99,,99,92,,99
Nauru,NRU,2010,99,99,,99,,99,99,,99
Nauru,NRU,2011,99,99,,99,,99,99,,99
Nauru,NRU,2012,79,79,,96,,79,96,,79
Nauru,NRU,2013,87,87,,97,,87,97,,87
Nauru,NRU,2014,95,95,,98,,95,98,,95
Nauru,NRU,2015,91,91,91,98,,91,98,,91
Nauru,NRU,2016,97,97,97,98,,97,98,,97
Nauru,NRU,2017,87,87,99,95,,87,95,,87
Nauru,NRU,2018,90,90,99,99,,90,99,,90
Nauru,NRU,2019,96,96,96,95,,96,95,,96
Nauru,NRU,2020,95,95,95,98,,95,98,,95
Nauru,NRU,2021,98,98,99,98,59,98,98,60,98
Nauru,NRU,2022,97,97,97,98,97,97,98,97,99
Nauru,NRU,2023,97,97,97,98,97,97,98,97,99
Nauru,NRU,2024,97,97,97,98,97,97,98,97,99
Nepal,NPL,1980,,,,,,,,,8
Nepal,NPL,1981,,,,2,,1,,,16
Nepal,NPL,1982,,,,2,,3,,,18
Nepal,NPL,1983,,,,11,,4,,,23
Nepal,NPL,1984,,,,24,,6,,,27
Nepal,NPL,1985,,,,34,,20,,,32
Nepal,NPL,1986,,,,37,,34,,,38
Nepal,NPL,1987,,,,37,,43,,,46
Nepal,NPL,1988,,,,58,,43,,,45
Nepal,NPL,1989,,,,57,,42,,,44
Nepal,NPL,1990,,,,57,,42,,,43
Nepal,NPL,1991,,,,57,,45,,,46
Nepal,NPL,1992,,,,58,,48,,,49
Nepal,NPL,1993,,,,58,,51,,,51
Nepal,NPL,1994,,,,58,,54,,,54
Nepal,NPL,1995,,,,56,,50,,,54
Nepal,NPL,1996,,,,65,,60,,,65
Nepal,NPL,1997,,,,73,,70,,,78
Nepal,NPL,1998,,,,67,,66,,,71
Nepal,NPL,1999,,,,81,,76,,,65
Nepal,NPL,2000,,,,71,,74,,,74
Nepal,NPL,2001,,,,71,,73,,,72
Nepal,NPL,2002,,,,71,,72,,,72
Nepal,NPL,2003,2,,,75,,76,,,78
Nepal,NPL,2004,27,,,73,,80,,,80
Nepal,NPL,2005,41,,,74,,78,,,75
Nepal,NPL,2006,69,,,85,,91,,,89
Nepal,NPL,2007,82,,,81,,82,,,82
Nepal,NPL,2008,82,,,79,,82,,,82
Nepal,NPL,2009,89,,,90,,98,,,95
Nepal,NPL,2010,82,,,86,,94,,,93
Nepal,NPL,2011,92,92,,88,,92,,,92
Nepal,NPL,2012,90,90,,86,,90,,,90
Nepal,NPL,2013,92,92,,88,,92,88,,92
Nepal,NPL,2014,92,92,,88,,92,88,,92
Nepal,NPL,2015,91,91,59,85,5,90,85,,91
Nepal,NPL,2016,87,87,77,83,46,85,83,,87
Nepal,NPL,2017,90,90,16,90,80,90,90,,90
Nepal,NPL,2018,91,91,16,91,82,91,91,,91
Nepal,NPL,2019,93,93,80,92,83,92,92,,93
Nepal,NPL,2020,84,84,73,87,80,84,87,,84
Nepal,NPL,2021,91,91,86,90,84,91,90,76,91
Nepal,NPL,2022,90,90,84,90,83,87,90,85,90
Nepal,NPL,2023,94,94,88,93,88,93,93,92,94
Nepal,NPL,2024,97,97,96,97,96,97,97,96,97
Netherlands,NLD,1980,,,,91,,96,91,,96
Netherlands,NLD,1981,,,,91,,96,91,,96
Netherlands,NLD,1982,,,,92,,97,92,,97
Netherlands,NLD,1983,,,,92,,97,92,,97
Netherlands,NLD,1984,,,,92,,97,92,,97
Netherlands,NLD,1985,,,,92,,97,92,,97
Netherlands,NLD,1986,,,,93,,97,93,,97
Netherlands,NLD,1987,,,,93,,97,93,,97
Netherlands,NLD,1988,,,,94,,97,94,,97
Netherlands,NLD,1989,,,,94,,97,94,,97
Netherlands,NLD,1990,,,,94,,97,94,,97
Netherlands,NLD,1991,,,,94,,97,94,,97
Netherlands,NLD,1992,,,,95,,98,95,,98
Netherlands,NLD,1993,,,,94,,97,94,,97
Netherlands,NLD,1994,,,,94,,97,94,,97
Netherlands,NLD,1995,,,,94,,97,94,,97
Netherlands,NLD,1996,,,,96,,97,96,,97
Netherlands,NLD,1997,,96,,96,,97,96,,97
Netherlands,NLD,1998,,96,,96,,97,96,,97
Netherlands,NLD,1999,,96,,96,,97,96,,97
Netherlands,NLD,2000,,96,,96,,97,96,,97
Netherlands,NLD,2001,,96,,95,,97,95,,97
Netherlands,NLD,2002,,96,,95,,97,95,,97
Netherlands,NLD,2003,,97,,96,,98,96,,98
Netherlands,NLD,2004,,97,,96,,98,96,,98
Netherlands,NLD,2005,,96,,95,,96,95,,96
Netherlands,NLD,2006,,96,,96,,96,96,,96
Netherlands,NLD,2007,,97,,96,,97,96,,97
Netherlands,NLD,2008,,97,,96,,97,96,,97
Netherlands,NLD,2009,,97,,96,96,97,96,,97
Netherlands,NLD,2010,,97,,96,96,97,96,,97
Netherlands,NLD,2011,20,97,,96,96,97,96,,97
Netherlands,NLD,2012,20,97,,96,96,97,96,,97
Netherlands,NLD,2013,51,97,,96,96,97,96,,97
Netherlands,NLD,2014,95,96,,96,95,96,96,,96
Netherlands,NLD,2015,94,96,95,95,94,95,95,,95
Netherlands,NLD,2016,93,95,95,94,94,95,94,,95
Netherlands,NLD,2017,92,94,94,93,93,94,93,,94
Netherlands,NLD,2018,92,93,93,93,93,93,93,,93
Netherlands,NLD,2019,92,94,94,94,93,94,94,,94
Netherlands,NLD,2020,93,94,94,94,93,94,94,,94
Netherlands,NLD,2021,93,94,95,93,93,95,93,,95
Netherlands,NLD,2022,88,91,93,89,90,93,89,,93
Netherlands,NLD,2023,86,90,92,89,88,92,89,,92
Netherlands,NLD,2024,89,89,91,89,88,91,89,,91
New Zealand,NZL,1980,,,,80,,,80,,76
New Zealand,NZL,1981,,,,77,,,77,,72
New Zealand,NZL,1982,,,,74,,,74,,73
New Zealand,NZL,1983,,,,71,,72,71,,73
New Zealand,NZL,1984,,,,67,,84,67,,83
New Zealand,NZL,1985,,,,64,,84,64,,72
New Zealand,NZL,1986,,,,60,,84,60,,70
New Zealand,NZL,1987,,,,67,,74,67,,67
New Zealand,NZL,1988,,,,75,,75,75,,69
New Zealand,NZL,1989,,,,83,,83,83,,80
New Zealand,NZL,1990,,,,90,,90,90,,90
New Zealand,NZL,1991,,,,82,,68,82,,81
New Zealand,NZL,1992,67,,,82,,68,82,,81
New Zealand,NZL,1993,74,,,85,,76,85,,83
New Zealand,NZL,1994,81,,,87,,84,87,,84
New Zealand,NZL,1995,88,,,84,,87,84,,89
New Zealand,NZL,1996,94,,,92,,94,92,,88
New Zealand,NZL,1997,99,86,,99,,99,99,,86
New Zealand,NZL,1998,87,81,,81,,82,81,,81
New Zealand,NZL,1999,89,88,,83,,85,83,,88
New Zealand,NZL,2000,90,90,,85,,82,85,,90
New Zealand,NZL,2001,90,90,,85,,82,85,,90
New Zealand,NZL,2002,89,88,,84,,84,84,,90
New Zealand,NZL,2003,89,85,,84,,86,84,,90
New Zealand,NZL,2004,88,83,,83,,87,83,,89
New Zealand,NZL,2005,87,80,,82,,89,82,,89
New Zealand,NZL,2006,87,80,,82,,89,82,,89
New Zealand,NZL,2007,88,78,,79,,88,79,,88
New Zealand,NZL,2008,90,86,,86,,89,86,,89
New Zealand,NZL,2009,93,98,,89,87,92,89,,92
New Zealand,NZL,2010,90,89,,91,89,93,91,,93
New Zealand,NZL,2011,95,94,,93,92,95,93,,95
New Zealand,NZL,2012,93,93,,92,92,93,92,,93
New Zealand,NZL,2013,93,92,,92,93,92,92,,92
New Zealand,NZL,2014,93,93,,93,93,93,93,,93
New Zealand,NZL,2015,92,92,93,93,93,92,93,,92
New Zealand,NZL,2016,92,92,92,92,93,92,92,66,92
New Zealand,NZL,2017,94,93,96,93,94,94,93,89,94
New Zealand,NZL,2018,93,92,95,92,96,93,92,86,93
New Zealand,NZL,2019,92,91,94,92,91,92,92,86,92
New Zealand,NZL,2020,92,92,95,91,92,92,91,88,92
New Zealand,NZL,2021,90,90,93,91,95,90,91,90,90
New Zealand,NZL,2022,89,89,94,90,86,89,90,87,89
New Zealand,NZL,2023,88,88,93,89,73,88,89,83,88
New Zealand,NZL,2024,89,89,94,89,60,89,89,84,89
Niger,NER,1981,,,,19,,6,,,6
Niger,NER,1982,,,,18,,6,,,6
Niger,NER,1983,,,,16,,5,,,5
Niger,NER,1984,,,,22,,5,,,5
Niger,NER,1985,,,,27,,4,,,4
Niger,NER,1986,,,,27,,5,,,5
Niger,NER,1987,,,,27,,7,,,7
Niger,NER,1988,,,,24,,9,,,9
Niger,NER,1989,,,,14,,13,,,13
Niger,NER,1990,,,,25,,22,,,22
Niger,NER,1991,,,,28,,19,,,19
Niger,NER,1992,,,,21,,20,,,20
Niger,NER,1993,,,,19,,20,,,20
Niger,NER,1994,,,,19,,20,,,20
Niger,NER,1995,,,,40,,23,,,23
Niger,NER,1996,,,,38,,23,,,23
Niger,NER,1997,,,,35,,25,,,25
Niger,NER,1998,,,,35,,33,,,29
Niger,NER,1999,,,,35,,40,,,32
Niger,NER,2000,,,,37,,41,,,34
Niger,NER,2001,,,,39,,42,,,36
Niger,NER,2002,,,,41,,43,,,39
Niger,NER,2003,,,,43,,44,,,41
Niger,NER,2004,,,,45,,45,,,43
Niger,NER,2005,,,,47,,46,,,45
Niger,NER,2006,,,,53,,52,,,52
Niger,NER,2007,,,,60,,57,,,58
Niger,NER,2008,,,,66,,68,,,67
Niger,NER,2009,71,71,,69,,71,,,71
Niger,NER,2010,70,70,,67,,75,,,70
Niger,NER,2011,75,75,,69,,40,,,75
Niger,NER,2012,73,73,,75,,71,,,73
Niger,NER,2013,75,75,,80,,62,,,75
Niger,NER,2014,82,82,,80,13,79,,19,82
Niger,NER,2015,84,84,27,85,49,83,,47,84
Niger,NER,2016,80,80,74,76,76,82,,80,80
Niger,NER,2017,85,85,85,82,85,85,,85,85
Niger,NER,2018,79,79,79,77,79,79,,79,79
Niger,NER,2019,81,81,81,79,81,81,,81,81
Niger,NER,2020,81,81,81,79,81,81,,83,81
Niger,NER,2021,82,82,82,80,82,82,,85,82
Niger,NER,2022,84,84,84,65,84,84,,86,84
Niger,NER,2023,85,85,85,80,85,85,,88,85
Niger,NER,2024,86,86,86,81,86,86,,90,86
Nigeria,NGA,1984,,,,9,,8,,,9
Nigeria,NGA,1985,,,,17,,16,,,16
Nigeria,NGA,1986,,,,28,,21,,,22
Nigeria,NGA,1987,,,,36,,28,,,29
Nigeria,NGA,1988,,,,46,,36,,,36
Nigeria,NGA,1989,,,,59,,47,,,47
Nigeria,NGA,1990,,,,54,,55,,,56
Nigeria,NGA,1991,,,,57,,42,,,39
Nigeria,NGA,1992,,,,43,,38,,,43
Nigeria,NGA,1993,,,,40,,28,,,29
Nigeria,NGA,1994,,,,41,,45,,,44
Nigeria,NGA,1995,,,,44,,31,,,34
Nigeria,NGA,1996,,,,38,,26,,,26
Nigeria,NGA,1997,,,,38,,25,,,21
Nigeria,NGA,1998,,,,38,,22,,,21
Nigeria,NGA,1999,,,,35,,27,,,31
Nigeria,NGA,2000,,,,33,,31,,,29
Nigeria,NGA,2001,,,,32,,36,,,27
Nigeria,NGA,2002,,,,30,,40,,,25
Nigeria,NGA,2003,,,,34,,42,,,29
Nigeria,NGA,2004,8,,,37,,43,,,33
Nigeria,NGA,2005,18,,,41,,45,,,36
Nigeria,NGA,2006,27,,,44,,46,,,40
Nigeria,NGA,2007,42,,,41,,54,,,42
Nigeria,NGA,2008,53,,,53,,60,,,53
Nigeria,NGA,2009,63,,,64,,66,,,63
Nigeria,NGA,2010,49,,,56,,54,,,56
Nigeria,NGA,2011,45,,,53,,48,,,53
Nigeria,NGA,2012,42,10,,41,,42,,,36
Nigeria,NGA,2013,43,27,,42,,41,,,39
Nigeria,NGA,2014,43,43,,42,,42,,,43
Nigeria,NGA,2015,42,42,42,42,36,42,,,42
Nigeria,NGA,2016,53,53,52,48,49,53,,,53
Nigeria,NGA,2017,55,55,53,54,53,55,,,55
Nigeria,NGA,2018,61,61,59,56,59,61,,,61
Nigeria,NGA,2019,66,66,66,58,64,66,,,66
Nigeria,NGA,2020,62,62,62,60,60,62,,,62
Nigeria,NGA,2021,61,61,59,56,60,59,,,61
Nigeria,NGA,2022,59,59,55,51,59,55,,18,59
Nigeria,NGA,2023,67,67,70,54,26,70,,53,67
Nigeria,NGA,2024,67,67,67,57,28,69,,57,67
Niue,NIU,1980,,,,77,,76,77,,7
Niue,NIU,1981,,,,71,,79,71,,8
Niue,NIU,1982,,,,65,,67,65,,20
Niue,NIU,1983,,,,58,,55,58,,31
Niue,NIU,1984,,,,52,,43,52,,43
Niue,NIU,1985,,,,52,,62,52,,62
Niue,NIU,1986,,,,73,,80,73,,81
Niue,NIU,1987,,,,94,,99,94,,99
Niue,NIU,1988,,,,94,,99,94,,99
Niue,NIU,1989,,,,99,,99,99,,99
Niue,NIU,1990,,,,99,,99,99,,99
Niue,NIU,1991,99,,,99,,99,99,,99
Niue,NIU,1992,99,,,99,,99,99,,99
Niue,NIU,1993,99,,,99,,99,99,,99
Niue,NIU,1994,99,,,99,,99,99,,99
Niue,NIU,1995,90,,,34,,99,34,,99
Niue,NIU,1996,99,,,99,,99,99,,99
Niue,NIU,1997,99,,,99,,99,99,,99
Niue,NIU,1998,99,,,99,,99,99,,99
Niue,NIU,1999,99,,,99,,99,99,,99
Niue,NIU,2000,99,99,,99,,99,99,,99
Niue,NIU,2001,99,99,,99,,99,99,,99
Niue,NIU,2002,99,99,,99,,99,99,,99
Niue,NIU,2003,95,95,,86,,95,86,,95
Niue,NIU,2004,99,99,,99,,99,99,,99
Niue,NIU,2005,86,99,,99,,86,99,,85
Niue,NIU,2006,99,99,,99,,99,99,,99
Niue,NIU,2007,99,99,,99,,99,99,,99
Niue,NIU,2008,99,99,,99,,99,99,,99
Niue,NIU,2009,99,99,,99,99,99,99,,99
Niue,NIU,2010,99,99,,99,99,99,99,,99
Niue,NIU,2011,99,99,,99,99,99,99,,99
Niue,NIU,2012,99,99,,99,99,99,99,,99
Niue,NIU,2013,99,99,,99,99,99,99,,99
Niue,NIU,2014,99,99,,99,99,99,99,,99
Niue,NIU,2015,99,99,99,99,99,99,99,,99
Niue,NIU,2016,99,99,99,99,99,99,99,74,99
Niue,NIU,2017,99,99,99,99,99,99,99,99,99
Niue,NIU,2018,99,99,99,99,99,99,99,99,99
Niue,NIU,2019,99,99,99,99,99,99,99,99,99
Niue,NIU,2020,99,99,99,99,99,99,99,99,99
Niue,NIU,2021,99,99,99,99,99,99,99,99,99
Niue,NIU,2022,99,99,99,99,99,99,99,99,99
Niue,NIU,2023,99,99,99,99,99,99,99,99,99
Niue,NIU,2024,99,99,99,99,99,99,99,99,99
North America,OWID_NAM,1980,,,,54.755444,,78.24323,39.470325,,63.63553
North America,OWID_NAM,1981,,,,59.1915,,80.84953,45.308678,,64.361435
North America,OWID_NAM,1982,,,,61.435516,,81.703636,45.684402,,64.38099
North America,OWID_NAM,1983,,,,58.897755,,77.93661,46.126244,,64.98588
North America,OWID_NAM,1984,,,,58.636322,,83.77748,45.9914,,68.307556
North America,OWID_NAM,1985,,,,72.268364,,72.88255,45.401276,,64.7468
North America,OWID_NAM,1986,,,,72.50382,,82.74277,47.25117,,70.28656
North America,OWID_NAM,1987,,,,66.45855,,86.345184,44.94698,,76.47003
North America,OWID_NAM,1988,,,,80.65344,,87.97435,52.88566,,78.04501
North America,OWID_NAM,1989,,,,83.92271,,85.92938,51.252846,,78.223854
North America,OWID_NAM,1990,,,,80.420204,,76.413376,49.8483,,74.343544
North America,OWID_NAM,1991,,,,81.73388,,77.788704,49.188896,,81.63436
North America,OWID_NAM,1992,,,,80.04716,,76.116516,47.75262,,80.83972
North America,OWID_NAM,1993,9.145805,,,79.626015,,78.17177,48.48675,,82.035706
North America,OWID_NAM,1994,21.41403,,,84.79908,,83.52505,50.50993,,87.48879
North America,OWID_NAM,1995,33.247395,42.14084,,85.29437,,85.04807,49.65109,,87.996216
North America,OWID_NAM,1996,39.40391,45.71036,,87.0832,,87.03155,50.82054,,88.54651
North America,OWID_NAM,1997,42.084435,46.592216,,86.80293,,87.17045,54.677845,,89.43951
North America,OWID_NAM,1998,44.045868,46.866394,,89.08587,,87.61196,81.940315,,90.15993
North America,OWID_NAM,1999,45.033157,49.715534,,88.62804,,87.043755,81.17735,,90.067535
North America,OWID_NAM,2000,77.004036,78.88169,,89.02308,,87.64893,81.36908,,89.74069
North America,OWID_NAM,2001,77.099945,80.51985,,89.04304,,87.54802,85.27613,,89.60701
North America,OWID_NAM,2002,77.010376,82.54228,,89.39124,,88.36562,85.69887,,90.04401
North America,OWID_NAM,2003,80.65737,84.524574,,90.221924,,88.83654,86.60882,,91.13705
North America,OWID_NAM,2004,81.163574,85.19993,,90.26453,,89.69352,88.72229,,91.68744
North America,OWID_NAM,2005,85.8164,89.52288,,89.85161,,90.392654,88.30878,,92.19747
North America,OWID_NAM,2006,85.65268,89.044174,,89.89495,,91.20989,88.29091,1.061954,92.38944
North America,OWID_NAM,2007,85.424446,88.52315,,89.52796,,91.02874,87.86696,1.6490259,92.185486
North America,OWID_NAM,2008,86.65257,87.621605,,90.02877,51.147102,91.37629,90.02877,27.945501,92.02113
North America,OWID_NAM,2009,85.52847,83.69672,,88.918915,60.34093,90.23762,88.918915,49.6417,91.09521
North America,OWID_NAM,2010,85.80527,86.85511,,89.6833,74.333725,90.369026,89.6833,58.73734,91.35658
North America,OWID_NAM,2011,86.7987,88.57626,,90.22646,78.87397,90.88018,90.22646,66.32058,91.83607
North America,OWID_NAM,2012,86.94892,89.17873,,90.44891,79.28335,91.52659,90.44891,68.31774,92.1318
North America,OWID_NAM,2013,83.50763,87.08225,,88.11161,79.18918,87.04044,88.11161,67.23131,87.71075
North America,OWID_NAM,2014,84.40447,87.31047,,89.70273,82.59816,87.03803,89.70273,68.32843,88.38638
North America,OWID_NAM,2015,82.50164,86.85022,79.49077,90.27577,83.41986,87.62225,90.27577,68.04463,88.04007
North America,OWID_NAM,2016,85.35219,89.07803,92.61157,90.330635,83.713036,89.62321,90.330635,66.385925,90.388435
North America,OWID_NAM,2017,78.25588,86.621666,92.67061,84.561005,84.221016,86.15606,84.561005,66.83862,87.85557
North America,OWID_NAM,2018,77.360176,87.187225,91.64693,90.29433,83.01028,87.873375,90.29433,71.774536,88.40859
North America,OWID_NAM,2019,78.30389,85.28162,90.12126,83.472946,83.35669,87.267845,83.472946,71.44171,86.925316
North America,OWID_NAM,2020,83.30297,82.39252,86.881325,87.9286,76.51911,82.60523,87.9286,71.693405,83.40063
North America,OWID_NAM,2021,83.81664,83.23218,89.21032,90.18744,77.60519,83.75319,90.18744,72.34806,84.68911
North America,OWID_NAM,2022,85.22557,85.07166,91.977196,86.51519,79.17716,85.39704,86.51519,75.54592,86.16952
North America,OWID_NAM,2023,86.23088,86.04208,91.04467,84.62012,78.067505,86.33284,84.62012,75.16496,87.15087
North Korea,PRK,1980,,,,29,,50,,,50
North Korea,PRK,1981,,,,31,,51,,,52
North Korea,PRK,1982,,,,29,,51,,,51
North Korea,PRK,1983,,,,30,,52,,,52
North Korea,PRK,1984,,,,31,,52,,,67
North Korea,PRK,1985,,,,38,,65,,,55
North Korea,PRK,1986,,,,44,,62,,,61
North Korea,PRK,1987,,,,35,,70,,,86
North Korea,PRK,1988,,,,58,,58,,,87
North Korea,PRK,1989,,,,99,,79,,,97
North Korea,PRK,1990,,,,98,,99,,,98
North Korea,PRK,1991,,,,98,,98,,,97
North Korea,PRK,1992,,,,99,,99,,,90
North Korea,PRK,1993,,,,99,,99,,,90
North Korea,PRK,1994,,,,83,,93,,,77
North Korea,PRK,1995,,,,67,,88,,,64
North Korea,PRK,1996,,,,50,,82,,,50
North Korea,PRK,1997,,,,34,,76,,,37
North Korea,PRK,1998,,,,49,,82,,,43
North Korea,PRK,1999,,,,63,,87,,,50
North Korea,PRK,2000,,,,78,,93,,,56
North Korea,PRK,2001,,,,92,,98,,,62
North Korea,PRK,2002,,,,98,,99,,,64
North Korea,PRK,2003,27,,,95,,99,,,68
North Korea,PRK,2004,98,,,95,,99,,,72
North Korea,PRK,2005,92,,,96,,97,,,79
North Korea,PRK,2006,96,,,96,,98,,,89
North Korea,PRK,2007,92,,,99,,99,,,92
North Korea,PRK,2008,92,,,98,,98,,,92
North Korea,PRK,2009,93,,,98,,98,,,93
North Korea,PRK,2010,93,,,99,,99,,,93
North Korea,PRK,2011,94,,,99,,99,,,94
North Korea,PRK,2012,96,32,,99,,99,,,96
North Korea,PRK,2013,93,93,,99,,99,,,93
North Korea,PRK,2014,93,93,,99,,99,,,93
North Korea,PRK,2015,96,96,81,98,,99,,,96
North Korea,PRK,2016,96,96,52,99,,99,,,96
North Korea,PRK,2017,97,97,0,99,,99,,,97
North Korea,PRK,2018,97,97,65,98,,99,,,97
North Korea,PRK,2019,97,97,98,99,,98,,,97
North Korea,PRK,2020,97,97,98,99,,70,99,,97
North Korea,PRK,2021,99,99,99,99,,0,99,,99
North Korea,PRK,2022,99,99,99,99,,0,99,,99
North Korea,PRK,2023,99,99,99,99,,0,99,,99
North Korea,PRK,2024,99,99,50,99,,0,99,,99
North Macedonia,MKD,1993,,,,98,,99,98,,90
North Macedonia,MKD,1994,,,,88,,91,88,,88
North Macedonia,MKD,1995,,,,97,,95,97,,95
North Macedonia,MKD,1996,,,,91,,94,91,,93
North Macedonia,MKD,1997,,,,98,,97,98,,97
North Macedonia,MKD,1998,,,,96,,94,96,,94
North Macedonia,MKD,1999,,,,98,,95,98,,95
North Macedonia,MKD,2000,,,,97,,96,97,,95
North Macedonia,MKD,2001,,,,92,,91,92,,91
North Macedonia,MKD,2002,,,,98,,97,98,,96
North Macedonia,MKD,2003,,,,96,,96,96,,96
North Macedonia,MKD,2004,,,,96,,95,96,,94
North Macedonia,MKD,2005,53,,,96,,98,96,,97
North Macedonia,MKD,2006,89,,,94,,92,94,,93
North Macedonia,MKD,2007,96,,,96,,96,96,,95
North Macedonia,MKD,2008,97,13,,98,,96,98,,95
North Macedonia,MKD,2009,95,82,,96,,96,96,,96
North Macedonia,MKD,2010,90,89,,98,,95,98,,95
North Macedonia,MKD,2011,96,96,,97,,97,97,,96
North Macedonia,MKD,2012,98,95,,96,,97,96,,95
North Macedonia,MKD,2013,97,97,,96,,98,96,,98
North Macedonia,MKD,2014,97,94,,93,,96,93,,95
North Macedonia,MKD,2015,92,89,98,89,,92,89,,91
North Macedonia,MKD,2016,94,94,97,82,,95,82,,95
North Macedonia,MKD,2017,91,91,97,83,,91,83,,91
North Macedonia,MKD,2018,92,93,98,75,,93,75,,93
North Macedonia,MKD,2019,92,92,98,75,,92,75,,92
North Macedonia,MKD,2020,84,84,93,63,30,84,63,61,84
North Macedonia,MKD,2021,79,81,89,70,53,81,70,65,81
North Macedonia,MKD,2022,84,84,92,71,56,84,71,67,84
North Macedonia,MKD,2023,86,86,92,73,56,86,73,68,86
North Macedonia,MKD,2024,91,91,93,73,72,89,73,71,89
Norway,NOR,1983,,,,80,,90,80,,90
Norway,NOR,1984,,,,80,,90,80,,90
Norway,NOR,1985,,,,90,,90,90,,85
Norway,NOR,1986,,,,87,,84,87,,83
Norway,NOR,1987,,,,87,,80,87,,80
Norway,NOR,1988,,,,87,,84,87,,83
Norway,NOR,1989,,,,84,,84,84,,83
Norway,NOR,1990,,,,87,,84,87,,86
Norway,NOR,1991,,,,94,,93,94,,96
Norway,NOR,1992,,,,96,,98,96,,98
Norway,NOR,1993,,,,93,,92,93,,94
Norway,NOR,1994,,,,94,,93,94,,93
Norway,NOR,1995,,,,92,,92,92,,97
Norway,NOR,1996,,97,,92,,92,92,,97
Norway,NOR,1997,,96,,93,,91,93,,95
Norway,NOR,1998,,95,,91,,91,91,,93
Norway,NOR,1999,,94,,90,,91,90,,92
Norway,NOR,2000,,93,,88,,91,88,,90
Norway,NOR,2001,,93,,90,,91,90,,91
Norway,NOR,2002,,95,,87,,93,87,,93
Norway,NOR,2003,,94,,86,,92,86,,92
Norway,NOR,2004,,94,,89,,92,89,,92
Norway,NOR,2005,,93,,90,,91,90,,91
Norway,NOR,2006,,95,,92,,94,92,,94
Norway,NOR,2007,,95,,92,,93,92,,93
Norway,NOR,2008,,94,,93,86,94,93,,94
Norway,NOR,2009,,95,,93,91,94,93,,94
Norway,NOR,2010,,94,,93,91,93,93,,93
Norway,NOR,2011,,95,,93,92,94,93,,94
Norway,NOR,2012,,95,,94,93,95,94,,95
Norway,NOR,2013,,95,,93,93,94,93,,94
Norway,NOR,2014,,94,,94,91,93,94,,93
Norway,NOR,2015,,95,99,95,93,95,95,,95
Norway,NOR,2016,,96,99,96,94,96,96,,96
Norway,NOR,2017,,96,99,96,94,96,96,,96
Norway,NOR,2018,,96,99,96,94,96,96,93,96
Norway,NOR,2019,96,97,99,97,95,97,97,95,97
Norway,NOR,2020,97,97,98,97,96,97,97,95,97
Norway,NOR,2021,96,97,98,97,96,97,97,96,97
Norway,NOR,2022,96,97,98,96,95,97,96,95,97
Norway,NOR,2023,96,96,99,96,95,96,96,95,96
Norway,NOR,2024,96,97,99,96,95,97,96,95,97
Oceania,OWID_OCE,1980,,,,10.623831,,19.516485,9.187346,,37.98119
Oceania,OWID_OCE,1981,,,,10.576101,,34.15702,8.690003,,41.171772
Oceania,OWID_OCE,1982,,,,9.394679,,46.50679,8.137412,,44.704376
Oceania,OWID_OCE,1983,,,,45.553635,,68.3491,42.40511,,48.661102
Oceania,OWID_OCE,1984,,,,50.61272,,70.72511,41.810516,,55.05769
Oceania,OWID_OCE,1985,,,,53.774868,,70.85352,41.244373,,58.08621
Oceania,OWID_OCE,1986,,,,55.406876,,73.40228,40.595364,,62.48587
Oceania,OWID_OCE,1987,,,,57.18108,,74.82309,41.62915,,67.18308
Oceania,OWID_OCE,1988,,,,65.51193,,76.56147,46.986546,,72.81791
Oceania,OWID_OCE,1989,0.32774976,,,72.449486,,78.49628,51.848976,,77.494804
Oceania,OWID_OCE,1990,6.414567,,,78.010735,,72.43354,53.06801,,83.93909
Oceania,OWID_OCE,1991,6.465532,,,78.01308,,71.283226,52.287846,,81.66538
Oceania,OWID_OCE,1992,12.926598,,,78.270485,,70.040016,52.264977,,78.19631
Oceania,OWID_OCE,1993,17.153236,,,67.73319,,71.55563,52.22788,,77.6028
Oceania,OWID_OCE,1994,21.336294,,,69.39329,,74.4255,51.997723,,77.18382
Oceania,OWID_OCE,1995,23.766808,,,71.15461,,78.43757,55.461647,,76.98967
Oceania,OWID_OCE,1996,31.289404,,,67.40231,,77.15735,55.748005,,75.21412
Oceania,OWID_OCE,1997,32.249046,49.309425,,73.015495,,65.5886,54.113365,,67.07195
Oceania,OWID_OCE,1998,32.05237,50.533524,,73.382324,,70.45002,50.501587,,73.08862
Oceania,OWID_OCE,1999,34.561356,53.17526,,78.17193,,73.80244,52.927006,,76.78083
Oceania,OWID_OCE,2000,35.699917,54.50352,,80.21718,,74.189095,54.043278,,77.43844
Oceania,OWID_OCE,2001,79.3014,56.261414,,79.0698,,74.73572,53.989365,,76.77371
Oceania,OWID_OCE,2002,79.55722,55.614693,,82.361336,,75.74107,54.84397,,78.50176
Oceania,OWID_OCE,2003,81.72093,54.7024,,83.414474,,78.54132,54.38718,,81.27943
Oceania,OWID_OCE,2004,78.98532,54.048042,,83.03664,,77.10389,54.370625,,78.544
Oceania,OWID_OCE,2005,79.84073,53.781464,,85.22041,,78.4871,54.728,,82.05323
Oceania,OWID_OCE,2006,82.47079,54.211796,,85.541084,,80.04038,54.806423,,81.611916
Oceania,OWID_OCE,2007,78.573685,54.107662,,82.162125,,81.027954,55.21299,,80.372444
Oceania,OWID_OCE,2008,77.637955,58.27389,,80.32501,41.25527,81.577965,56.081093,36.71916,77.046165
Oceania,OWID_OCE,2009,81.34625,80.87981,,80.34803,50.156246,82.28152,56.49911,37.482018,80.30716
Oceania,OWID_OCE,2010,77.17122,76.16005,,80.189156,50.442287,79.379845,56.6514,38.48515,77.447075
Oceania,OWID_OCE,2011,78.75432,78.58156,,81.47022,50.39002,77.87264,56.51476,38.651566,78.805176
Oceania,OWID_OCE,2012,78.1858,78.09504,,83.49964,50.174084,80.70328,56.26352,38.272083,78.18194
Oceania,OWID_OCE,2013,78.269806,78.09415,,83.676056,53.017883,79.11129,58.38631,40.993404,78.49758
Oceania,OWID_OCE,2014,75.6283,75.54426,,81.53259,53.35153,72.945885,58.433136,41.540977,76.04264
Oceania,OWID_OCE,2015,75.59045,75.50341,51.945126,78.857506,62.224766,76.16432,78.857506,42.067905,75.549934
Oceania,OWID_OCE,2016,75.07583,74.94503,63.208675,75.26629,63.795216,75.41317,75.26629,48.655792,75.04762
Oceania,OWID_OCE,2017,71.913704,71.67295,70.58009,73.21682,69.20081,71.414955,73.21682,51.4834,71.885574
Oceania,OWID_OCE,2018,71.209785,70.564644,71.5411,71.384285,69.441414,73.60599,71.384285,51.46484,71.17615
Oceania,OWID_OCE,2019,71.48772,71.312996,71.687195,71.36082,69.55112,73.89131,71.36082,51.979332,71.46186
Oceania,OWID_OCE,2020,73.130226,73.04228,73.316666,72.740204,71.95728,74.06074,72.740204,53.440002,73.058
Oceania,OWID_OCE,2021,69.424065,69.340965,69.416214,68.6455,69.71059,69.935905,68.6455,56.022617,69.39455
Oceania,OWID_OCE,2022,70.76679,70.63976,74.42116,73.257454,70.80238,71.07476,73.257454,53.504772,70.696075
Oceania,OWID_OCE,2023,69.95819,69.87157,72.89087,74.32879,66.72791,73.78756,74.32879,53.440933,69.93255
Oman,OMN,1980,,,,22,,18,,,18
Oman,OMN,1981,,,,10,,19,,,19
Oman,OMN,1982,,,,24,,24,,,24
Oman,OMN,1983,,,,34,,31,,,31
Oman,OMN,1984,,,,53,,45,,,45
Oman,OMN,1985,,,,65,,60,,,60
Oman,OMN,1986,,,,79,,82,,,82
Oman,OMN,1987,,,,86,,89,,,89
Oman,OMN,1988,,,,87,,90,,,90
Oman,OMN,1989,,,,94,,98,,,98
Oman,OMN,1990,,,,98,,98,,,98
Oman,OMN,1991,94,,,96,,95,,,95
Oman,OMN,1992,99,,,96,,99,,,99
Oman,OMN,1993,96,,,95,,97,,,97
Oman,OMN,1994,99,,,97,,97,97,,97
Oman,OMN,1995,99,,,98,,99,98,,99
Oman,OMN,1996,99,,,98,,99,98,,99
Oman,OMN,1997,99,,,98,,99,98,,99
Oman,OMN,1998,99,,,98,,99,98,,99
Oman,OMN,1999,99,,,99,,99,99,,99
Oman,OMN,2000,99,,,99,,99,99,,99
Oman,OMN,2001,99,,,99,,99,99,,99
Oman,OMN,2002,99,97,,99,,99,99,,99
Oman,OMN,2003,99,99,,98,,99,98,,99
Oman,OMN,2004,99,99,,98,,99,98,,99
Oman,OMN,2005,99,99,,98,,99,98,,99
Oman,OMN,2006,99,98,,96,,98,96,,98
Oman,OMN,2007,99,99,,97,,97,97,,99
Oman,OMN,2008,99,99,,98,,97,98,,99
Oman,OMN,2009,98,98,,99,96,96,99,,98
Oman,OMN,2010,99,99,,99,99,99,99,,99
Oman,OMN,2011,99,99,,99,99,99,99,,99
Oman,OMN,2012,98,98,,99,99,99,99,,98
Oman,OMN,2013,98,98,,99,99,99,99,,98
Oman,OMN,2014,99,99,,99,98,99,99,,99
Oman,OMN,2015,99,99,99,99,98,99,99,,99
Oman,OMN,2016,99,99,99,99,99,99,99,,99
Oman,OMN,2017,99,99,99,99,99,99,99,,99
Oman,OMN,2018,99,99,99,99,99,99,99,,99
Oman,OMN,2019,99,99,99,99,99,99,99,,99
Oman,OMN,2020,99,99,99,99,99,99,99,,99
Oman,OMN,2021,99,99,99,99,99,99,99,,99
Oman,OMN,2022,99,99,99,97,97,97,97,,99
Oman,OMN,2023,99,99,99,99,99,99,99,,99
Oman,OMN,2024,99,99,99,99,99,99,99,,99
Pakistan,PAK,1980,,,,1,,2,,,2
Pakistan,PAK,1981,,,,2,,3,,,3
Pakistan,PAK,1982,,,,3,,5,,,5
Pakistan,PAK,1983,,,,19,,15,,,15
Pakistan,PAK,1984,,,,33,,23,,,23
Pakistan,PAK,1985,,,,38,,30,,,30
Pakistan,PAK,1986,,,,41,,34,,,34
Pakistan,PAK,1987,,,,43,,36,,,36
Pakistan,PAK,1988,,,,46,,38,,,38
Pakistan,PAK,1989,,,,48,,40,,,40
Pakistan,PAK,1990,,,,50,,54,,,54
Pakistan,PAK,1991,,,,51,,50,,,50
Pakistan,PAK,1992,,,,52,,42,,,42
Pakistan,PAK,1993,,,,52,,37,,,37
Pakistan,PAK,1994,,,,53,,39,,,39
Pakistan,PAK,1995,,,,47,,58,,,58
Pakistan,PAK,1996,,,,50,,46,,,46
Pakistan,PAK,1997,,,,52,,52,,,52
Pakistan,PAK,1998,,,,54,,58,,,54
Pakistan,PAK,1999,,,,56,,60,,,57
Pakistan,PAK,2000,,,,57,,61,,,59
Pakistan,PAK,2001,,,,59,,63,,,61
Pakistan,PAK,2002,,,,60,,64,,,63
Pakistan,PAK,2003,62,,,62,,66,,,66
Pakistan,PAK,2004,62,,,63,,67,,,68
Pakistan,PAK,2005,65,,,61,,63,,,63
Pakistan,PAK,2006,60,,,59,,58,,,59
Pakistan,PAK,2007,54,,,57,,54,,,54
Pakistan,PAK,2008,53,,,56,,53,,,53
Pakistan,PAK,2009,52,52,,56,,52,,,52
Pakistan,PAK,2010,52,52,,57,,52,,,52
Pakistan,PAK,2011,63,63,,59,,63,,,63
Pakistan,PAK,2012,64,64,,63,,64,,,64
Pakistan,PAK,2013,65,65,,68,65,65,,,65
Pakistan,PAK,2014,69,69,,71,68,69,,,69
Pakistan,PAK,2015,72,72,20,75,80,72,,,72
Pakistan,PAK,2016,75,75,56,75,78,75,,,75
Pakistan,PAK,2017,75,75,67,76,82,75,,12,75
Pakistan,PAK,2018,80,80,80,79,82,75,,58,80
Pakistan,PAK,2019,84,84,84,81,83,84,,86,84
Pakistan,PAK,2020,80,80,83,83,82,83,,84,80
Pakistan,PAK,2021,83,83,83,81,83,83,,87,83
Pakistan,PAK,2022,85,85,90,82,85,85,82,88,85
Pakistan,PAK,2023,86,86,86,84,86,86,84,90,86
Pakistan,PAK,2024,87,87,87,86,87,87,86,90,87
Palau,PLW,1986,,,,98,,,,,98
Palau,PLW,1987,,,,98,,98,,,81
Palau,PLW,1988,,,,99,,99,,,99
Palau,PLW,1989,,,,98,,99,,,78
Palau,PLW,1990,,,,98,,99,,,99
Palau,PLW,1991,89,,,98,,98,,,98
Palau,PLW,1992,75,,,94,,99,,,93
Palau,PLW,1993,94,,,32,,99,,,89
Palau,PLW,1994,73,,,41,,34,,,67
Palau,PLW,1995,99,,,99,,99,99,,99
Palau,PLW,1996,99,,,99,,99,99,,98
Palau,PLW,1997,90,,,83,,90,83,,91
Palau,PLW,1998,96,74,,74,,96,74,,96
Palau,PLW,1999,96,96,,96,,96,96,,96
Palau,PLW,2000,96,96,,83,,96,83,,96
Palau,PLW,2001,98,93,,91,,98,91,,98
Palau,PLW,2002,99,90,,99,,99,99,,99
Palau,PLW,2003,99,94,,99,,99,99,,99
Palau,PLW,2004,98,98,,99,,98,99,,98
Palau,PLW,2005,98,98,,98,,98,98,,98
Palau,PLW,2006,98,98,,98,,98,98,,98
Palau,PLW,2007,91,95,,91,,94,91,,94
Palau,PLW,2008,92,92,,97,7,92,97,,92
Palau,PLW,2009,69,48,,75,18,48,75,15,49
Palau,PLW,2010,80,66,,39,45,68,39,76,69
Palau,PLW,2011,91,85,,85,61,98,85,89,84
Palau,PLW,2012,89,89,,91,82,89,91,89,89
Palau,PLW,2013,99,99,,99,93,99,99,99,99
Palau,PLW,2014,99,99,,83,93,95,83,99,95
Palau,PLW,2015,90,89,99,95,95,89,95,97,90
Palau,PLW,2016,98,98,95,96,98,98,96,98,98
Palau,PLW,2017,98,95,99,93,89,97,93,95,97
Palau,PLW,2018,98,92,99,90,82,98,90,93,95
Palau,PLW,2019,98,93,99,97,74,97,97,92,97
Palau,PLW,2020,93,89,99,93,75,96,93,82,96
Palau,PLW,2021,96,89,99,93,77,95,93,82,95
Palau,PLW,2022,95,86,99,96,82,94,96,83,94
Palau,PLW,2023,98,92,99,96,93,97,96,31,97
Palau,PLW,2024,99,99,99,96,93,97,96,60,97
Palestine,PSE,1993,,,,91,,94,,,94
Palestine,PSE,1994,,,,96,,99,,,98
Palestine,PSE,1995,93,,,73,,96,,,99
Palestine,PSE,1996,91,,,95,,97,,,97
Palestine,PSE,1997,99,,,96,,96,,,96
Palestine,PSE,1998,91,,,92,,98,,,98
Palestine,PSE,1999,90,,,92,,89,,,89
Palestine,PSE,2000,95,,,93,,93,95,,93
Palestine,PSE,2001,92,,,98,,97,94,,97
Palestine,PSE,2002,91,,,94,,97,93,,97
Palestine,PSE,2003,97,,,99,,98,94,,98
Palestine,PSE,2004,96,,,96,,96,94,,96
Palestine,PSE,2005,99,,,98,,99,97,,96
Palestine,PSE,2006,97,,,99,,97,92,,96
Palestine,PSE,2007,98,96,,98,,99,87,,99
Palestine,PSE,2008,96,96,,96,,97,99,,96
Palestine,PSE,2009,97,97,,97,,98,97,,97
Palestine,PSE,2010,98,99,,98,,99,94,,99
Palestine,PSE,2011,99,99,,99,,99,99,,99
Palestine,PSE,2012,99,97,,98,25,98,98,,97
Palestine,PSE,2013,99,99,,99,97,99,99,,99
Palestine,PSE,2014,99,99,,99,99,99,99,,99
Palestine,PSE,2015,99,99,99,99,99,99,99,,99
Palestine,PSE,2016,99,99,99,99,99,99,99,,99
Palestine,PSE,2017,99,99,99,99,99,99,99,99,99
Palestine,PSE,2018,99,99,99,99,96,99,99,99,99
Palestine,PSE,2019,99,99,99,99,99,99,99,99,99
Palestine,PSE,2020,98,98,99,99,98,98,99,99,98
Palestine,PSE,2021,95,95,99,98,95,95,98,87,95
Palestine,PSE,2022,99,98,99,97,99,99,97,93,98
Palestine,PSE,2023,91,88,86,89,87,89,89,83,88
Palestine,PSE,2024,91,88,86,89,87,89,89,83,88
Panama,PAN,1980,,,,71,,70,,,47
Panama,PAN,1981,,,,76,,74,,,78
Panama,PAN,1982,,,,64,,60,,,60
Panama,PAN,1983,,,,85,,84,,,60
Panama,PAN,1984,,,,72,,65,,,59
Panama,PAN,1985,,,,84,,71,,,73
Panama,PAN,1986,,,,74,,72,,,70
Panama,PAN,1987,,,,78,,74,,,72
Panama,PAN,1988,,,,73,,70,,,75
Panama,PAN,1989,,,,73,,72,,,70
Panama,PAN,1990,,,,73,,86,,,86
Panama,PAN,1991,,,,80,,82,,,82
Panama,PAN,1992,,,,76,,77,76,,77
Panama,PAN,1993,,,,83,,83,83,,83
Panama,PAN,1994,,,,84,,83,84,,83
Panama,PAN,1995,,,,84,,86,84,,86
Panama,PAN,1996,,,,90,,92,90,,91
Panama,PAN,1997,,,,92,,99,92,,95
Panama,PAN,1998,,,,96,,97,96,,98
Panama,PAN,1999,,,,90,,94,90,,92
Panama,PAN,2000,,,,97,,99,97,,98
Panama,PAN,2001,98,99,,95,,95,95,,99
Panama,PAN,2002,98,99,,95,,99,95,,99
Panama,PAN,2003,98,98,,95,,95,95,,98
Panama,PAN,2004,95,95,,97,,92,97,,95
Panama,PAN,2005,92,92,,99,,88,99,,92
Panama,PAN,2006,88,88,,95,,98,95,82,88
Panama,PAN,2007,85,85,,95,,84,95,66,85
Panama,PAN,2008,86,86,,96,,86,96,74,86
Panama,PAN,2009,85,85,,96,,85,96,78,85
Panama,PAN,2010,94,94,,97,48,95,97,89,94
Panama,PAN,2011,87,87,,97,63,91,97,95,87
Panama,PAN,2012,85,85,,98,76,87,98,92,85
Panama,PAN,2013,80,80,,92,88,81,92,87,80
Panama,PAN,2014,80,80,,90,91,80,90,87,80
Panama,PAN,2015,73,73,80,93,92,72,93,87,73
Panama,PAN,2016,86,86,96,95,94,86,95,92,86
Panama,PAN,2017,81,81,96,98,97,81,98,94,81
Panama,PAN,2018,88,88,97,98,97,88,98,95,88
Panama,PAN,2019,88,88,97,97,96,88,97,94,88
Panama,PAN,2020,74,74,93,80,74,74,80,86,74
Panama,PAN,2021,87,87,98,92,87,87,92,84,87
Panama,PAN,2022,82,82,98,87,84,82,87,86,82
Panama,PAN,2023,71,71,91,88,77,71,88,85,71
Panama,PAN,2024,72,72,91,93,83,72,93,88,72
Papua New Guinea,PNG,1980,,,,,,29,,,32
Papua New Guinea,PNG,1981,,,,,,32,,,32
Papua New Guinea,PNG,1982,,,,,,27,,,29
Papua New Guinea,PNG,1983,,,,1,,27,,,27
Papua New Guinea,PNG,1984,,,,26,,32,,,34
Papua New Guinea,PNG,1985,,,,33,,34,,,40
Papua New Guinea,PNG,1986,,,,39,,42,,,44
Papua New Guinea,PNG,1987,,,,37,,46,,,44
Papua New Guinea,PNG,1988,,,,46,,48,,,48
Papua New Guinea,PNG,1989,,,,52,,52,,,53
Papua New Guinea,PNG,1990,20,,,67,,68,,,68
Papua New Guinea,PNG,1991,19,,,69,,68,,,68
Papua New Guinea,PNG,1992,12,,,70,,57,,,58
Papua New Guinea,PNG,1993,7,,,28,,56,,,58
Papua New Guinea,PNG,1994,20,,,36,,60,,,61
Papua New Guinea,PNG,1995,23,,,42,,68,,,62
Papua New Guinea,PNG,1996,43,,,24,,58,,,56
Papua New Guinea,PNG,1997,44,,,50,,35,,,45
Papua New Guinea,PNG,1998,47,,,63,,49,,,60
Papua New Guinea,PNG,1999,54,,,67,,51,,,60
Papua New Guinea,PNG,2000,57,,,69,,51,,,59
Papua New Guinea,PNG,2001,59,,,65,,52,,,55
Papua New Guinea,PNG,2002,60,,,73,,54,,,61
Papua New Guinea,PNG,2003,67,,,77,,62,,,68
Papua New Guinea,PNG,2004,60,,,77,,59,,,62
Papua New Guinea,PNG,2005,63,,,82,,61,,,72
Papua New Guinea,PNG,2006,69,,,82,,65,,,70
Papua New Guinea,PNG,2007,58,,,72,,68,,,66
Papua New Guinea,PNG,2008,55,,,66,,69,,,56
Papua New Guinea,PNG,2009,64,64,,65,,70,,,64
Papua New Guinea,PNG,2010,55,55,,63,,61,,,55
Papua New Guinea,PNG,2011,58,58,,66,,55,,,58
Papua New Guinea,PNG,2012,57,57,,71,,65,,,57
Papua New Guinea,PNG,2013,59,59,,72,,62,,,60
Papua New Guinea,PNG,2014,52,52,,65,,43,,,52
Papua New Guinea,PNG,2015,49,49,,57,20,51,57,,49
Papua New Guinea,PNG,2016,46,46,14,46,20,48,46,,46
Papua New Guinea,PNG,2017,36,36,32,41,36,35,41,,36
Papua New Guinea,PNG,2018,35,35,35,37,35,42,37,,35
Papua New Guinea,PNG,2019,35,35,35,37,35,42,37,,35
Papua New Guinea,PNG,2020,40,40,40,44,41,43,44,,40
Papua New Guinea,PNG,2021,32,32,32,35,34,34,35,,32
Papua New Guinea,PNG,2022,37,37,46,41,38,38,41,,37
Papua New Guinea,PNG,2023,35,35,42,52,29,46,52,,35
Papua New Guinea,PNG,2024,42,42,52,44,41,42,44,,42
Paraguay,PRY,1980,,,,19,,14,,,17
Paraguay,PRY,1981,,,,16,,26,,,28
Paraguay,PRY,1982,,,,26,,39,,,34
Paraguay,PRY,1983,,,,37,,47,,,45
Paraguay,PRY,1984,,,,62,,68,,,67
Paraguay,PRY,1985,,,,48,,99,,,57
Paraguay,PRY,1986,,,,46,,90,,,53
Paraguay,PRY,1987,,,,56,,81,,,58
Paraguay,PRY,1988,,,,63,,70,,,56
Paraguay,PRY,1989,,,,58,,59,,,61
Paraguay,PRY,1990,,,,69,,64,,,67
Paraguay,PRY,1991,,,,74,,68,,,66
Paraguay,PRY,1992,,,,87,,73,,,73
Paraguay,PRY,1993,,,,96,,66,,,66
Paraguay,PRY,1994,,,,76,,70,,,71
Paraguay,PRY,1995,,,,75,,68,,,68
Paraguay,PRY,1996,,,,81,,72,,,72
Paraguay,PRY,1997,,,,61,,75,,,75
Paraguay,PRY,1998,,,,71,,79,,,79
Paraguay,PRY,1999,,,,82,,83,,,82
Paraguay,PRY,2000,,,,92,,86,92,,86
Paraguay,PRY,2001,,,,90,,90,90,,89
Paraguay,PRY,2002,,,,86,,87,86,,87
Paraguay,PRY,2003,86,86,,91,,86,91,,86
Paraguay,PRY,2004,90,92,,91,,92,91,,92
Paraguay,PRY,2005,92,93,,91,,96,91,,96
Paraguay,PRY,2006,92,92,,91,,98,91,,98
Paraguay,PRY,2007,86,88,,91,,95,91,,95
Paraguay,PRY,2008,87,87,,91,,85,91,,89
Paraguay,PRY,2009,85,85,,91,,83,91,,86
Paraguay,PRY,2010,91,91,,93,,89,93,56,91
Paraguay,PRY,2011,91,91,,91,,90,91,85,92
Paraguay,PRY,2012,91,91,,88,82,90,88,86,91
Paraguay,PRY,2013,90,90,,88,90,90,88,86,91
Paraguay,PRY,2014,93,93,,84,86,94,84,90,93
Paraguay,PRY,2015,92,92,,78,90,93,78,91,92
Paraguay,PRY,2016,92,92,94,85,99,93,85,91,92
Paraguay,PRY,2017,91,91,94,92,93,92,92,93,91
Paraguay,PRY,2018,88,88,92,93,94,88,93,91,88
Paraguay,PRY,2019,86,86,88,87,89,84,87,86,86
Paraguay,PRY,2020,79,79,84,80,82,78,80,80,79
Paraguay,PRY,2021,70,70,78,68,62,66,68,68,70
Paraguay,PRY,2022,69,69,82,54,74,58,54,78,69
Paraguay,PRY,2023,71,71,80,83,77,75,83,76,71
Paraguay,PRY,2024,80,80,82,90,91,80,90,80,80
Peru,PER,1980,,,,23,,16,,,16
Peru,PER,1981,,,,26,,20,,,20
Peru,PER,1982,,,,32,,23,,,23
Peru,PER,1983,,,,28,,22,,,23
Peru,PER,1984,,,,35,,28,,,28
Peru,PER,1985,,,,53,,47,,,48
Peru,PER,1986,,,,41,,50,,,50
Peru,PER,1987,,,,56,,45,,,43
Peru,PER,1988,,,,52,,61,,,60
Peru,PER,1989,,,,52,,60,,,58
Peru,PER,1990,,,,64,,73,,,72
Peru,PER,1991,,,,74,,74,,,71
Peru,PER,1992,,,,83,,85,,,83
Peru,PER,1993,,,,75,,88,,,87
Peru,PER,1994,,,,75,,87,,,87
Peru,PER,1995,,,,98,,89,,,90
Peru,PER,1996,,,,87,,93,,,94
Peru,PER,1997,,,,91,,91,,,90
Peru,PER,1998,,12,,93,,93,,,94
Peru,PER,1999,,28,,93,,96,,,99
Peru,PER,2000,,43,,97,,93,,,98
Peru,PER,2001,,38,,97,,90,,,90
Peru,PER,2002,,40,,95,,95,,,95
Peru,PER,2003,65,41,,95,,95,95,,94
Peru,PER,2004,92,96,,85,,81,85,,86
Peru,PER,2005,94,94,,77,,66,77,,77
Peru,PER,2006,94,94,,93,,94,93,,94
Peru,PER,2007,93,93,,92,,93,92,,93
Peru,PER,2008,93,93,,92,,93,92,3,93
Peru,PER,2009,93,93,,91,9,92,91,41,93
Peru,PER,2010,93,93,,94,73,92,94,75,93
Peru,PER,2011,91,91,,96,82,91,96,84,91
Peru,PER,2012,95,95,,94,89,94,94,91,95
Peru,PER,2013,88,88,,85,85,71,85,86,88
Peru,PER,2014,88,88,,89,86,78,89,86,88
Peru,PER,2015,90,90,98,92,90,88,92,87,90
Peru,PER,2016,90,90,94,89,86,88,89,89,90
Peru,PER,2017,89,89,95,88,84,88,88,89,89
Peru,PER,2018,89,89,95,86,82,87,86,90,89
Peru,PER,2019,88,88,96,85,80,87,85,90,88
Peru,PER,2020,72,72,92,77,74,72,77,76,72
Peru,PER,2021,82,82,89,78,75,79,78,82,82
Peru,PER,2022,82,82,93,74,71,82,74,84,82
Peru,PER,2023,84,84,91,84,80,84,84,87,84
Peru,PER,2024,80,80,83,89,82,80,89,82,80
Philippines,PHL,1980,,,,,,50,,,47
Philippines,PHL,1981,,,,,,46,,,54
Philippines,PHL,1982,,,,9,,51,,,54
Philippines,PHL,1983,,,,27,,55,,,55
Philippines,PHL,1984,,,,44,,56,,,57
Philippines,PHL,1985,,,,49,,58,,,59
Philippines,PHL,1986,,,,51,,65,,,66
Philippines,PHL,1987,,,,67,,72,,,72
Philippines,PHL,1988,,,,77,,78,,,79
Philippines,PHL,1989,,,,83,,85,,,86
Philippines,PHL,1990,,,,85,,88,,,88
Philippines,PHL,1991,,,,83,,90,,,90
Philippines,PHL,1992,,,,81,,78,,,80
Philippines,PHL,1993,,,,78,,74,,,76
Philippines,PHL,1994,,,,75,,71,,,73
Philippines,PHL,1995,38,,,72,,67,,,70
Philippines,PHL,1996,35,,,76,,74,,,75
Philippines,PHL,1997,31,,,79,,82,,,81
Philippines,PHL,1998,30,,,80,,82,,,81
Philippines,PHL,1999,32,,,80,,79,,,80
Philippines,PHL,2000,7,,,78,,74,,,78
Philippines,PHL,2001,45,,,81,,76,,,79
Philippines,PHL,2002,42,,,82,,77,,,79
Philippines,PHL,2003,52,,,87,,85,,,84
Philippines,PHL,2004,48,,,92,,85,,,88
Philippines,PHL,2005,49,,,92,,90,,,89
Philippines,PHL,2006,77,,,92,,88,,,88
Philippines,PHL,2007,87,,,92,,87,,,87
Philippines,PHL,2008,87,,,90,,87,,,87
Philippines,PHL,2009,88,,,89,,87,,,88
Philippines,PHL,2010,88,2,,87,,88,87,,88
Philippines,PHL,2011,89,14,,86,,88,86,,89
Philippines,PHL,2012,89,89,,84,,88,84,5,89
Philippines,PHL,2013,84,85,,83,,85,83,28,85
Philippines,PHL,2014,79,80,,81,35,82,81,1,80
Philippines,PHL,2015,74,76,,80,20,79,80,2,76
Philippines,PHL,2016,84,84,37,80,40,81,80,,84
Philippines,PHL,2017,83,84,53,81,38,82,81,,84
Philippines,PHL,2018,83,84,67,82,49,84,82,,84
Philippines,PHL,2019,82,84,80,83,61,85,83,,84
Philippines,PHL,2020,81,83,79,79,76,82,79,,83
Philippines,PHL,2021,67,69,66,64,61,66,64,,69
Philippines,PHL,2022,82,84,81,76,81,83,76,,84
Philippines,PHL,2023,87,89,82,81,85,77,81,,89
Philippines,PHL,2024,71,71,82,80,59,88,80,,71
Poland,POL,1980,,,,92,,96,,,96
Poland,POL,1981,,,,93,,95,,,96
Poland,POL,1982,,,,93,,95,,,95
Poland,POL,1983,,,,94,,95,,,95
Poland,POL,1984,,,,94,,95,,,95
Poland,POL,1985,,,,92,,94,,,94
Poland,POL,1986,,,,92,,95,,,95
Poland,POL,1987,,,,94,,96,,,96
Poland,POL,1988,,,,95,,96,95,,96
Poland,POL,1989,,,,95,,96,95,,96
Poland,POL,1990,,,,95,,96,95,,96
Poland,POL,1991,1,,,94,,94,94,,95
Poland,POL,1992,1,,,95,,94,95,,95
Poland,POL,1993,1,,,95,,95,95,,95
Poland,POL,1994,4,,,96,,95,96,,96
Poland,POL,1995,23,,,96,,96,96,,96
Poland,POL,1996,56,,,97,,97,97,,97
Poland,POL,1997,97,,,97,,98,97,,98
Poland,POL,1998,99,,,97,,98,97,,98
Poland,POL,1999,99,,,97,,98,97,,98
Poland,POL,2000,99,,,97,,98,97,,98
Poland,POL,2001,95,,,97,,98,97,,98
Poland,POL,2002,98,,,98,,98,98,,99
Poland,POL,2003,97,,,97,,98,97,,99
Poland,POL,2004,98,,,97,,99,97,,99
Poland,POL,2005,98,22,,98,,99,98,,99
Poland,POL,2006,98,31,,99,,99,99,,99
Poland,POL,2007,98,88,,98,,99,98,,99
Poland,POL,2008,98,98,,98,,96,98,,99
Poland,POL,2009,98,99,,98,,96,98,,99
Poland,POL,2010,98,99,,98,,96,98,,99
Poland,POL,2011,98,99,,98,,96,98,,99
Poland,POL,2012,97,99,,98,,95,98,,99
Poland,POL,2013,96,99,,98,,95,98,,99
Poland,POL,2014,96,98,,97,,94,97,,98
Poland,POL,2015,96,98,99,96,,93,96,,98
Poland,POL,2016,95,98,99,96,,92,96,,98
Poland,POL,2017,93,96,99,94,,90,94,,96
Poland,POL,2018,91,95,99,93,60,87,93,,95
Poland,POL,2019,91,95,99,93,89,87,93,,95
Poland,POL,2020,90,94,99,92,88,85,92,,94
Poland,POL,2021,89,94,99,91,88,84,91,,94
Poland,POL,2022,90,94,99,91,88,85,91,87,94
Poland,POL,2023,90,94,99,92,89,86,92,88,95
Poland,POL,2024,87,94,99,92,89,86,92,87,94
Portugal,PRT,1980,,,,54,,18,,,73
Portugal,PRT,1981,,,,49,,16,,,75
Portugal,PRT,1982,,,,46,,18,,,78
Portugal,PRT,1983,,,,48,,20,,,79
Portugal,PRT,1984,,,,48,,21,48,,78
Portugal,PRT,1985,,,,70,,29,70,,72
Portugal,PRT,1986,,,,75,,78,75,,81
Portugal,PRT,1987,,,,81,,81,81,,83
Portugal,PRT,1988,,,,84,,81,84,,81
Portugal,PRT,1989,,,,96,,88,96,,88
Portugal,PRT,1990,,,,85,,89,85,,89
Portugal,PRT,1991,,,,96,,95,96,,96
Portugal,PRT,1992,,,,99,,93,99,,94
Portugal,PRT,1993,,,,95,,92,95,,93
Portugal,PRT,1994,,,,91,,96,91,,97
Portugal,PRT,1995,6,,,94,,96,94,,93
Portugal,PRT,1996,34,,,99,,95,99,,95
Portugal,PRT,1997,49,,,96,,93,96,,94
Portugal,PRT,1998,64,95,,96,,96,96,,97
Portugal,PRT,1999,61,91,,92,,96,92,,97
Portugal,PRT,2000,58,86,,87,,96,87,,96
Portugal,PRT,2001,70,90,,90,,96,90,,97
Portugal,PRT,2002,82,94,,93,,96,93,,98
Portugal,PRT,2003,94,99,,96,,96,96,,99
Portugal,PRT,2004,94,95,,95,,95,95,,95
Portugal,PRT,2005,94,93,,93,,93,93,,93
Portugal,PRT,2006,97,97,,97,,97,97,,97
Portugal,PRT,2007,97,97,,95,,96,95,,97
Portugal,PRT,2008,97,97,,97,,97,97,,97
Portugal,PRT,2009,96,96,,95,,96,95,,96
Portugal,PRT,2010,97,97,,96,,97,96,,98
Portugal,PRT,2011,97,97,,97,,97,97,,97
Portugal,PRT,2012,98,98,,97,,98,97,,98
Portugal,PRT,2013,98,98,,98,,98,98,,98
Portugal,PRT,2014,98,98,,98,,98,98,,98
Portugal,PRT,2015,98,98,99,98,,98,98,,98
Portugal,PRT,2016,98,98,99,98,73,98,98,,98
Portugal,PRT,2017,98,98,99,98,96,98,98,,98
Portugal,PRT,2018,98,99,99,99,98,99,99,,99
Portugal,PRT,2019,98,99,99,99,98,99,99,,99
Portugal,PRT,2020,99,99,99,99,98,99,99,,99
Portugal,PRT,2021,99,99,99,98,98,99,98,,99
Portugal,PRT,2022,99,99,99,98,98,99,98,,99
Portugal,PRT,2023,99,99,99,98,98,99,98,,99
Portugal,PRT,2024,99,99,99,99,98,99,99,,99
Qatar,QAT,1980,,,,26,,61,,,61
Qatar,QAT,1981,,,,10,,43,,,43
Qatar,QAT,1982,,,,22,,37,,,37
Qatar,QAT,1983,,,,69,,49,,,49
Qatar,QAT,1984,,,,62,,60,,,60
Qatar,QAT,1985,,,,62,,71,,,71
Qatar,QAT,1986,,,,62,,70,,,72
Qatar,QAT,1987,,,,60,,86,,,72
Qatar,QAT,1988,,,,73,,69,,,69
Qatar,QAT,1989,,,,79,,81,,,81
Qatar,QAT,1990,,,,79,,82,,,82
Qatar,QAT,1991,86,,,84,,86,,,86
Qatar,QAT,1992,89,,,86,,88,86,,88
Qatar,QAT,1993,93,,,86,,90,86,,90
Qatar,QAT,1994,90,,,86,,91,86,,91
Qatar,QAT,1995,90,,,87,,92,87,,92
Qatar,QAT,1996,90,,,90,,92,90,,92
Qatar,QAT,1997,90,92,,87,,92,87,,92
Qatar,QAT,1998,92,94,,89,,94,89,,94
Qatar,QAT,1999,92,92,,87,,92,87,,92
Qatar,QAT,2000,89,80,,91,,91,91,,80
Qatar,QAT,2001,93,93,,92,,93,92,,93
Qatar,QAT,2002,98,96,,99,,96,99,,96
Qatar,QAT,2003,93,92,,93,,93,93,,92
Qatar,QAT,2004,97,96,,99,,95,99,,96
Qatar,QAT,2005,97,97,,99,,98,99,,97
Qatar,QAT,2006,96,96,,99,,95,99,,96
Qatar,QAT,2007,94,94,,92,,97,92,,94
Qatar,QAT,2008,97,97,,96,,98,96,,97
Qatar,QAT,2009,99,99,,99,99,98,99,59,99
Qatar,QAT,2010,97,97,,99,97,98,99,55,97
Qatar,QAT,2011,93,93,,98,98,92,98,93,93
Qatar,QAT,2012,93,97,,97,92,93,97,90,92
Qatar,QAT,2013,97,93,,97,99,99,97,97,97
Qatar,QAT,2014,89,89,,99,94,99,99,90,89
Qatar,QAT,2015,99,99,96,99,95,99,99,92,99
Qatar,QAT,2016,98,98,99,99,97,98,99,99,98
Qatar,QAT,2017,97,97,98,99,98,97,99,93,97
Qatar,QAT,2018,98,98,99,99,98,98,99,95,98
Qatar,QAT,2019,98,98,99,99,98,99,99,98,98
Qatar,QAT,2020,89,89,89,90,98,89,90,86,89
Qatar,QAT,2021,98,98,99,99,98,98,99,98,98
Qatar,QAT,2022,98,98,99,99,97,99,99,95,98
Qatar,QAT,2023,95,95,99,99,97,98,99,96,95
Qatar,QAT,2024,96,96,99,99,96,98,99,95,96
Romania,ROU,1983,,,,83,,,,,
Romania,ROU,1984,,,,86,,,,,
Romania,ROU,1985,,,,88,,92,,,95
Romania,ROU,1986,,,,81,,90,,,89
Romania,ROU,1987,,,,90,,90,,,92
Romania,ROU,1988,,,,78,,92,,,96
Romania,ROU,1989,,,,90,,95,,,96
Romania,ROU,1990,,,,92,,92,,,96
Romania,ROU,1991,,,,92,,90,,,98
Romania,ROU,1992,,,,91,,92,,,98
Romania,ROU,1993,,,,93,,91,,,91
Romania,ROU,1994,,,,91,,94,,,98
Romania,ROU,1995,,,,93,,94,,,98
Romania,ROU,1996,99,,,94,,97,,,98
Romania,ROU,1997,99,,,97,,97,,,97
Romania,ROU,1998,99,,,97,,98,,,97
Romania,ROU,1999,99,,,98,,98,,,97
Romania,ROU,2000,98,,,98,,99,,,99
Romania,ROU,2001,98,,,98,,99,,,99
Romania,ROU,2002,99,,,98,,98,98,,98
Romania,ROU,2003,98,,,97,,97,97,,97
Romania,ROU,2004,99,,,97,,97,97,,97
Romania,ROU,2005,98,,,97,,97,97,,97
Romania,ROU,2006,99,,,95,,97,95,,97
Romania,ROU,2007,99,,,97,,96,97,,96
Romania,ROU,2008,97,,,96,,95,96,,96
Romania,ROU,2009,95,,,96,,95,96,,95
Romania,ROU,2010,98,,,95,,94,95,,94
Romania,ROU,2011,96,89,,93,,89,93,,89
Romania,ROU,2012,96,92,,94,,92,94,,91
Romania,ROU,2013,96,91,,92,,88,92,,92
Romania,ROU,2014,94,90,,89,,94,89,,94
Romania,ROU,2015,90,89,95,86,,89,86,,89
Romania,ROU,2016,90,89,94,86,,89,86,,89
Romania,ROU,2017,92,82,94,87,,82,87,,82
Romania,ROU,2018,93,86,94,90,,86,90,,86
Romania,ROU,2019,90,88,88,90,88,88,90,,88
Romania,ROU,2020,87,87,87,87,85,87,87,,87
Romania,ROU,2021,86,86,97,86,85,86,86,,86
Romania,ROU,2022,85,85,89,83,85,85,83,,85
Romania,ROU,2023,79,79,79,78,78,79,78,,79
Romania,ROU,2024,79,79,79,78,78,79,78,,79
Russia,RUS,1992,,,,83,,69,,,73
Russia,RUS,1993,,,,88,,82,,,79
Russia,RUS,1994,,,,81,,68,,,88
Russia,RUS,1995,,,,85,,77,,,78
Russia,RUS,1996,,,,88,,87,,,84
Russia,RUS,1997,,,,91,,91,,,88
Russia,RUS,1998,,,,94,,94,,,91
Russia,RUS,1999,,,,97,,97,,,95
Russia,RUS,2000,,,,97,,97,97,,96
Russia,RUS,2001,43,,,97,,97,97,,96
Russia,RUS,2002,81,,,98,,97,98,,97
Russia,RUS,2003,94,,,98,,97,98,,96
Russia,RUS,2004,96,,,98,,98,98,,97
Russia,RUS,2005,97,,,99,,98,99,,98
Russia,RUS,2006,98,,,99,,98,99,,98
Russia,RUS,2007,98,,,99,,98,99,,98
Russia,RUS,2008,98,,,99,,98,99,,98
Russia,RUS,2009,98,,,98,,98,98,,98
Russia,RUS,2010,97,,,98,,98,98,,97
Russia,RUS,2011,97,,,98,,97,98,,97
Russia,RUS,2012,97,,,98,,98,98,,97
Russia,RUS,2013,97,,,98,,98,98,,97
Russia,RUS,2014,97,,,98,,97,98,,97
Russia,RUS,2015,97,,97,98,,97,98,,97
Russia,RUS,2016,97,,97,98,35,97,98,,97
Russia,RUS,2017,97,,97,98,69,96,98,,97
Russia,RUS,2018,97,,97,98,82,96,98,,97
Russia,RUS,2019,97,,97,98,85,96,98,,97
Russia,RUS,2020,97,,97,97,87,97,97,,97
Russia,RUS,2021,97,,97,97,89,97,97,,97
Russia,RUS,2022,97,88,97,97,92,97,97,,97
Russia,RUS,2023,97,95,97,97,93,97,97,,97
Russia,RUS,2024,97,96,97,97,94,97,97,,97
Rwanda,RWA,1981,,,,42,,15,,,17
Rwanda,RWA,1982,,,,48,,20,,,38
Rwanda,RWA,1983,,,,53,,25,,,59
Rwanda,RWA,1984,,,,53,,41,,,55
Rwanda,RWA,1985,,,,52,,56,,,50
Rwanda,RWA,1986,,,,79,,86,,,87
Rwanda,RWA,1987,,,,78,,86,,,88
Rwanda,RWA,1988,,,,79,,78,,,80
Rwanda,RWA,1989,,,,83,,93,,,82
Rwanda,RWA,1990,,,,83,,83,,,84
Rwanda,RWA,1991,,,,89,,90,,,91
Rwanda,RWA,1992,,,,82,,86,,,85
Rwanda,RWA,1993,,,,74,,83,,,83
Rwanda,RWA,1994,,,,25,,23,,,23
Rwanda,RWA,1995,,,,84,,84,,,83
Rwanda,RWA,1996,,,,76,,89,,,89
Rwanda,RWA,1997,,,,66,,73,,,73
Rwanda,RWA,1998,,,,72,,79,,,79
Rwanda,RWA,1999,,,,78,,85,,,85
Rwanda,RWA,2000,,,,74,,90,,,90
Rwanda,RWA,2001,,,,69,,76,,,77
Rwanda,RWA,2002,88,88,,69,,85,,,88
Rwanda,RWA,2003,96,96,,90,,96,,,96
Rwanda,RWA,2004,89,89,,84,,89,,,89
Rwanda,RWA,2005,95,95,,89,,95,,,95
Rwanda,RWA,2006,99,99,,95,,99,,,99
Rwanda,RWA,2007,97,97,,94,,98,,,97
Rwanda,RWA,2008,97,97,,92,,97,,,97
Rwanda,RWA,2009,97,97,,95,,93,,,97
Rwanda,RWA,2010,97,97,,95,97,93,,,97
Rwanda,RWA,2011,97,97,,95,97,93,,,97
Rwanda,RWA,2012,98,98,,97,98,98,,50,98
Rwanda,RWA,2013,98,98,,95,98,98,,98,98
Rwanda,RWA,2014,98,98,,97,98,98,,98,98
Rwanda,RWA,2015,98,98,,96,98,99,96,98,98
Rwanda,RWA,2016,98,98,,95,98,99,95,98,98
Rwanda,RWA,2017,98,98,,97,98,98,97,98,98
Rwanda,RWA,2018,97,97,92,99,97,97,99,98,97
Rwanda,RWA,2019,98,98,98,96,98,98,96,98,98
Rwanda,RWA,2020,91,91,91,94,91,91,94,91,91
Rwanda,RWA,2021,88,88,88,87,88,88,87,89,88
Rwanda,RWA,2022,98,98,89,99,97,97,99,98,98
Rwanda,RWA,2023,94,94,94,96,94,94,96,94,94
Rwanda,RWA,2024,98,98,98,97,98,98,97,98,98
Saint Kitts and Nevis,KNA,1980,,,,,,76,,,56
Saint Kitts and Nevis,KNA,1981,,,,,,71,,,67
Saint Kitts and Nevis,KNA,1982,,,,,,93,,,92
Saint Kitts and Nevis,KNA,1983,,,,,,91,,,90
Saint Kitts and Nevis,KNA,1984,,,,85,,97,,,97
Saint Kitts and Nevis,KNA,1985,,,,91,,89,,,92
Saint Kitts and Nevis,KNA,1986,,,,96,,99,,,99
Saint Kitts and Nevis,KNA,1987,,,,91,,98,91,,96
Saint Kitts and Nevis,KNA,1988,,,,77,,93,77,,94
Saint Kitts and Nevis,KNA,1989,,,,90,,99,90,,99
Saint Kitts and Nevis,KNA,1990,,,,99,,99,99,,99
Saint Kitts and Nevis,KNA,1991,,,,99,,99,99,,99
Saint Kitts and Nevis,KNA,1992,,,,99,,99,99,,99
Saint Kitts and Nevis,KNA,1993,,,,99,,99,99,,99
Saint Kitts and Nevis,KNA,1994,,,,99,,99,99,,99
Saint Kitts and Nevis,KNA,1995,,,,99,,99,99,,99
Saint Kitts and Nevis,KNA,1996,,,,99,,98,99,,99
Saint Kitts and Nevis,KNA,1997,,,,97,,99,97,,99
Saint Kitts and Nevis,KNA,1998,99,,,99,,98,99,,98
Saint Kitts and Nevis,KNA,1999,99,,,99,,99,99,,99
Saint Kitts and Nevis,KNA,2000,99,12,,99,,99,99,,99
Saint Kitts and Nevis,KNA,2001,99,99,,90,,99,90,,99
Saint Kitts and Nevis,KNA,2002,96,95,,99,,97,99,,97
Saint Kitts and Nevis,KNA,2003,99,99,,98,,99,98,,99
Saint Kitts and Nevis,KNA,2004,96,95,,98,,96,98,,96
Saint Kitts and Nevis,KNA,2005,99,99,,99,,99,99,,99
Saint Kitts and Nevis,KNA,2006,99,99,,99,,99,99,,99
Saint Kitts and Nevis,KNA,2007,99,99,,99,,99,99,,99
Saint Kitts and Nevis,KNA,2008,98,97,,99,,98,99,,99
Saint Kitts and Nevis,KNA,2009,97,97,,99,,95,99,,98
Saint Kitts and Nevis,KNA,2010,96,96,,99,,91,99,,96
Saint Kitts and Nevis,KNA,2011,98,98,,99,,99,99,,98
Saint Kitts and Nevis,KNA,2012,98,98,,95,,98,95,,98
Saint Kitts and Nevis,KNA,2013,97,97,,99,,97,99,,97
Saint Kitts and Nevis,KNA,2014,98,98,,93,,96,93,,98
Saint Kitts and Nevis,KNA,2015,94,94,,95,,91,95,,94
Saint Kitts and Nevis,KNA,2016,98,98,93,98,,99,98,,98
Saint Kitts and Nevis,KNA,2017,98,98,90,93,,97,93,,98
Saint Kitts and Nevis,KNA,2018,98,98,99,96,,98,96,,98
Saint Kitts and Nevis,KNA,2019,97,97,97,97,,97,97,,97
Saint Kitts and Nevis,KNA,2020,99,99,99,95,,99,95,,99
Saint Kitts and Nevis,KNA,2021,96,96,97,96,,96,96,,96
Saint Kitts and Nevis,KNA,2022,96,96,96,95,,96,95,,96
Saint Kitts and Nevis,KNA,2023,97,96,98,95,,96,95,,96
Saint Kitts and Nevis,KNA,2024,97,97,97,95,,97,95,,97
Saint Lucia,LCA,1980,,,,,,58,,,56
Saint Lucia,LCA,1981,,,,,,65,,,64
Saint Lucia,LCA,1982,,,,43,,81,,,79
Saint Lucia,LCA,1983,,,,36,,80,,,81
Saint Lucia,LCA,1984,,,,60,,84,,,83
Saint Lucia,LCA,1985,,,,68,,44,,,87
Saint Lucia,LCA,1986,,,,91,,88,91,,78
Saint Lucia,LCA,1987,,,,81,,86,81,,85
Saint Lucia,LCA,1988,,,,83,,87,83,,78
Saint Lucia,LCA,1989,,,,91,,93,91,,92
Saint Lucia,LCA,1990,,,,82,,90,82,,89
Saint Lucia,LCA,1991,,,,97,,95,97,,96
Saint Lucia,LCA,1992,,,,75,,96,75,,96
Saint Lucia,LCA,1993,,,,94,,97,94,,97
Saint Lucia,LCA,1994,,,,92,,93,92,,93
Saint Lucia,LCA,1995,,,,94,,98,94,,98
Saint Lucia,LCA,1996,,,,95,,88,95,,88
Saint Lucia,LCA,1997,,,,95,,98,95,,98
Saint Lucia,LCA,1998,,,,90,,88,90,,88
Saint Lucia,LCA,1999,,,,95,,89,95,,89
Saint Lucia,LCA,2000,,,,88,,70,88,,70
Saint Lucia,LCA,2001,,,,89,,99,89,,99
Saint Lucia,LCA,2002,14,14,,98,,90,98,,74
Saint Lucia,LCA,2003,84,84,,90,,91,90,,90
Saint Lucia,LCA,2004,91,91,,95,,91,95,,91
Saint Lucia,LCA,2005,95,95,,94,,95,94,,95
Saint Lucia,LCA,2006,85,85,,94,,85,94,,85
Saint Lucia,LCA,2007,99,99,,94,,99,94,,99
Saint Lucia,LCA,2008,96,96,,99,,96,99,,96
Saint Lucia,LCA,2009,95,95,,99,,95,99,,95
Saint Lucia,LCA,2010,97,97,,95,,97,95,,97
Saint Lucia,LCA,2011,99,99,,91,,99,91,,99
Saint Lucia,LCA,2012,98,98,,99,,98,99,,98
Saint Lucia,LCA,2013,99,99,,99,,99,99,,99
Saint Lucia,LCA,2014,99,99,,99,,99,99,,99
Saint Lucia,LCA,2015,99,99,21,97,,99,97,,99
Saint Lucia,LCA,2016,95,95,95,99,,95,99,,95
Saint Lucia,LCA,2017,80,80,89,87,,80,87,,80
Saint Lucia,LCA,2018,95,95,99,86,,95,86,,95
Saint Lucia,LCA,2019,92,92,99,96,,91,96,,92
Saint Lucia,LCA,2020,86,86,90,89,,88,89,,86
Saint Lucia,LCA,2021,80,80,89,77,,75,77,,80
Saint Lucia,LCA,2022,81,81,90,81,,80,81,,81
Saint Lucia,LCA,2023,74,74,96,85,,97,85,,74
Saint Lucia,LCA,2024,99,99,99,83,,87,83,,99
Saint Vincent and the Grenadines,VCT,1980,,,,,,26,,,26
Saint Vincent and the Grenadines,VCT,1981,,,,,,33,,,32
Saint Vincent and the Grenadines,VCT,1982,,,,40,,99,,,67
Saint Vincent and the Grenadines,VCT,1983,,,,59,,84,,,80
Saint Vincent and the Grenadines,VCT,1984,,,,92,,90,,,86
Saint Vincent and the Grenadines,VCT,1985,,,,74,,89,,,90
Saint Vincent and the Grenadines,VCT,1986,,,,88,,95,,,95
Saint Vincent and the Grenadines,VCT,1987,,,,91,,96,,,97
Saint Vincent and the Grenadines,VCT,1988,,,,97,,97,,,98
Saint Vincent and the Grenadines,VCT,1989,,,,99,,97,,,98
Saint Vincent and the Grenadines,VCT,1990,,,,96,,92,,,98
Saint Vincent and the Grenadines,VCT,1991,,,,99,,99,99,,99
Saint Vincent and the Grenadines,VCT,1992,,,,99,,99,99,,99
Saint Vincent and the Grenadines,VCT,1993,,,,99,,99,99,,99
Saint Vincent and the Grenadines,VCT,1994,,,,99,,99,99,,99
Saint Vincent and the Grenadines,VCT,1995,,,,99,,97,99,,97
Saint Vincent and the Grenadines,VCT,1996,,,,99,,99,99,,99
Saint Vincent and the Grenadines,VCT,1997,,,,99,,99,99,,99
Saint Vincent and the Grenadines,VCT,1998,,,,99,,99,99,,99
Saint Vincent and the Grenadines,VCT,1999,,,,87,,99,87,,95
Saint Vincent and the Grenadines,VCT,2000,,,,96,,99,96,,98
Saint Vincent and the Grenadines,VCT,2001,,,,98,,99,98,,99
Saint Vincent and the Grenadines,VCT,2002,,,,99,,99,99,,99
Saint Vincent and the Grenadines,VCT,2003,31,27,,94,,99,94,,99
Saint Vincent and the Grenadines,VCT,2004,99,99,,99,,99,99,,99
Saint Vincent and the Grenadines,VCT,2005,99,99,,97,,93,97,,99
Saint Vincent and the Grenadines,VCT,2006,99,99,,99,,99,99,,99
Saint Vincent and the Grenadines,VCT,2007,99,99,,99,,99,99,,99
Saint Vincent and the Grenadines,VCT,2008,99,99,,99,,99,99,,99
Saint Vincent and the Grenadines,VCT,2009,99,99,,99,,99,99,,99
Saint Vincent and the Grenadines,VCT,2010,99,99,,99,,99,99,,99
Saint Vincent and the Grenadines,VCT,2011,96,96,,97,,96,97,,96
Saint Vincent and the Grenadines,VCT,2012,96,97,,94,,96,94,,96
Saint Vincent and the Grenadines,VCT,2013,97,98,,99,,97,99,,97
Saint Vincent and the Grenadines,VCT,2014,98,98,,99,,97,99,,98
Saint Vincent and the Grenadines,VCT,2015,99,99,54,99,,99,99,,99
Saint Vincent and the Grenadines,VCT,2016,99,99,99,99,,99,99,,99
Saint Vincent and the Grenadines,VCT,2017,99,99,96,99,,99,99,,99
Saint Vincent and the Grenadines,VCT,2018,97,97,98,99,,99,99,,97
Saint Vincent and the Grenadines,VCT,2019,98,98,99,99,,99,99,,97
Saint Vincent and the Grenadines,VCT,2020,98,98,99,99,,99,99,,97
Saint Vincent and the Grenadines,VCT,2021,99,99,92,96,,92,96,,92
Saint Vincent and the Grenadines,VCT,2022,99,99,99,99,,99,99,,99
Saint Vincent and the Grenadines,VCT,2023,94,94,94,90,,99,90,,94
Saint Vincent and the Grenadines,VCT,2024,99,99,99,99,,99,99,,99
Samoa,WSM,1980,,,,,,29,,,29
Samoa,WSM,1981,,,,,,66,,,66
Samoa,WSM,1982,,,,59,,87,,,87
Samoa,WSM,1983,,,,78,,89,,,89
Samoa,WSM,1984,,,,83,,96,,,96
Samoa,WSM,1985,,,,81,,92,,,89
Samoa,WSM,1986,,,,91,,94,,,94
Samoa,WSM,1987,,,,78,,93,,,93
Samoa,WSM,1988,,,,75,,90,,,90
Samoa,WSM,1989,,,,82,,66,,,66
Samoa,WSM,1990,,,,89,,88,,,90
Samoa,WSM,1991,,,,77,,79,,,79
Samoa,WSM,1992,18,,,90,,91,,,91
Samoa,WSM,1993,1,,,92,,92,,,92
Samoa,WSM,1994,94,,,94,,93,,,93
Samoa,WSM,1995,96,,,96,,94,,,94
Samoa,WSM,1996,98,,,96,,95,,,95
Samoa,WSM,1997,99,,,99,,99,,,96
Samoa,WSM,1998,98,,,99,,99,,,99
Samoa,WSM,1999,97,,,91,,97,,,97
Samoa,WSM,2000,93,,,93,,98,,,98
Samoa,WSM,2001,93,,,92,,88,,,90
Samoa,WSM,2002,92,,,99,,91,,,92
Samoa,WSM,2003,90,,,62,,90,,,90
Samoa,WSM,2004,62,,,25,,35,25,,63
Samoa,WSM,2005,51,,,57,,66,57,,59
Samoa,WSM,2006,46,,,54,,49,54,,50
Samoa,WSM,2007,58,,,63,,63,63,,65
Samoa,WSM,2008,26,32,,44,,69,44,,39
Samoa,WSM,2009,58,55,,45,,61,45,,64
Samoa,WSM,2010,72,70,,56,,74,56,,78
Samoa,WSM,2011,75,74,,59,,79,59,,82
Samoa,WSM,2012,82,82,,76,,82,76,,82
Samoa,WSM,2013,85,85,,92,,81,92,,84
Samoa,WSM,2014,81,81,,85,,76,85,,78
Samoa,WSM,2015,80,80,,75,,78,75,,80
Samoa,WSM,2016,74,74,94,75,,73,75,,74
Samoa,WSM,2017,67,67,81,67,,66,67,,67
Samoa,WSM,2018,44,44,46,40,,44,40,,44
Samoa,WSM,2019,68,68,76,96,,68,96,,68
Samoa,WSM,2020,89,89,96,66,,89,66,,89
Samoa,WSM,2021,85,85,77,62,3,80,62,30,85
Samoa,WSM,2022,76,76,77,82,36,76,82,69,76
Samoa,WSM,2023,83,83,86,87,93,84,87,85,83
Samoa,WSM,2024,85,85,86,85,75,85,85,83,85
San Marino,SMR,1983,,,,,,99,,,99
San Marino,SMR,1984,,,,,,99,,,99
San Marino,SMR,1985,,,,,,99,,,99
San Marino,SMR,1986,,,,,,99,,,99
San Marino,SMR,1987,,,,,,99,,,99
San Marino,SMR,1988,,,,,,99,,,99
San Marino,SMR,1989,,,,,,99,,,99
San Marino,SMR,1990,,,,,,99,,,99
San Marino,SMR,1991,99,65,,99,,99,,,99
San Marino,SMR,1992,99,69,,99,,99,,,99
San Marino,SMR,1993,98,72,,96,,99,,,99
San Marino,SMR,1994,98,76,,97,,99,,,88
San Marino,SMR,1995,98,80,,97,,98,97,,99
San Marino,SMR,1996,98,84,,98,,98,98,,99
San Marino,SMR,1997,97,88,,98,,97,98,,99
San Marino,SMR,1998,97,92,,99,,97,99,,99
San Marino,SMR,1999,97,95,,99,,96,99,,99
San Marino,SMR,2000,97,95,,99,,96,99,,98
San Marino,SMR,2001,96,95,,97,,95,97,,97
San Marino,SMR,2002,96,95,,96,,95,96,,96
San Marino,SMR,2003,96,94,,94,,94,94,,96
San Marino,SMR,2004,95,93,,94,,94,94,,95
San Marino,SMR,2005,95,93,,94,,94,94,,96
San Marino,SMR,2006,92,91,,90,,91,90,,92
San Marino,SMR,2007,91,89,,90,,90,90,,91
San Marino,SMR,2008,91,90,,86,,90,86,,91
San Marino,SMR,2009,89,88,,88,,90,88,,90
San Marino,SMR,2010,89,88,,88,,89,88,,90
San Marino,SMR,2011,92,92,,90,,92,90,,92
San Marino,SMR,2012,88,87,,84,,89,84,,89
San Marino,SMR,2013,83,81,,82,,86,82,,86
San Marino,SMR,2014,83,82,,81,,84,81,,84
San Marino,SMR,2015,84,83,88,84,,85,84,,85
San Marino,SMR,2016,86,85,94,82,53,86,82,,86
San Marino,SMR,2017,82,88,88,86,56,89,86,,88
San Marino,SMR,2018,78,91,94,89,58,91,89,,90
San Marino,SMR,2019,87,86,89,86,76,88,86,,88
San Marino,SMR,2020,89,88,91,90,82,89,90,,89
San Marino,SMR,2021,90,90,91,89,82,90,89,,90
San Marino,SMR,2022,91,90,93,91,80,92,91,,92
San Marino,SMR,2023,91,90,93,89,83,91,89,,91
San Marino,SMR,2024,88,87,88,85,81,88,85,,88
Sao Tome and Principe,STP,1981,,,,25,,48,,,42
Sao Tome and Principe,STP,1982,,,,32,,48,,,34
Sao Tome and Principe,STP,1983,,,,40,,48,,,26
Sao Tome and Principe,STP,1984,,,,48,,48,,,49
Sao Tome and Principe,STP,1985,,,,35,,48,,,48
Sao Tome and Principe,STP,1986,,,,58,,66,,,65
Sao Tome and Principe,STP,1987,,,,69,,72,,,72
Sao Tome and Principe,STP,1988,,,,69,,72,,,77
Sao Tome and Principe,STP,1989,,,,45,,62,,,63
Sao Tome and Principe,STP,1990,,,,71,,90,,,92
Sao Tome and Principe,STP,1991,,,,77,,87,,,87
Sao Tome and Principe,STP,1992,,,,52,,67,,,68
Sao Tome and Principe,STP,1993,,,,57,,60,,,60
Sao Tome and Principe,STP,1994,,,,65,,69,,,83
Sao Tome and Principe,STP,1995,,,,74,,79,,,79
Sao Tome and Principe,STP,1996,,,,57,,68,,,68
Sao Tome and Principe,STP,1997,,,,60,,73,,,73
Sao Tome and Principe,STP,1998,,,,59,,72,,,73
Sao Tome and Principe,STP,1999,,,,64,,80,,,78
Sao Tome and Principe,STP,2000,,,,69,,87,,,82
Sao Tome and Principe,STP,2001,,,,75,,90,,,92
Sao Tome and Principe,STP,2002,,,,85,,92,,,92
Sao Tome and Principe,STP,2003,43,,,87,,94,,,94
Sao Tome and Principe,STP,2004,70,,,91,,99,,,96
Sao Tome and Principe,STP,2005,96,,,88,,97,,,97
Sao Tome and Principe,STP,2006,75,,,85,,97,,,97
Sao Tome and Principe,STP,2007,87,,,86,,98,,,97
Sao Tome and Principe,STP,2008,99,,,93,,99,,,99
Sao Tome and Principe,STP,2009,98,,,90,,99,,,98
Sao Tome and Principe,STP,2010,98,98,,92,,98,,,98
Sao Tome and Principe,STP,2011,96,96,,91,,96,,,96
Sao Tome and Principe,STP,2012,96,96,,92,,96,,,96
Sao Tome and Principe,STP,2013,97,97,,91,97,97,,,97
Sao Tome and Principe,STP,2014,95,95,,92,95,95,,,95
Sao Tome and Principe,STP,2015,96,96,,93,96,96,,,96
Sao Tome and Principe,STP,2016,96,96,67,93,96,96,93,24,96
Sao Tome and Principe,STP,2017,95,95,46,90,95,95,90,95,95
Sao Tome and Principe,STP,2018,95,95,97,95,95,95,95,95,95
Sao Tome and Principe,STP,2019,95,95,95,95,95,95,95,95,95
Sao Tome and Principe,STP,2020,96,96,94,86,96,94,86,87,96
Sao Tome and Principe,STP,2021,97,97,93,77,97,93,77,78,97
Sao Tome and Principe,STP,2022,92,92,87,82,92,89,82,81,92
Sao Tome and Principe,STP,2023,87,87,81,87,86,85,87,51,87
Sao Tome and Principe,STP,2024,87,87,87,87,86,85,87,87,87
Saudi Arabia,SAU,1980,,,,8,,41,,,41
Saudi Arabia,SAU,1981,,,,12,,53,,,53
Saudi Arabia,SAU,1982,,,,53,,62,,,62
Saudi Arabia,SAU,1983,,,,65,,67,,,67
Saudi Arabia,SAU,1984,,,,71,,76,,,76
Saudi Arabia,SAU,1985,,,,79,,81,,,81
Saudi Arabia,SAU,1986,,,,77,,86,,,86
Saudi Arabia,SAU,1987,,,,77,,89,,,89
Saudi Arabia,SAU,1988,,,,81,,89,,,89
Saudi Arabia,SAU,1989,,,,90,,96,,,96
Saudi Arabia,SAU,1990,66,,,88,,92,,,92
Saudi Arabia,SAU,1991,86,,,95,,91,95,,91
Saudi Arabia,SAU,1992,89,,,88,,91,88,,91
Saudi Arabia,SAU,1993,93,,,91,,94,91,,94
Saudi Arabia,SAU,1994,94,,,93,,95,93,,95
Saudi Arabia,SAU,1995,93,,,94,,96,94,,96
Saudi Arabia,SAU,1996,92,,,92,,93,92,,93
Saudi Arabia,SAU,1997,91,,,92,,92,92,,92
Saudi Arabia,SAU,1998,95,,,93,,94,93,,94
Saudi Arabia,SAU,1999,92,,,92,,93,92,,93
Saudi Arabia,SAU,2000,93,,,94,,95,94,,95
Saudi Arabia,SAU,2001,95,,,94,,97,94,,97
Saudi Arabia,SAU,2002,97,95,,97,,95,97,,95
Saudi Arabia,SAU,2003,95,95,,96,,95,96,,95
Saudi Arabia,SAU,2004,96,96,,97,,96,97,,96
Saudi Arabia,SAU,2005,97,96,,97,,96,97,,96
Saudi Arabia,SAU,2006,96,96,,95,,96,95,,96
Saudi Arabia,SAU,2007,96,96,,96,,96,96,,96
Saudi Arabia,SAU,2008,98,98,,97,,98,97,,98
Saudi Arabia,SAU,2009,98,98,,98,98,98,98,,98
Saudi Arabia,SAU,2010,98,98,,98,98,98,98,,98
Saudi Arabia,SAU,2011,98,98,,98,98,98,98,,98
Saudi Arabia,SAU,2012,98,98,,98,98,98,98,,98
Saudi Arabia,SAU,2013,98,98,,98,98,98,98,84,98
Saudi Arabia,SAU,2014,98,98,,98,98,98,98,94,98
Saudi Arabia,SAU,2015,98,98,98,98,98,97,98,95,98
Saudi Arabia,SAU,2016,98,98,98,98,98,97,98,95,98
Saudi Arabia,SAU,2017,98,98,99,96,98,97,96,97,98
Saudi Arabia,SAU,2018,97,96,96,98,98,98,98,97,96
Saudi Arabia,SAU,2019,96,96,97,95,96,97,95,95,96
Saudi Arabia,SAU,2020,95,95,95,96,95,95,96,96,95
Saudi Arabia,SAU,2021,97,97,97,98,97,97,98,97,97
Saudi Arabia,SAU,2022,98,98,98,98,98,98,98,97,98
Saudi Arabia,SAU,2023,97,97,97,97,97,96,97,97,97
Saudi Arabia,SAU,2024,97,97,97,96,96,97,96,97,97
Senegal,SEN,1986,,,,71,,55,,,54
Senegal,SEN,1987,,,,66,,56,,,57
Senegal,SEN,1988,,,,60,,58,,,59
Senegal,SEN,1989,,,,48,,56,,,47
Senegal,SEN,1990,,,,51,,53,,,51
Senegal,SEN,1991,,,,54,,51,,,51
Senegal,SEN,1992,,,,57,,59,,,59
Senegal,SEN,1993,,,,58,,58,,,58
Senegal,SEN,1994,,,,59,,57,,,57
Senegal,SEN,1995,,,,80,,80,,,80
Senegal,SEN,1996,,,,70,,70,,,70
Senegal,SEN,1997,,,,65,,65,,,59
Senegal,SEN,1998,,,,62,,60,,,59
Senegal,SEN,1999,,,,60,,60,,,60
Senegal,SEN,2000,,,,48,,49,,,52
Senegal,SEN,2001,,,,48,,49,,,52
Senegal,SEN,2002,,,,54,,60,,,60
Senegal,SEN,2003,,,,60,,73,,,73
Senegal,SEN,2004,54,,,57,,87,,,87
Senegal,SEN,2005,84,18,,74,,84,,,84
Senegal,SEN,2006,89,89,,80,,89,,,89
Senegal,SEN,2007,94,94,,84,,93,,,94
Senegal,SEN,2008,88,88,,77,,87,,,88
Senegal,SEN,2009,86,86,,79,,83,,,86
Senegal,SEN,2010,89,89,,81,,76,,,89
Senegal,SEN,2011,92,92,,84,,89,,,92
Senegal,SEN,2012,91,91,,83,,83,,,91
Senegal,SEN,2013,92,92,,84,,89,84,,92
Senegal,SEN,2014,89,89,,80,81,85,80,,89
Senegal,SEN,2015,89,89,81,80,89,85,80,83,89
Senegal,SEN,2016,93,93,72,93,93,92,93,93,93
Senegal,SEN,2017,93,93,0,90,92,91,90,94,93
Senegal,SEN,2018,92,92,82,86,92,92,86,94,92
Senegal,SEN,2019,91,91,92,86,91,97,86,87,91
Senegal,SEN,2020,83,83,83,82,82,94,82,82,83
Senegal,SEN,2021,85,85,86,88,83,89,88,84,85
Senegal,SEN,2022,93,93,91,87,92,92,87,68,93
Senegal,SEN,2023,92,92,94,87,92,92,87,83,92
Senegal,SEN,2024,91,91,96,87,91,91,87,91,91
Serbia,SRB,1992,,,,82,,84,,,84
Serbia,SRB,1993,,,,85,,83,,,85
Serbia,SRB,1994,,,,81,,84,81,,85
Serbia,SRB,1995,,,,86,,90,86,,89
Serbia,SRB,1996,,,,90,,91,90,,91
Serbia,SRB,1997,,,,92,,94,92,,94
Serbia,SRB,1998,,,,88,,93,88,,93
Serbia,SRB,1999,,,,84,,92,84,,92
Serbia,SRB,2000,,,,89,,98,89,,95
Serbia,SRB,2001,,,,90,,93,90,,93
Serbia,SRB,2002,,,,92,,95,92,,95
Serbia,SRB,2003,,,,87,,89,87,,89
Serbia,SRB,2004,89,,,89,,96,89,,88
Serbia,SRB,2005,65,,,96,,98,96,,98
Serbia,SRB,2006,93,42,,88,,97,88,,92
Serbia,SRB,2007,99,89,,95,,93,95,,94
Serbia,SRB,2008,93,98,,92,,95,92,,95
Serbia,SRB,2009,93,94,,95,,97,95,,95
Serbia,SRB,2010,89,91,,95,,91,95,,91
Serbia,SRB,2011,94,93,,93,,94,93,,94
Serbia,SRB,2012,97,90,,87,,93,87,,91
Serbia,SRB,2013,91,92,,92,,97,92,,95
Serbia,SRB,2014,92,94,,86,,93,86,,93
Serbia,SRB,2015,94,95,98,87,,95,87,,95
Serbia,SRB,2016,91,92,97,82,,93,82,,93
Serbia,SRB,2017,93,95,98,86,,95,86,,95
Serbia,SRB,2018,91,97,98,93,67,97,93,,97
Serbia,SRB,2019,94,97,99,87,92,97,87,,97
Serbia,SRB,2020,87,92,92,78,88,92,78,,92
Serbia,SRB,2021,89,91,91,75,89,91,75,,91
Serbia,SRB,2022,92,92,92,81,90,92,81,,92
Serbia,SRB,2023,93,93,93,84,82,93,84,,93
Serbia,SRB,2024,93,95,95,84,85,95,84,,95
Seychelles,SYC,1981,,,,29,,16,29,,13
Seychelles,SYC,1982,,,,64,,57,64,,55
Seychelles,SYC,1983,,,,98,,98,98,,97
Seychelles,SYC,1984,,,,77,,95,77,,95
Seychelles,SYC,1985,,,,90,,86,90,,86
Seychelles,SYC,1986,,,,95,,94,95,,94
Seychelles,SYC,1987,,,,95,,89,95,,89
Seychelles,SYC,1988,,,,89,,94,89,,94
Seychelles,SYC,1989,,,,89,,97,89,,97
Seychelles,SYC,1990,,,,86,,99,86,,99
Seychelles,SYC,1991,,,,89,,98,89,,98
Seychelles,SYC,1992,,,,92,,96,92,,96
Seychelles,SYC,1993,,,,92,,96,92,,96
Seychelles,SYC,1994,,,,92,,96,92,,96
Seychelles,SYC,1995,99,,,97,,97,97,,97
Seychelles,SYC,1996,98,,,98,,99,98,,99
Seychelles,SYC,1997,97,,,99,,98,99,,98
Seychelles,SYC,1998,96,,,93,,99,93,,99
Seychelles,SYC,1999,99,,,99,,99,99,,99
Seychelles,SYC,2000,97,,,97,,98,97,,98
Seychelles,SYC,2001,95,,,95,,96,95,,96
Seychelles,SYC,2002,98,,,98,,99,98,,99
Seychelles,SYC,2003,99,,,99,,99,99,,99
Seychelles,SYC,2004,99,,,99,,99,99,,99
Seychelles,SYC,2005,99,,,99,,99,99,,99
Seychelles,SYC,2006,99,,,99,,99,99,,99
Seychelles,SYC,2007,99,,,99,,99,99,,99
Seychelles,SYC,2008,99,,,99,,99,99,,99
Seychelles,SYC,2009,98,,,97,,99,97,,99
Seychelles,SYC,2010,99,99,,99,,99,99,,99
Seychelles,SYC,2011,99,99,,99,,99,99,,99
Seychelles,SYC,2012,98,98,,98,,98,98,,98
Seychelles,SYC,2013,98,98,,97,,98,97,,98
Seychelles,SYC,2014,99,99,,99,,99,99,,99
Seychelles,SYC,2015,97,97,35,98,,97,98,,97
Seychelles,SYC,2016,96,96,99,97,,96,97,,96
Seychelles,SYC,2017,97,97,99,99,,97,99,8,97
Seychelles,SYC,2018,99,99,99,96,16,99,96,99,99
Seychelles,SYC,2019,99,99,99,99,92,99,99,99,99
Seychelles,SYC,2020,97,97,98,97,94,97,97,98,97
Seychelles,SYC,2021,94,94,98,94,95,94,94,98,94
Seychelles,SYC,2022,97,97,99,98,97,97,98,99,97
Seychelles,SYC,2023,97,97,97,93,97,97,93,98,97
Seychelles,SYC,2024,94,94,99,97,94,94,97,99,94
Sierra Leone,SLE,1999,,,,62,,61,,,43
Sierra Leone,SLE,2000,,,,37,,46,,,44
Sierra Leone,SLE,2001,,,,50,,38,,,38
Sierra Leone,SLE,2002,,,,62,,54,,,53
Sierra Leone,SLE,2003,,,,73,,66,,,73
Sierra Leone,SLE,2004,,,,76,,69,,,65
Sierra Leone,SLE,2005,,,,71,,67,,,65
Sierra Leone,SLE,2006,,,,65,,65,,,64
Sierra Leone,SLE,2007,63,63,,60,,63,,,64
Sierra Leone,SLE,2008,77,77,,73,,75,,,77
Sierra Leone,SLE,2009,84,84,,80,,81,,,84
Sierra Leone,SLE,2010,86,86,,82,,84,,,86
Sierra Leone,SLE,2011,89,89,,84,75,88,,,89
Sierra Leone,SLE,2012,91,91,,86,92,91,,,91
Sierra Leone,SLE,2013,92,92,,85,92,92,,,92
Sierra Leone,SLE,2014,83,83,,80,83,83,,53,83
Sierra Leone,SLE,2015,86,86,,78,86,86,,85,86
Sierra Leone,SLE,2016,84,84,,85,84,84,,95,84
Sierra Leone,SLE,2017,90,90,,80,90,90,,92,90
Sierra Leone,SLE,2018,93,93,60,87,92,93,,92,93
Sierra Leone,SLE,2019,95,95,86,93,94,95,,92,95
Sierra Leone,SLE,2020,91,91,89,87,91,90,87,90,91
Sierra Leone,SLE,2021,92,92,93,87,90,90,87,75,92
Sierra Leone,SLE,2022,91,91,91,90,93,91,90,88,91
Sierra Leone,SLE,2023,91,91,91,90,93,91,90,88,91
Sierra Leone,SLE,2024,91,91,91,90,93,91,90,88,91
Singapore,SGP,1980,,,,47,,83,,,84
Singapore,SGP,1981,,,,57,,88,,,87
Singapore,SGP,1982,,,,78,,83,,,83
Singapore,SGP,1983,,,,88,,86,,,84
Singapore,SGP,1984,,,,85,,81,,,77
Singapore,SGP,1985,,,,75,,81,,,78
Singapore,SGP,1986,,,,85,,94,,,91
Singapore,SGP,1987,,,,94,,95,,,96
Singapore,SGP,1988,,,,87,,90,,,90
Singapore,SGP,1989,,,,81,,90,,,90
Singapore,SGP,1990,74,,,84,,85,84,,85
Singapore,SGP,1991,76,,,92,,91,92,,91
Singapore,SGP,1992,78,,,89,,92,89,,89
Singapore,SGP,1993,90,,,87,,92,87,,92
Singapore,SGP,1994,94,,,95,,94,95,,95
Singapore,SGP,1995,96,,,97,,98,97,,98
Singapore,SGP,1996,96,,,97,,97,97,,97
Singapore,SGP,1997,97,,,98,,98,98,,98
Singapore,SGP,1998,96,,,96,,97,96,,97
Singapore,SGP,1999,96,,,97,,97,97,,97
Singapore,SGP,2000,97,,,96,,98,96,,98
Singapore,SGP,2001,95,,,95,,95,95,,96
Singapore,SGP,2002,95,,,94,,94,94,,94
Singapore,SGP,2003,95,,,93,,96,93,,96
Singapore,SGP,2004,94,,,95,,95,95,,95
Singapore,SGP,2005,96,,,96,,96,96,,96
Singapore,SGP,2006,95,,,95,,95,95,,95
Singapore,SGP,2007,96,,,95,,97,95,,97
Singapore,SGP,2008,97,,,95,,97,95,,97
Singapore,SGP,2009,96,,,95,17,97,95,,97
Singapore,SGP,2010,96,,,95,22,96,95,,96
Singapore,SGP,2011,96,,,95,40,96,95,,96
Singapore,SGP,2012,97,,,95,52,97,95,,97
Singapore,SGP,2013,97,85,,95,60,97,95,,97
Singapore,SGP,2014,96,86,,95,68,96,95,,96
Singapore,SGP,2015,96,96,98,95,75,96,95,,96
Singapore,SGP,2016,96,96,98,95,78,96,95,,97
Singapore,SGP,2017,96,96,97,95,83,96,95,,96
Singapore,SGP,2018,97,97,98,97,84,97,97,,97
Singapore,SGP,2019,97,96,98,96,84,97,96,,97
Singapore,SGP,2020,97,98,99,97,87,98,97,,98
Singapore,SGP,2021,97,98,99,96,88,98,96,,98
Singapore,SGP,2022,96,97,99,96,90,97,96,,97
Singapore,SGP,2023,97,98,98,97,93,98,97,,98
Singapore,SGP,2024,96,97,98,97,91,97,97,,97
Slovakia,SVK,1994,,,,97,,98,97,,99
Slovakia,SVK,1995,,,,99,,98,99,,99
Slovakia,SVK,1996,,3,,99,,98,99,,99
Slovakia,SVK,1997,,30,,99,,98,99,,99
Slovakia,SVK,1998,,36,,99,,98,99,,99
Slovakia,SVK,1999,,47,,99,,99,99,,99
Slovakia,SVK,2000,98,59,,98,,98,98,,99
Slovakia,SVK,2001,99,70,,99,,99,99,,99
Slovakia,SVK,2002,99,92,,99,,98,99,,99
Slovakia,SVK,2003,99,99,,99,,98,99,,99
Slovakia,SVK,2004,99,99,,99,,99,99,,99
Slovakia,SVK,2005,99,99,,98,,99,98,,99
Slovakia,SVK,2006,99,99,,98,,99,98,,99
Slovakia,SVK,2007,99,99,,99,,99,99,,99
Slovakia,SVK,2008,99,99,,99,,99,99,,99
Slovakia,SVK,2009,99,99,,99,99,99,99,,99
Slovakia,SVK,2010,99,99,,98,99,99,98,,99
Slovakia,SVK,2011,99,99,,98,99,99,98,,99
Slovakia,SVK,2012,99,99,,99,99,99,99,,99
Slovakia,SVK,2013,98,98,,98,98,98,98,,98
Slovakia,SVK,2014,97,97,,97,97,97,97,,97
Slovakia,SVK,2015,96,96,99,95,96,96,95,,96
Slovakia,SVK,2016,96,96,99,95,96,96,95,,96
Slovakia,SVK,2017,96,96,99,96,96,96,96,,96
Slovakia,SVK,2018,97,97,99,96,96,97,96,,97
Slovakia,SVK,2019,97,97,99,96,97,97,96,,97
Slovakia,SVK,2020,97,97,98,96,96,97,96,,97
Slovakia,SVK,2021,97,97,97,95,97,97,95,,97
Slovakia,SVK,2022,97,97,97,95,96,97,95,,97
Slovakia,SVK,2023,96,96,96,94,96,96,94,,96
Slovakia,SVK,2024,96,96,96,94,96,96,94,,96
Slovenia,SVN,1992,,,,90,,98,90,,98
Slovenia,SVN,1993,,,,90,,98,90,,98
Slovenia,SVN,1994,,,,91,,98,91,,98
Slovenia,SVN,1995,,,,93,,98,93,,98
Slovenia,SVN,1996,,,,93,,98,93,,98
Slovenia,SVN,1997,,,,82,,92,82,,94
Slovenia,SVN,1998,,,,93,,90,93,,91
Slovenia,SVN,1999,,,,98,,93,98,,92
Slovenia,SVN,2000,,,,95,,93,95,,91
Slovenia,SVN,2001,,93,,94,,93,94,,92
Slovenia,SVN,2002,,93,,93,,93,93,,93
Slovenia,SVN,2003,,95,,94,,95,94,,95
Slovenia,SVN,2004,,94,,94,,94,94,,94
Slovenia,SVN,2005,,95,,94,,95,94,,95
Slovenia,SVN,2006,,97,,96,,97,96,,97
Slovenia,SVN,2007,,97,,96,,97,96,,97
Slovenia,SVN,2008,,97,,96,,97,96,,97
Slovenia,SVN,2009,,96,,95,,96,95,,96
Slovenia,SVN,2010,,96,,95,,96,95,,96
Slovenia,SVN,2011,,96,,96,,96,96,,96
Slovenia,SVN,2012,,96,,95,,96,95,,96
Slovenia,SVN,2013,,95,,94,,95,94,,95
Slovenia,SVN,2014,,95,,94,,95,94,,95
Slovenia,SVN,2015,,95,98,94,50,95,94,,95
Slovenia,SVN,2016,,94,98,92,50,94,92,,94
Slovenia,SVN,2017,,94,98,93,55,94,93,,94
Slovenia,SVN,2018,,93,97,93,60,93,93,,93
Slovenia,SVN,2019,,95,98,94,65,95,94,,95
Slovenia,SVN,2020,,95,95,94,70,95,94,,95
Slovenia,SVN,2021,86,86,92,95,58,86,95,,86
Slovenia,SVN,2022,89,89,89,96,61,89,96,,89
Slovenia,SVN,2023,89,89,89,95,58,89,95,,89
Slovenia,SVN,2024,90,90,90,95,56,90,95,,90
Solomon Islands,SLB,1980,,,,,,43,,,46
Solomon Islands,SLB,1981,,,,,,34,,,35
Solomon Islands,SLB,1982,,,,,,22,,,23
Solomon Islands,SLB,1983,,,,,,27,,,27
Solomon Islands,SLB,1984,,,,,,41,,,45
Solomon Islands,SLB,1985,,,,,,36,,,38
Solomon Islands,SLB,1986,,,,31,,41,,,42
Solomon Islands,SLB,1987,,,,58,,41,,,66
Solomon Islands,SLB,1988,,,,69,,63,,,69
Solomon Islands,SLB,1989,,,,92,,66,,,67
Solomon Islands,SLB,1990,,,,70,,75,,,77
Solomon Islands,SLB,1991,,,,76,,74,,,76
Solomon Islands,SLB,1992,,,,70,,73,,,71
Solomon Islands,SLB,1993,53,,,64,,71,,,65
Solomon Islands,SLB,1994,65,,,60,,65,,,68
Solomon Islands,SLB,1995,68,,,68,,69,,,69
Solomon Islands,SLB,1996,97,,,90,,98,,,72
Solomon Islands,SLB,1997,73,,,68,,70,,,72
Solomon Islands,SLB,1998,75,,,66,,71,,,70
Solomon Islands,SLB,1999,79,,,99,,88,,,88
Solomon Islands,SLB,2000,81,,,91,,88,,,86
Solomon Islands,SLB,2001,83,,,83,,88,,,84
Solomon Islands,SLB,2002,75,,,78,,78,,,78
Solomon Islands,SLB,2003,79,,,82,,84,,,84
Solomon Islands,SLB,2004,81,,,87,,89,,,90
Solomon Islands,SLB,2005,83,,,87,,90,,,89
Solomon Islands,SLB,2006,99,,,99,,99,,,99
Solomon Islands,SLB,2007,90,,,90,,89,,,88
Solomon Islands,SLB,2008,89,89,,71,,88,,,85
Solomon Islands,SLB,2009,91,87,,69,,90,,,86
Solomon Islands,SLB,2010,87,87,,74,,84,,,83
Solomon Islands,SLB,2011,92,92,,77,,97,,,91
Solomon Islands,SLB,2012,92,92,,87,,88,,,92
Solomon Islands,SLB,2013,83,83,,76,,85,76,,83
Solomon Islands,SLB,2014,77,77,,76,,78,76,,77
Solomon Islands,SLB,2015,87,87,7,75,42,85,75,,87
Solomon Islands,SLB,2016,94,94,67,82,87,89,82,,94
Solomon Islands,SLB,2017,83,83,72,84,81,80,84,,83
Solomon Islands,SLB,2018,85,85,88,93,84,85,93,,85
Solomon Islands,SLB,2019,94,94,91,81,94,93,81,,94
Solomon Islands,SLB,2020,94,94,89,81,93,92,81,41,94
Solomon Islands,SLB,2021,87,87,79,67,86,84,67,75,87
Solomon Islands,SLB,2022,89,89,87,90,89,89,90,80,89
Solomon Islands,SLB,2023,84,84,80,68,81,81,68,81,84
Solomon Islands,SLB,2024,87,87,84,78,88,85,78,79,87
Somalia,SOM,1980,,,,9,,8,,,
Somalia,SOM,1981,,,,3,,2,,,2
Somalia,SOM,1982,,,,4,,5,,,5
Somalia,SOM,1983,,,,6,,5,,,5
Somalia,SOM,1984,,,,16,,11,,,10
Somalia,SOM,1985,,,,35,,22,,,22
Somalia,SOM,1986,,,,25,,17,,,17
Somalia,SOM,1987,,,,28,,25,,,25
Somalia,SOM,1988,,,,33,,26,,,26
Somalia,SOM,1989,,,,30,,18,,,18
Somalia,SOM,1990,,,,30,,18,,,19
Somalia,SOM,1991,,,,30,,18,,,20
Somalia,SOM,1992,,,,32,,20,,,21
Somalia,SOM,1993,,,,33,,21,,,22
Somalia,SOM,1994,,,,35,,23,,,23
Somalia,SOM,1995,,,,34,,22,,,22
Somalia,SOM,1996,,,,33,,21,,,21
Somalia,SOM,1997,,,,25,,19,,,19
Somalia,SOM,1998,,,,32,,35,,,33
Somalia,SOM,1999,,,,38,,40,,,36
Somalia,SOM,2000,,,,24,,37,,,33
Somalia,SOM,2001,,,,20,,33,,,33
Somalia,SOM,2002,,,,45,,40,,,40
Somalia,SOM,2003,,,,40,,40,,,40
Somalia,SOM,2004,,,,40,,30,,,30
Somalia,SOM,2005,,,,35,,35,,,35
Somalia,SOM,2006,,,,35,,26,,,26
Somalia,SOM,2007,,,,35,,40,,,40
Somalia,SOM,2008,,,,34,,40,,,31
Somalia,SOM,2009,,,,43,,41,,,42
Somalia,SOM,2010,,,,46,,49,,,45
Somalia,SOM,2011,,,,46,,49,,,41
Somalia,SOM,2012,,,,46,,47,,,42
Somalia,SOM,2013,44,44,,47,,48,,,44
Somalia,SOM,2014,46,46,,48,,49,,,46
Somalia,SOM,2015,48,48,,50,,50,,,48
Somalia,SOM,2016,49,49,,51,,51,,,49
Somalia,SOM,2017,51,51,,52,,52,,,51
Somalia,SOM,2018,53,53,47,53,,53,,,53
Somalia,SOM,2019,57,57,53,52,,57,,,57
Somalia,SOM,2020,55,55,50,52,,55,,,55
Somalia,SOM,2021,62,62,56,58,,63,,,62
Somalia,SOM,2022,71,71,65,69,,72,,,71
Somalia,SOM,2023,69,69,68,63,,71,,,69
Somalia,SOM,2024,70,70,70,64,,71,,,70
South Africa,ZAF,1983,,,,74,,80,,,74
South Africa,ZAF,1984,,,,70,,76,,,75
South Africa,ZAF,1985,,,,70,,77,,,75
South Africa,ZAF,1986,,,,64,,70,,,70
South Africa,ZAF,1987,,,,75,,75,,,72
South Africa,ZAF,1988,,,,68,,70,,,70
South Africa,ZAF,1989,,,,84,,73,,,71
South Africa,ZAF,1990,,,,79,,76,,,72
South Africa,ZAF,1991,,,,85,,82,,,81
South Africa,ZAF,1992,,,,85,,79,,,79
South Africa,ZAF,1993,,,,85,,81,,,81
South Africa,ZAF,1994,,,,76,,73,,,73
South Africa,ZAF,1995,,,,76,,72,,,72
South Africa,ZAF,1996,,,,76,,73,,,73
South Africa,ZAF,1997,74,,,82,,72,,,76
South Africa,ZAF,1998,74,,,79,,72,,,75
South Africa,ZAF,1999,73,,,75,,71,,,74
South Africa,ZAF,2000,73,73,,72,,71,,,73
South Africa,ZAF,2001,72,71,,69,,71,,,71
South Africa,ZAF,2002,72,70,,65,,70,,,70
South Africa,ZAF,2003,71,69,,62,,70,,,69
South Africa,ZAF,2004,76,75,,63,,73,,,74
South Africa,ZAF,2005,79,82,,64,,75,,,81
South Africa,ZAF,2006,83,84,,69,,79,,,84
South Africa,ZAF,2007,83,84,,68,,79,,,85
South Africa,ZAF,2008,76,80,,73,,77,,,82
South Africa,ZAF,2009,74,77,,77,10,75,,17,81
South Africa,ZAF,2010,71,72,,72,58,72,,60,77
South Africa,ZAF,2011,76,71,,77,62,71,,67,75
South Africa,ZAF,2012,70,69,,79,75,69,,73,71
South Africa,ZAF,2013,73,79,,78,77,79,,74,81
South Africa,ZAF,2014,85,85,,84,85,85,,81,85
South Africa,ZAF,2015,85,85,91,86,85,85,,84,85
South Africa,ZAF,2016,85,85,88,84,82,85,,83,85
South Africa,ZAF,2017,84,84,85,81,78,84,,81,84
South Africa,ZAF,2018,82,82,84,81,82,82,,80,82
South Africa,ZAF,2019,85,85,87,83,85,85,,83,85
South Africa,ZAF,2020,84,84,88,84,82,84,,83,84
South Africa,ZAF,2021,86,86,86,87,86,86,,85,86
South Africa,ZAF,2022,85,85,87,86,88,85,,83,85
South Africa,ZAF,2023,79,79,81,80,83,79,,78,79
South Africa,ZAF,2024,74,74,76,76,81,74,,73,74
South America,OWID_SAM,1980,,,,47.32758,,53.61987,,,35.13651
South America,OWID_SAM,1981,,,,58.688114,,39.21132,,,42.443363
South America,OWID_SAM,1982,,,,55.76373,,47.66602,0.38212347,,49.267147
South America,OWID_SAM,1983,,,,57.63614,,53.85006,0.46939957,,53.36625
South America,OWID_SAM,1984,,,,63.99634,,57.478374,0.47206447,,59.492393
South America,OWID_SAM,1985,,,,60.63737,,56.62888,0.41938955,,61.919632
South America,OWID_SAM,1986,,,,62.436707,,56.375145,0.5832862,,57.27675
South America,OWID_SAM,1987,,,,63.68812,,60.88316,0.62917805,,58.808468
South America,OWID_SAM,1988,,,,64.83655,,67.218,0.52073544,,62.380806
South America,OWID_SAM,1989,,,,64.856415,,64.82646,0.6029372,,62.69479
South America,OWID_SAM,1990,,,,76.53064,,69.40551,4.5506124,,71.52581
South America,OWID_SAM,1991,,,,81.037964,,73.35679,4.6695166,,75.858574
South America,OWID_SAM,1992,,,,83.83849,,73.461174,4.2707515,,74.3386
South America,OWID_SAM,1993,,,,84.045296,,73.76149,4.5130816,,77.837105
South America,OWID_SAM,1994,1.8838834,,,81.48804,,76.61255,4.5449085,,77.18845
South America,OWID_SAM,1995,13.3548565,,,85.96658,,82.497185,16.345201,,81.5194
South America,OWID_SAM,1996,18.571535,3.4921668,,82.39459,,82.1419,15.515122,,78.72925
South America,OWID_SAM,1997,12.9998665,4.0464935,,89.54103,,86.24622,26.671759,,79.78393
South America,OWID_SAM,1998,15.126672,17.070198,,90.92567,,87.110985,34.285706,,83.782616
South America,OWID_SAM,1999,49.979733,22.462091,,93.465996,,92.362755,34.202427,,88.35243
South America,OWID_SAM,2000,59.23197,68.91182,,94.66387,,92.09919,86.40453,,90.7119
South America,OWID_SAM,2001,63.339134,71.56748,,96.257835,,92.19754,87.95091,,89.77683
South America,OWID_SAM,2002,70.84509,76.32974,,94.023445,,93.05406,85.88325,,91.45592
South America,OWID_SAM,2003,85.73464,83.59187,,94.93777,,95.125336,94.93777,,93.39251
South America,OWID_SAM,2004,88.95301,90.533646,,93.622604,,92.68062,93.622604,,93.94241
South America,OWID_SAM,2005,90.849075,93.902565,,92.72198,,91.92659,92.72198,,93.93154
South America,OWID_SAM,2006,92.76769,92.44884,,95.25601,,93.73688,95.25601,22.58732,93.56521
South America,OWID_SAM,2007,91.774536,92.16667,,95.295876,,93.17337,95.295876,38.87474,92.79605
South America,OWID_SAM,2008,90.09206,91.6808,,96.00276,,93.859184,96.00276,46.922382,91.67894
South America,OWID_SAM,2009,94.60302,94.6991,,95.61462,0.7972102,93.972404,95.61462,60.69448,94.765755
South America,OWID_SAM,2010,92.172554,93.50317,,94.00138,21.096748,93.021645,94.00138,65.31555,93.569
South America,OWID_SAM,2011,92.327545,92.77118,,94.93023,55.05256,92.35302,94.93023,70.276886,92.7903
South America,OWID_SAM,2012,92.61658,92.12327,,95.24847,70.981636,91.43726,95.24847,72.095276,92.12327
South America,OWID_SAM,2013,92.023056,92.91135,,93.506676,78.521126,90.110214,93.506676,74.44983,92.48746
South America,OWID_SAM,2014,91.53785,91.09234,,93.4206,81.082184,90.58069,93.4206,74.12279,90.20131
South America,OWID_SAM,2015,92.58963,92.58963,62.741173,93.18839,84.3945,93.461525,93.18839,82.93354,92.58963
South America,OWID_SAM,2016,89.1084,89.1084,81.38617,92.239296,78.434875,80.36048,92.239296,78.75939,89.1084
South America,OWID_SAM,2017,83.586296,82.235146,88.19223,88.73732,76.32381,85.25423,88.73732,72.991425,84.27002
South America,OWID_SAM,2018,85.36475,83.55873,85.09201,89.99408,76.984184,83.47724,89.99408,72.58046,85.36475
South America,OWID_SAM,2019,78.25294,78.25294,85.60368,89.63315,74.8537,84.09665,89.63315,73.993355,77.5641
South America,OWID_SAM,2020,75.73587,75.73587,82.736435,80.00948,73.12955,75.00437,80.00948,67.79671,75.73587
South America,OWID_SAM,2021,73.16361,73.16361,77.899666,76.226814,67.66402,71.74715,76.226814,64.77633,73.357574
South America,OWID_SAM,2022,76.6863,76.6863,82.025055,78.42446,69.45597,75.13877,78.42446,69.77743,76.6863
South America,OWID_SAM,2023,82.35732,82.35732,82.705475,84.08243,71.15001,80.65822,84.08243,72.24135,82.35732
South Asia (UNICEF),,1980,,,,0,,2,0,,5
South Asia (UNICEF),,1981,,,,0,,3,0,,6
South Asia (UNICEF),,1982,,,,1,,7,0,,11
South Asia (UNICEF),,1983,,,,3,,10,0,,13
South Asia (UNICEF),,1984,,,,5,,13,0,,16
South Asia (UNICEF),,1985,0,,,6,,15,0,,18
South Asia (UNICEF),,1986,0,,,14,,18,0,,21
South Asia (UNICEF),,1987,0,,,25,,27,0,,29
South Asia (UNICEF),,1988,0,,,33,,36,0,,38
South Asia (UNICEF),,1989,0,,,44,,52,0,,49
South Asia (UNICEF),,1990,0,0,,56,,64,0,,67
South Asia (UNICEF),,1991,0,0,,47,,58,0,,57
South Asia (UNICEF),,1992,0,0,,53,,55,0,,55
South Asia (UNICEF),,1993,0,0,,59,,58,0,,58
South Asia (UNICEF),,1994,0,0,,66,,64,0,,64
South Asia (UNICEF),,1995,0,0,,68,,68,0,,68
South Asia (UNICEF),,1996,0,0,,64,,64,1,,64
South Asia (UNICEF),,1997,0,0,,57,,63,1,,62
South Asia (UNICEF),,1998,0,0,,55,,61,1,,61
South Asia (UNICEF),,1999,0,0,,58,,60,1,,60
South Asia (UNICEF),,2000,0,0,,58,,60,1,,60
South Asia (UNICEF),,2001,0,0,,59,,61,1,,62
South Asia (UNICEF),,2002,0,0,,59,,61,1,,62
South Asia (UNICEF),,2003,10,0,,62,,62,1,,64
South Asia (UNICEF),,2004,15,0,,66,,63,1,,67
South Asia (UNICEF),,2005,21,0,,69,,68,1,,68
South Asia (UNICEF),,2006,23,0,,69,,68,1,0,67
South Asia (UNICEF),,2007,26,0,,70,,68,1,0,66
South Asia (UNICEF),,2008,42,0,,71,0,69,1,0,70
South Asia (UNICEF),,2009,47,19,,76,0,72,1,0,73
South Asia (UNICEF),,2010,47,20,,78,0,74,1,0,76
South Asia (UNICEF),,2011,54,23,,80,0,78,1,0,80
South Asia (UNICEF),,2012,72,23,,79,0,78,2,0,80
South Asia (UNICEF),,2013,70,38,,80,11,80,10,0,81
South Asia (UNICEF),,2014,77,39,,83,14,82,11,0,83
South Asia (UNICEF),,2015,85,56,10,85,21,84,11,0,85
South Asia (UNICEF),,2016,86,81,49,86,25,85,11,3,86
South Asia (UNICEF),,2017,87,87,52,87,27,87,15,11,87
South Asia (UNICEF),,2018,88,88,75,90,31,87,73,35,88
South Asia (UNICEF),,2019,89,89,83,91,38,89,74,53,89
South Asia (UNICEF),,2020,84,84,82,87,42,85,70,71,84
South Asia (UNICEF),,2021,85,85,83,87,45,85,70,74,85
South Asia (UNICEF),,2022,90,90,90,91,72,91,89,80,90
South Asia (UNICEF),,2023,90,90,89,90,83,89,88,79,90
South Asia (UNICEF),,2024,92,92,91,93,91,91,91,80,92
South Korea,KOR,1980,,,,4,,,,,
South Korea,KOR,1981,,,,5,,62,,,61
South Korea,KOR,1982,,,,5,,70,5,,61
South Korea,KOR,1983,,,,33,,78,33,,69
South Korea,KOR,1984,,,,61,,80,61,,76
South Korea,KOR,1985,,,,89,,80,89,,76
South Korea,KOR,1986,,,,89,,80,89,,76
South Korea,KOR,1987,,,,82,,93,82,,57
South Korea,KOR,1988,,,,70,,91,70,,58
South Korea,KOR,1989,,,,95,,88,95,,89
South Korea,KOR,1990,,,,93,,74,93,,74
South Korea,KOR,1991,,,,93,,79,93,,79
South Korea,KOR,1992,,,,93,,84,93,,84
South Korea,KOR,1993,,,,92,,88,92,,88
South Korea,KOR,1994,,,,92,,93,92,,93
South Korea,KOR,1995,99,,,93,,99,93,,99
South Korea,KOR,1996,93,,,89,,91,89,,90
South Korea,KOR,1997,88,,,85,,81,85,,80
South Korea,KOR,1998,82,,,85,,71,85,,74
South Korea,KOR,1999,88,,,90,,85,90,,86
South Korea,KOR,2000,93,,,95,,99,95,,97
South Korea,KOR,2001,89,,,96,,99,96,,97
South Korea,KOR,2002,92,,,97,,99,97,,97
South Korea,KOR,2003,91,,,96,,94,96,,97
South Korea,KOR,2004,92,,,99,,90,99,,88
South Korea,KOR,2005,99,,,99,,96,99,,96
South Korea,KOR,2006,99,,,99,,98,99,,98
South Korea,KOR,2007,91,,,92,,91,92,,91
South Korea,KOR,2008,94,,,92,,92,92,,94
South Korea,KOR,2009,94,,,93,,95,93,,94
South Korea,KOR,2010,94,,,98,,95,98,,94
South Korea,KOR,2011,99,,,99,,98,99,,99
South Korea,KOR,2012,99,,,99,,99,99,,99
South Korea,KOR,2013,99,,,99,,99,99,,99
South Korea,KOR,2014,99,97,,99,,99,99,,99
South Korea,KOR,2015,98,98,98,98,97,98,98,,98
South Korea,KOR,2016,98,97,98,98,98,98,98,,98
South Korea,KOR,2017,98,97,98,97,97,97,97,,97
South Korea,KOR,2018,98,98,98,98,97,98,98,,98
South Korea,KOR,2019,98,98,98,98,98,98,98,,98
South Korea,KOR,2020,98,96,98,98,97,98,98,,98
South Korea,KOR,2021,98,98,98,98,97,98,98,,98
South Korea,KOR,2022,97,96,98,97,97,97,97,,98
South Korea,KOR,2023,97,96,98,97,97,97,97,,98
South Korea,KOR,2024,97,97,98,97,97,97,97,94,97
South Sudan,SSD,2011,,,,62,,66,,,61
South Sudan,SSD,2012,,,,59,,67,,,63
South Sudan,SSD,2013,,,,57,,56,,,53
South Sudan,SSD,2014,,,,54,,52,,,50
South Sudan,SSD,2015,46,46,3,52,,52,,,46
South Sudan,SSD,2016,45,45,34,51,,45,,,45
South Sudan,SSD,2017,52,52,56,56,,60,,,52
South Sudan,SSD,2018,59,59,56,61,,60,,,59
South Sudan,SSD,2019,61,61,56,65,,61,,,61
South Sudan,SSD,2020,67,67,60,69,,65,,,67
South Sudan,SSD,2021,69,69,64,74,,69,,,69
South Sudan,SSD,2022,73,73,67,72,,72,,,73
South Sudan,SSD,2023,73,73,67,72,,72,,,73
South Sudan,SSD,2024,73,73,67,72,,72,,,73
South-East Asia (WHO),WHO_SEAR,1980,,,,0,,3,0,,7
South-East Asia (WHO),WHO_SEAR,1981,,,,0,,4,0,,7
South-East Asia (WHO),WHO_SEAR,1982,,,,0,,8,0,,11
South-East Asia (WHO),WHO_SEAR,1983,,,,1,,10,0,,14
South-East Asia (WHO),WHO_SEAR,1984,,,,3,,12,0,,16
South-East Asia (WHO),WHO_SEAR,1985,0,,,6,,15,0,,20
South-East Asia (WHO),WHO_SEAR,1986,0,,,16,,21,0,,24
South-East Asia (WHO),WHO_SEAR,1987,0,,,26,,30,0,,33
South-East Asia (WHO),WHO_SEAR,1988,0,,,34,,38,0,,41
South-East Asia (WHO),WHO_SEAR,1989,0,,,47,,55,0,,52
South-East Asia (WHO),WHO_SEAR,1990,0,0,,59,,67,0,,70
South-East Asia (WHO),WHO_SEAR,1991,0,0,,50,,62,0,,61
South-East Asia (WHO),WHO_SEAR,1992,4,0,,56,,60,0,,60
South-East Asia (WHO),WHO_SEAR,1993,7,0,,63,,64,2,,64
South-East Asia (WHO),WHO_SEAR,1994,7,0,,69,,70,2,,70
South-East Asia (WHO),WHO_SEAR,1995,8,0,,72,,72,2,,71
South-East Asia (WHO),WHO_SEAR,1996,10,0,,69,,71,3,,69
South-East Asia (WHO),WHO_SEAR,1997,10,0,,62,,68,3,,67
South-East Asia (WHO),WHO_SEAR,1998,12,0,,60,,67,3,,66
South-East Asia (WHO),WHO_SEAR,1999,11,0,,63,,66,3,,65
South-East Asia (WHO),WHO_SEAR,2000,10,0,,63,,64,3,,64
South-East Asia (WHO),WHO_SEAR,2001,9,0,,63,,65,3,,65
South-East Asia (WHO),WHO_SEAR,2002,9,0,,62,,66,3,,65
South-East Asia (WHO),WHO_SEAR,2003,11,0,,65,,66,3,,67
South-East Asia (WHO),WHO_SEAR,2004,18,0,,69,,66,3,,69
South-East Asia (WHO),WHO_SEAR,2005,24,0,,73,,72,3,,70
South-East Asia (WHO),WHO_SEAR,2006,28,0,,73,,72,3,0,71
South-East Asia (WHO),WHO_SEAR,2007,30,0,,74,,73,3,0,70
South-East Asia (WHO),WHO_SEAR,2008,47,0,,76,0,75,3,0,75
South-East Asia (WHO),WHO_SEAR,2009,53,9,,80,0,79,3,0,78
South-East Asia (WHO),WHO_SEAR,2010,53,9,,83,0,80,3,0,82
South-East Asia (WHO),WHO_SEAR,2011,56,10,,85,0,82,3,0,84
South-East Asia (WHO),WHO_SEAR,2012,75,11,,84,0,83,5,0,85
South-East Asia (WHO),WHO_SEAR,2013,75,28,,85,0,85,13,0,86
South-East Asia (WHO),WHO_SEAR,2014,82,32,,87,0,87,13,0,87
South-East Asia (WHO),WHO_SEAR,2015,88,57,8,88,4,88,15,0,88
South-East Asia (WHO),WHO_SEAR,2016,89,81,41,89,10,88,16,3,89
South-East Asia (WHO),WHO_SEAR,2017,90,88,48,91,13,90,22,9,90
South-East Asia (WHO),WHO_SEAR,2018,90,87,73,93,17,91,86,24,90
South-East Asia (WHO),WHO_SEAR,2019,91,89,83,94,24,90,93,37,91
South-East Asia (WHO),WHO_SEAR,2020,86,83,77,88,28,85,88,57,86
South-East Asia (WHO),WHO_SEAR,2021,83,83,81,87,29,82,87,60,83
South-East Asia (WHO),WHO_SEAR,2022,93,91,89,94,59,92,94,67,93
South-East Asia (WHO),WHO_SEAR,2023,90,89,88,91,74,89,91,68,90
South-East Asia (WHO),WHO_SEAR,2024,92,90,91,95,88,91,95,77,92
Spain,ESP,1981,,,,8,,,8,,
Spain,ESP,1982,,,,27,,,27,,
Spain,ESP,1983,,,,40,,,40,,
Spain,ESP,1984,,,,68,,91,68,,95
Spain,ESP,1985,,,,79,,73,79,,79
Spain,ESP,1986,,,,83,,75,83,,88
Spain,ESP,1987,,,,85,,82,85,,77
Spain,ESP,1988,,,,84,,94,84,,93
Spain,ESP,1989,,,,97,,94,97,,93
Spain,ESP,1990,,,,99,,94,99,,86
Spain,ESP,1991,,,,85,,88,85,,86
Spain,ESP,1992,,,,83,,85,83,,84
Spain,ESP,1993,,,,90,,88,90,,87
Spain,ESP,1994,,,,90,,88,90,,88
Spain,ESP,1995,,,,90,,88,90,,90
Spain,ESP,1996,82,,,90,,91,90,,90
Spain,ESP,1997,84,,,93,,94,93,,94
Spain,ESP,1998,81,82,,93,,94,93,,95
Spain,ESP,1999,80,82,,95,,95,95,,95
Spain,ESP,2000,77,92,,94,,95,94,,95
Spain,ESP,2001,83,96,,96,,95,96,,96
Spain,ESP,2002,82,97,,97,,98,97,,98
Spain,ESP,2003,81,98,,98,,99,98,,98
Spain,ESP,2004,97,97,,97,,97,97,,97
Spain,ESP,2005,96,96,,97,,96,97,,96
Spain,ESP,2006,97,98,,97,,98,97,,98
Spain,ESP,2007,96,96,,97,,96,97,,96
Spain,ESP,2008,97,97,,98,,97,98,,97
Spain,ESP,2009,96,96,,98,,96,98,,96
Spain,ESP,2010,97,97,,95,,97,95,,97
Spain,ESP,2011,97,97,,97,,97,97,,97
Spain,ESP,2012,96,96,,97,,96,97,,96
Spain,ESP,2013,95,96,,95,,96,95,,96
Spain,ESP,2014,96,97,,96,,97,96,,97
Spain,ESP,2015,97,97,99,96,,97,96,,97
Spain,ESP,2016,97,97,99,97,,97,97,,97
Spain,ESP,2017,95,95,98,98,89,95,98,,95
Spain,ESP,2018,96,96,98,98,95,96,98,,96
Spain,ESP,2019,95,96,98,98,94,95,98,,95
Spain,ESP,2020,94,98,98,96,94,94,96,,94
Spain,ESP,2021,93,93,96,95,93,93,95,,93
Spain,ESP,2022,95,95,98,97,95,95,97,,95
Spain,ESP,2023,93,93,97,96,92,93,96,66,93
Spain,ESP,2024,94,94,98,97,92,94,97,70,94
Sri Lanka,LKA,1980,,,,,,46,,,46
Sri Lanka,LKA,1981,,,,,,45,,,45
Sri Lanka,LKA,1982,,,,,,56,,,57
Sri Lanka,LKA,1983,,,,,,64,,,64
Sri Lanka,LKA,1984,,,,3,,65,,,66
Sri Lanka,LKA,1985,,,,20,,71,,,70
Sri Lanka,LKA,1986,,,,45,,75,,,75
Sri Lanka,LKA,1987,,,,60,,79,,,77
Sri Lanka,LKA,1988,,,,68,,85,,,83
Sri Lanka,LKA,1989,,,,76,,88,,,87
Sri Lanka,LKA,1990,,,,80,,86,,,86
Sri Lanka,LKA,1991,,,,79,,86,,,86
Sri Lanka,LKA,1992,,,,82,,88,,,88
Sri Lanka,LKA,1993,,,,86,,90,,,90
Sri Lanka,LKA,1994,,,,84,,89,,,88
Sri Lanka,LKA,1995,,,,87,,92,,,93
Sri Lanka,LKA,1996,,,,89,,92,89,,92
Sri Lanka,LKA,1997,,,,94,,98,94,,97
Sri Lanka,LKA,1998,,,,94,,94,94,,94
Sri Lanka,LKA,1999,,,,95,,99,95,,99
Sri Lanka,LKA,2000,,,,99,,99,99,,99
Sri Lanka,LKA,2001,,,,99,,98,99,,98
Sri Lanka,LKA,2002,,,,99,,98,99,,98
Sri Lanka,LKA,2003,32,,,99,,98,99,,99
Sri Lanka,LKA,2004,62,,,96,,97,96,,97
Sri Lanka,LKA,2005,99,,,99,,99,99,,99
Sri Lanka,LKA,2006,98,,,99,,98,99,,98
Sri Lanka,LKA,2007,98,,,98,,98,98,,98
Sri Lanka,LKA,2008,98,,,98,,98,98,,98
Sri Lanka,LKA,2009,97,,,97,,97,97,,97
Sri Lanka,LKA,2010,99,99,,99,,99,99,,99
Sri Lanka,LKA,2011,99,99,,99,,99,99,,99
Sri Lanka,LKA,2012,99,99,,99,,99,99,,99
Sri Lanka,LKA,2013,99,99,,99,,99,99,,99
Sri Lanka,LKA,2014,99,99,,99,,99,99,,99
Sri Lanka,LKA,2015,99,99,47,99,,99,99,,99
Sri Lanka,LKA,2016,99,99,99,99,,99,99,,99
Sri Lanka,LKA,2017,99,99,99,99,,99,99,,99
Sri Lanka,LKA,2018,99,99,99,99,,99,99,,99
Sri Lanka,LKA,2019,99,99,99,99,,99,99,,99
Sri Lanka,LKA,2020,96,96,96,96,,96,96,,96
Sri Lanka,LKA,2021,96,96,96,97,,96,97,,96
Sri Lanka,LKA,2022,98,98,98,99,,98,99,,98
Sri Lanka,LKA,2023,99,99,99,99,,99,99,,99
Sri Lanka,LKA,2024,97,97,97,99,,97,99,,97
Sudan,SDN,1980,,,,,,1,,,1
Sudan,SDN,1981,,,,1,,1,,,1
Sudan,SDN,1982,,,,1,,2,,,2
Sudan,SDN,1983,,,,2,,3,,,3
Sudan,SDN,1984,,,,3,,4,,,4
Sudan,SDN,1985,,,,6,,8,,,8
Sudan,SDN,1986,,,,11,,14,,,14
Sudan,SDN,1987,,,,22,,27,,,27
Sudan,SDN,1988,,,,44,,41,,,40
Sudan,SDN,1989,,,,61,,61,,,60
Sudan,SDN,1990,,,,57,,62,,,62
Sudan,SDN,1991,,,,57,,62,,,62
Sudan,SDN,1992,,,,52,,53,,,53
Sudan,SDN,1993,,,,49,,51,,,51
Sudan,SDN,1994,,,,48,,46,,,46
Sudan,SDN,1995,,,,51,,48,,,48
Sudan,SDN,1996,,,,59,,56,,,56
Sudan,SDN,1997,,,,58,,55,,,55
Sudan,SDN,1998,,,,49,,48,,,46
Sudan,SDN,1999,,,,51,,64,,,55
Sudan,SDN,2000,,,,58,,62,,,62
Sudan,SDN,2001,,,,58,,66,,,66
Sudan,SDN,2002,,,,58,,60,,,60
Sudan,SDN,2003,,,,65,,69,,,69
Sudan,SDN,2004,,,,67,,74,,,74
Sudan,SDN,2005,22,,,69,,78,,,78
Sudan,SDN,2006,60,,,73,,77,,,78
Sudan,SDN,2007,78,,,79,,84,,,84
Sudan,SDN,2008,78,78,,79,,85,,,86
Sudan,SDN,2009,72,72,,82,,81,,,81
Sudan,SDN,2010,75,75,,90,,90,,,90
Sudan,SDN,2011,93,93,,87,,93,,27,93
Sudan,SDN,2012,92,92,,85,,92,,75,92
Sudan,SDN,2013,93,93,,85,30,93,,80,93
Sudan,SDN,2014,94,94,,86,97,94,,86,94
Sudan,SDN,2015,93,93,69,87,93,93,,84,93
Sudan,SDN,2016,93,93,64,87,93,93,,90,93
Sudan,SDN,2017,95,95,0,90,95,95,,95,95
Sudan,SDN,2018,93,93,84,88,93,93,,94,93
Sudan,SDN,2019,93,93,91,90,93,93,,94,93
Sudan,SDN,2020,90,89,90,86,90,90,,92,90
Sudan,SDN,2021,84,84,94,81,85,85,,84,84
Sudan,SDN,2022,84,84,93,80,83,85,,60,84
Sudan,SDN,2023,51,51,58,51,52,53,,39,51
Sudan,SDN,2024,39,39,50,46,40,40,46,37,39
Suriname,SUR,1980,,,,,,24,,,25
Suriname,SUR,1981,,,,39,,22,,,27
Suriname,SUR,1982,,,,17,,53,,,61
Suriname,SUR,1983,,,,71,,83,,,85
Suriname,SUR,1984,,,,75,,79,,,80
Suriname,SUR,1985,,,,73,,85,,,84
Suriname,SUR,1986,,,,78,,80,,,80
Suriname,SUR,1987,,,,70,,70,,,71
Suriname,SUR,1988,,,,83,,71,,,64
Suriname,SUR,1989,,,,73,,71,,,72
Suriname,SUR,1990,,,,65,,81,,,83
Suriname,SUR,1991,,,,84,,77,,,75
Suriname,SUR,1992,,,,61,,71,,,74
Suriname,SUR,1993,,,,61,,75,61,,76
Suriname,SUR,1994,,,,72,,71,72,,74
Suriname,SUR,1995,,,,85,,81,85,,84
Suriname,SUR,1996,,,,87,,84,87,,85
Suriname,SUR,1997,,,,79,,81,79,,81
Suriname,SUR,1998,,,,82,,90,82,,90
Suriname,SUR,1999,,,,85,,84,85,,85
Suriname,SUR,2000,,,,84,,70,84,,71
Suriname,SUR,2001,,,,82,,65,82,,68
Suriname,SUR,2002,,,,73,,74,73,,73
Suriname,SUR,2003,,,,69,,74,69,,75
Suriname,SUR,2004,,,,86,,84,86,,85
Suriname,SUR,2005,83,83,,91,,84,91,,83
Suriname,SUR,2006,84,84,,83,,84,83,,84
Suriname,SUR,2007,84,84,,85,,84,85,,84
Suriname,SUR,2008,84,84,,86,,85,86,,85
Suriname,SUR,2009,87,87,,88,,85,88,,87
Suriname,SUR,2010,84,84,,87,,94,87,,94
Suriname,SUR,2011,80,80,,79,,83,79,,80
Suriname,SUR,2012,76,76,,64,,79,64,,76
Suriname,SUR,2013,76,76,,81,,79,81,,77
Suriname,SUR,2014,71,71,,70,,76,70,,71
Suriname,SUR,2015,73,73,81,76,,78,76,,73
Suriname,SUR,2016,77,77,85,76,,77,76,,77
Suriname,SUR,2017,67,67,77,76,,51,76,,67
Suriname,SUR,2018,81,81,82,77,,81,77,,81
Suriname,SUR,2019,77,77,82,64,,76,64,,77
Suriname,SUR,2020,51,51,61,45,,51,45,,51
Suriname,SUR,2021,72,72,82,58,,72,58,,72
Suriname,SUR,2022,77,77,84,74,,78,74,,77
Suriname,SUR,2023,72,72,83,71,,72,71,,72
Suriname,SUR,2024,69,69,77,73,,72,73,,69
Sweden,SWE,1980,,,,88,,97,,,99
Sweden,SWE,1981,,,,92,,98,,,99
Sweden,SWE,1982,,,,91,,98,91,,99
Sweden,SWE,1983,,,,93,,98,93,,99
Sweden,SWE,1984,,,,94,,98,94,,99
Sweden,SWE,1985,,,,94,,98,94,,99
Sweden,SWE,1986,,,,94,,99,94,,99
Sweden,SWE,1987,,,,94,,99,94,,99
Sweden,SWE,1988,,,,95,,99,95,,99
Sweden,SWE,1989,,,,95,,99,95,,99
Sweden,SWE,1990,,,,96,,99,96,,99
Sweden,SWE,1991,,55,,96,,99,96,,99
Sweden,SWE,1992,,90,,96,,99,96,,99
Sweden,SWE,1993,,99,,97,,99,97,,99
Sweden,SWE,1994,,99,,97,,99,97,,99
Sweden,SWE,1995,,99,,97,,99,97,,99
Sweden,SWE,1996,,99,,96,,99,96,,99
Sweden,SWE,1997,,99,,96,,99,96,,99
Sweden,SWE,1998,,99,,94,,99,94,,99
Sweden,SWE,1999,,98,,89,,99,89,,99
Sweden,SWE,2000,,98,,91,,99,91,,99
Sweden,SWE,2001,,98,,94,,99,94,,99
Sweden,SWE,2002,,98,,95,,99,95,,99
Sweden,SWE,2003,,99,,95,,99,95,,99
Sweden,SWE,2004,,99,,96,,99,96,,99
Sweden,SWE,2005,,98,,96,,98,96,,98
Sweden,SWE,2006,,98,,97,,98,97,,98
Sweden,SWE,2007,,98,,96,,98,96,,98
Sweden,SWE,2008,,98,,96,60,98,96,,98
Sweden,SWE,2009,,98,,97,98,98,97,,98
Sweden,SWE,2010,,98,,97,98,98,97,,98
Sweden,SWE,2011,29,98,,97,98,98,97,,98
Sweden,SWE,2012,30,98,,97,98,98,97,,98
Sweden,SWE,2013,35,98,,97,98,98,97,,98
Sweden,SWE,2014,42,98,,97,98,98,97,,98
Sweden,SWE,2015,53,98,99,98,97,98,98,,98
Sweden,SWE,2016,67,98,99,97,97,98,97,,98
Sweden,SWE,2017,76,97,99,97,97,97,97,,97
Sweden,SWE,2018,92,97,99,97,97,97,97,,97
Sweden,SWE,2019,97,97,98,97,97,98,97,,98
Sweden,SWE,2020,97,97,98,97,97,97,97,83,97
Sweden,SWE,2021,98,98,98,97,97,98,97,84,98
Sweden,SWE,2022,94,94,97,93,94,94,93,82,94
Sweden,SWE,2023,94,94,96,93,94,94,93,84,94
Sweden,SWE,2024,95,95,97,93,94,95,93,85,96
Switzerland,CHE,1986,,,,70,,98,70,,90
Switzerland,CHE,1987,,,,70,,97,70,,90
Switzerland,CHE,1988,,,,70,,95,70,,90
Switzerland,CHE,1989,,,,90,,98,90,,90
Switzerland,CHE,1990,,,,90,,98,90,,90
Switzerland,CHE,1991,,,,83,,95,83,,89
Switzerland,CHE,1992,,,,83,,95,83,,89
Switzerland,CHE,1993,,,,83,,95,83,,89
Switzerland,CHE,1994,,,,83,,95,83,,89
Switzerland,CHE,1995,,,,83,,95,83,,89
Switzerland,CHE,1996,,,,83,,95,83,,89
Switzerland,CHE,1997,,,,83,,95,83,,89
Switzerland,CHE,1998,,77,,81,,92,81,,88
Switzerland,CHE,1999,,91,,82,,95,82,,93
Switzerland,CHE,2000,,91,,82,,95,82,,93
Switzerland,CHE,2001,,91,,82,,95,82,,93
Switzerland,CHE,2002,,91,,82,,95,82,,93
Switzerland,CHE,2003,,91,,82,,95,82,,93
Switzerland,CHE,2004,,91,,82,,95,82,,93
Switzerland,CHE,2005,,93,,87,,94,87,,94
Switzerland,CHE,2006,,93,,87,,94,87,,94
Switzerland,CHE,2007,,93,,87,,94,87,,94
Switzerland,CHE,2008,,95,,92,13,96,92,,95
Switzerland,CHE,2009,,95,,92,25,96,92,,95
Switzerland,CHE,2010,,95,,92,37,96,92,,95
Switzerland,CHE,2011,,95,,93,50,96,93,,96
Switzerland,CHE,2012,,95,,93,62,96,93,,96
Switzerland,CHE,2013,,95,,93,75,96,93,,96
Switzerland,CHE,2014,,95,,94,80,96,94,,96
Switzerland,CHE,2015,,95,97,94,80,96,94,,96
Switzerland,CHE,2016,,95,98,94,80,96,94,,96
Switzerland,CHE,2017,69,95,97,95,84,96,95,,96
Switzerland,CHE,2018,69,95,97,95,84,96,95,,96
Switzerland,CHE,2019,69,95,97,95,84,96,95,,96
Switzerland,CHE,2020,72,96,98,97,86,96,97,,97
Switzerland,CHE,2021,73,95,97,95,88,96,95,,96
Switzerland,CHE,2022,76,95,97,96,89,96,96,,96
Switzerland,CHE,2023,80,94,97,95,89,95,95,,95
Switzerland,CHE,2024,86,95,97,96,91,96,96,11,96
Syria,SYR,1980,,,,13,,13,,,13
Syria,SYR,1981,,,,14,,14,,,14
Syria,SYR,1982,,,,22,,15,,,15
Syria,SYR,1983,,,,19,,21,,,21
Syria,SYR,1984,,,,23,,25,,,25
Syria,SYR,1985,,,,27,,29,,,29
Syria,SYR,1986,,,,64,,86,,,86
Syria,SYR,1987,,,,37,,42,,,42
Syria,SYR,1988,,,,52,,59,,,59
Syria,SYR,1989,,,,86,,94,,,94
Syria,SYR,1990,,,,87,,91,,,91
Syria,SYR,1991,,,,84,,89,,,89
Syria,SYR,1992,5,,,84,,89,,,89
Syria,SYR,1993,23,,,86,,90,,,90
Syria,SYR,1994,64,,,86,,89,,,89
Syria,SYR,1995,74,,,85,,89,,,89
Syria,SYR,1996,75,,,85,,88,,,88
Syria,SYR,1997,76,,,84,,87,,,87
Syria,SYR,1998,77,,,87,,88,,,88
Syria,SYR,1999,78,,,86,,87,86,,87
Syria,SYR,2000,79,,,84,,86,84,,86
Syria,SYR,2001,80,84,,80,,83,80,,83
Syria,SYR,2002,80,83,,84,,86,84,,86
Syria,SYR,2003,81,82,,83,,85,83,,85
Syria,SYR,2004,82,81,,82,,84,82,,84
Syria,SYR,2005,83,80,,81,,83,81,,83
Syria,SYR,2006,83,80,,81,,83,81,,82
Syria,SYR,2007,83,80,,81,,83,81,,82
Syria,SYR,2008,83,79,,81,,83,81,,81
Syria,SYR,2009,84,80,,82,,83,82,,81
Syria,SYR,2010,84,80,,82,,83,82,,81
Syria,SYR,2011,66,72,,80,,60,80,,72
Syria,SYR,2012,52,58,,72,,57,72,,58
Syria,SYR,2013,80,54,,69,,60,69,,54
Syria,SYR,2014,56,56,,65,,62,65,,56
Syria,SYR,2015,50,54,64,64,,60,64,,54
Syria,SYR,2016,59,55,59,73,,58,73,,55
Syria,SYR,2017,61,61,64,78,,63,78,,61
Syria,SYR,2018,60,60,72,74,,63,74,,60
Syria,SYR,2019,67,67,77,76,,70,76,,67
Syria,SYR,2020,62,62,70,70,,63,70,,62
Syria,SYR,2021,59,61,70,70,,62,70,,61
Syria,SYR,2022,59,59,69,52,,58,52,,59
Syria,SYR,2023,66,66,72,74,,66,74,,66
Syria,SYR,2024,73,73,81,81,,75,81,,73
Tajikistan,TJK,1992,,,,68,,61,,,72
Tajikistan,TJK,1993,,,,81,,65,,,64
Tajikistan,TJK,1994,,,,73,,80,,,81
Tajikistan,TJK,1995,,,,70,,69,,,80
Tajikistan,TJK,1996,,,,79,,77,,,75
Tajikistan,TJK,1997,,,,84,,80,,,81
Tajikistan,TJK,1998,,,,83,,82,,,79
Tajikistan,TJK,1999,,,,79,,84,,,82
Tajikistan,TJK,2000,,,,88,,86,,,83
Tajikistan,TJK,2001,,,,88,,84,,,85
Tajikistan,TJK,2002,39,,,89,,84,,,85
Tajikistan,TJK,2003,58,,,91,,82,,,85
Tajikistan,TJK,2004,81,,,92,,82,,,86
Tajikistan,TJK,2005,81,,,85,,79,,,84
Tajikistan,TJK,2006,88,,,82,,76,,,83
Tajikistan,TJK,2007,84,,,85,,85,,,86
Tajikistan,TJK,2008,86,46,,86,,87,,,86
Tajikistan,TJK,2009,93,93,,89,,93,89,,93
Tajikistan,TJK,2010,93,93,,94,,95,94,,93
Tajikistan,TJK,2011,96,96,,98,,97,98,,96
Tajikistan,TJK,2012,94,94,,97,,96,97,,94
Tajikistan,TJK,2013,96,96,,97,,97,97,,96
Tajikistan,TJK,2014,97,97,,98,,94,98,,97
Tajikistan,TJK,2015,96,96,,97,,96,97,85,96
Tajikistan,TJK,2016,97,97,,97,,97,97,96,96
Tajikistan,TJK,2017,97,97,,98,,97,98,97,97
Tajikistan,TJK,2018,96,96,51,98,,96,98,96,96
Tajikistan,TJK,2019,97,97,96,98,,97,98,97,97
Tajikistan,TJK,2020,97,97,97,98,,97,98,95,97
Tajikistan,TJK,2021,97,97,97,97,,97,97,97,97
Tajikistan,TJK,2022,97,97,97,98,,97,98,98,97
Tajikistan,TJK,2023,96,96,97,98,31,97,98,97,96
Tajikistan,TJK,2024,97,97,97,98,96,97,98,98,97
Tanzania,TZA,1980,,,,46,,57,,,59
Tanzania,TZA,1981,,,,51,,46,,,55
Tanzania,TZA,1982,,,,50,,48,,,50
Tanzania,TZA,1983,,,,60,,49,,,52
Tanzania,TZA,1984,,,,55,,47,,,58
Tanzania,TZA,1985,,,,66,,64,,,67
Tanzania,TZA,1986,,,,97,,73,,,74
Tanzania,TZA,1987,,,,78,,80,,,79
Tanzania,TZA,1988,,,,83,,82,,,85
Tanzania,TZA,1989,,,,79,,66,,,77
Tanzania,TZA,1990,,,,80,,78,,,78
Tanzania,TZA,1991,,,,79,,81,,,81
Tanzania,TZA,1992,,,,81,,82,,,83
Tanzania,TZA,1993,,,,77,,78,,,83
Tanzania,TZA,1994,,,,79,,83,,,84
Tanzania,TZA,1995,,,,78,,79,,,81
Tanzania,TZA,1996,,,,78,,80,,,82
Tanzania,TZA,1997,,,,73,,79,,,79
Tanzania,TZA,1998,,,,72,,79,,,79
Tanzania,TZA,1999,,,,72,,74,,,76
Tanzania,TZA,2000,,,,78,,64,,,79
Tanzania,TZA,2001,,,,86,,65,,,87
Tanzania,TZA,2002,89,,,89,,91,,,89
Tanzania,TZA,2003,95,,,97,,97,,,95
Tanzania,TZA,2004,95,,,94,,95,,,95
Tanzania,TZA,2005,90,,,91,,91,,,90
Tanzania,TZA,2006,90,,,93,,91,,,90
Tanzania,TZA,2007,83,,,90,,88,,,83
Tanzania,TZA,2008,86,,,88,,89,,,86
Tanzania,TZA,2009,85,85,,91,,88,,,85
Tanzania,TZA,2010,91,91,,92,,94,,,91
Tanzania,TZA,2011,90,90,,93,,88,,,90
Tanzania,TZA,2012,92,92,,97,,90,,,92
Tanzania,TZA,2013,91,91,,99,80,91,,85,91
Tanzania,TZA,2014,97,97,,97,93,97,97,97,97
Tanzania,TZA,2015,96,96,,95,93,93,95,95,96
Tanzania,TZA,2016,92,92,,83,93,89,83,89,92
Tanzania,TZA,2017,90,90,,90,93,89,90,87,90
Tanzania,TZA,2018,89,89,56,88,93,82,88,85,89
Tanzania,TZA,2019,91,91,91,89,90,87,89,88,91
Tanzania,TZA,2020,91,91,91,87,89,61,87,89,91
Tanzania,TZA,2021,86,86,86,80,86,64,80,85,86
Tanzania,TZA,2022,87,87,87,84,85,82,84,74,87
Tanzania,TZA,2023,83,83,83,84,82,80,84,81,83
Tanzania,TZA,2024,83,83,83,84,82,80,84,81,83
Thailand,THA,1980,,,,,,19,,,49
Thailand,THA,1981,,,,,,31,,,52
Thailand,THA,1982,,,,,,39,,,49
Thailand,THA,1983,,,,,,46,,,49
Thailand,THA,1984,,,,5,,56,,,53
Thailand,THA,1985,,,,26,,61,,,62
Thailand,THA,1986,,,,45,,66,,,66
Thailand,THA,1987,,,,52,,71,,,75
Thailand,THA,1988,,,,63,,80,,,80
Thailand,THA,1989,,,,66,,84,,,84
Thailand,THA,1990,,,,80,,92,,,92
Thailand,THA,1991,,,,79,,90,,,90
Thailand,THA,1992,15,,,74,,84,,,85
Thailand,THA,1993,58,,,80,,89,80,,89
Thailand,THA,1994,66,,,86,,93,86,,93
Thailand,THA,1995,93,,,91,,96,91,,96
Thailand,THA,1996,93,,,92,,94,92,,94
Thailand,THA,1997,94,,,93,,95,93,,95
Thailand,THA,1998,95,,,96,,96,96,,96
Thailand,THA,1999,95,,,96,,97,96,,97
Thailand,THA,2000,95,,,94,,97,94,,97
Thailand,THA,2001,95,,,94,,97,94,,96
Thailand,THA,2002,95,,,94,,97,94,,96
Thailand,THA,2003,96,,,96,,98,96,,98
Thailand,THA,2004,96,,,96,,98,96,,98
Thailand,THA,2005,96,,,96,,98,96,,98
Thailand,THA,2006,96,,,96,,98,96,,98
Thailand,THA,2007,96,,,96,,98,96,,98
Thailand,THA,2008,98,,,98,,99,98,,99
Thailand,THA,2009,98,,,98,,99,98,,99
Thailand,THA,2010,98,,,98,,99,98,,99
Thailand,THA,2011,98,,,98,,99,98,,99
Thailand,THA,2012,98,,,98,,99,98,,99
Thailand,THA,2013,99,,,99,,99,99,,99
Thailand,THA,2014,99,,,99,,99,99,,99
Thailand,THA,2015,99,,,99,,99,99,,99
Thailand,THA,2016,99,,,99,,99,99,,99
Thailand,THA,2017,99,,84,99,,99,99,,99
Thailand,THA,2018,97,,88,96,,97,96,,97
Thailand,THA,2019,97,,97,96,,97,96,,97
Thailand,THA,2020,97,45,97,96,,97,96,,97
Thailand,THA,2021,92,84,92,93,,93,93,79,92
Thailand,THA,2022,92,83,92,93,,93,93,75,92
Thailand,THA,2023,92,83,92,93,,93,93,75,92
Thailand,THA,2024,92,83,92,93,,93,93,75,92
Togo,TGO,1981,,,,,,9,,,9
Togo,TGO,1982,,,,,,10,,,14
Togo,TGO,1983,,,,,,10,,,18
Togo,TGO,1984,,,,11,,11,,,11
Togo,TGO,1985,,,,27,,23,,,24
Togo,TGO,1986,,,,43,,35,,,37
Togo,TGO,1987,,,,74,,60,,,61
Togo,TGO,1988,,,,62,,54,,,54
Togo,TGO,1989,,,,78,,72,,,72
Togo,TGO,1990,,,,73,,76,,,77
Togo,TGO,1991,,,,69,,73,,,73
Togo,TGO,1992,,,,64,,69,,,69
Togo,TGO,1993,,,,60,,66,,,66
Togo,TGO,1994,,,,57,,62,,,62
Togo,TGO,1995,,,,53,,59,,,58
Togo,TGO,1996,,,,48,,53,,,50
Togo,TGO,1997,,,,43,,47,,,42
Togo,TGO,1998,,,,40,,43,,,42
Togo,TGO,1999,,,,57,,57,,,57
Togo,TGO,2000,,,,58,,63,,,64
Togo,TGO,2001,,,,40,,51,,,50
Togo,TGO,2002,,,,48,,58,,,59
Togo,TGO,2003,,,,68,,72,,,72
Togo,TGO,2004,,,,70,,71,,,71
Togo,TGO,2005,,,,70,,80,,,82
Togo,TGO,2006,,,,78,,85,,,84
Togo,TGO,2007,,,,71,,72,,,82
Togo,TGO,2008,24,24,,63,,80,,,81
Togo,TGO,2009,78,78,,66,,78,,,78
Togo,TGO,2010,83,83,,68,,83,,,83
Togo,TGO,2011,85,85,,72,,85,,,85
Togo,TGO,2012,84,84,,72,,84,,,84
Togo,TGO,2013,84,84,,72,,84,,,84
Togo,TGO,2014,84,84,,77,25,82,,28,84
Togo,TGO,2015,82,82,,75,77,82,,78,82
Togo,TGO,2016,82,82,,73,82,81,,80,82
Togo,TGO,2017,84,84,,78,84,77,,82,84
Togo,TGO,2018,82,82,20,73,82,60,71,81,82
Togo,TGO,2019,86,86,87,78,85,81,78,84,86
Togo,TGO,2020,85,85,86,75,84,85,75,82,85
Togo,TGO,2021,87,87,87,77,86,87,77,86,87
Togo,TGO,2022,86,86,88,79,85,82,79,85,86
Togo,TGO,2023,90,90,90,81,89,89,81,91,90
Togo,TGO,2024,90,90,90,81,89,89,81,91,90
Tonga,TON,1980,,,,,,20,,,40
Tonga,TON,1981,,,,9,,37,,,37
Tonga,TON,1982,,,,44,,80,,,52
Tonga,TON,1983,,,,67,,57,,,63
Tonga,TON,1984,,,,43,,46,,,51
Tonga,TON,1985,,,,81,,81,,,92
Tonga,TON,1986,,,,37,,73,,,75
Tonga,TON,1987,,,,88,,87,,,99
Tonga,TON,1988,,,,81,,92,,,92
Tonga,TON,1989,,,,84,,93,,,93
Tonga,TON,1990,94,,,86,,93,,,94
Tonga,TON,1991,88,,,90,,92,,,88
Tonga,TON,1992,82,,,87,,99,,,99
Tonga,TON,1993,96,,,87,,96,,,96
Tonga,TON,1994,90,,,86,,90,,,89
Tonga,TON,1995,91,,,94,,93,,,95
Tonga,TON,1996,94,,,95,,99,,,99
Tonga,TON,1997,95,,,97,,96,,,96
Tonga,TON,1998,96,,,96,,97,,,97
Tonga,TON,1999,93,,,97,,94,,,94
Tonga,TON,2000,97,,,95,,95,,,95
Tonga,TON,2001,96,,,93,,95,,,94
Tonga,TON,2002,95,,,90,,90,90,,90
Tonga,TON,2003,93,,,99,,98,99,,98
Tonga,TON,2004,99,,,99,,99,99,,99
Tonga,TON,2005,99,99,,99,,99,99,,99
Tonga,TON,2006,99,99,,99,,99,99,,99
Tonga,TON,2007,99,99,,99,,99,99,,99
Tonga,TON,2008,98,99,,99,,99,99,,99
Tonga,TON,2009,99,99,,99,,99,99,,99
Tonga,TON,2010,99,99,,99,,99,99,,99
Tonga,TON,2011,99,99,,99,,99,99,,99
Tonga,TON,2012,95,95,,95,,95,95,,95
Tonga,TON,2013,99,99,,99,,99,99,,99
Tonga,TON,2014,98,98,,99,,98,99,,98
Tonga,TON,2015,96,96,34,99,,96,99,,96
Tonga,TON,2016,96,96,96,98,,96,98,,96
Tonga,TON,2017,99,99,99,99,,99,99,,99
Tonga,TON,2018,99,99,99,99,,99,99,,99
Tonga,TON,2019,99,99,99,99,,99,99,,99
Tonga,TON,2020,99,99,99,99,,99,99,,99
Tonga,TON,2021,99,99,99,99,67,99,99,,99
Tonga,TON,2022,99,99,99,99,67,99,99,,99
Tonga,TON,2023,99,99,99,99,99,99,99,99,99
Tonga,TON,2024,99,99,99,99,99,99,99,99,99
Trinidad and Tobago,TTO,1980,,,,,,38,,,26
Trinidad and Tobago,TTO,1981,,,,,,55,,,62
Trinidad and Tobago,TTO,1982,,,,,,59,,,54
Trinidad and Tobago,TTO,1983,,,,,,61,,,60
Trinidad and Tobago,TTO,1984,,,,10,,66,10,,65
Trinidad and Tobago,TTO,1985,,,,32,,74,32,,75
Trinidad and Tobago,TTO,1986,,,,42,,71,42,,70
Trinidad and Tobago,TTO,1987,,,,68,,80,68,,79
Trinidad and Tobago,TTO,1988,,,,72,,83,72,,82
Trinidad and Tobago,TTO,1989,,,,59,,77,59,,77
Trinidad and Tobago,TTO,1990,,,,70,,87,70,,82
Trinidad and Tobago,TTO,1991,,,,93,,81,93,,82
Trinidad and Tobago,TTO,1992,,,,83,,87,83,,87
Trinidad and Tobago,TTO,1993,,,,87,,78,87,,81
Trinidad and Tobago,TTO,1994,,,,86,,85,86,,85
Trinidad and Tobago,TTO,1995,,,,84,,90,84,,89
Trinidad and Tobago,TTO,1996,,,,88,,90,88,,89
Trinidad and Tobago,TTO,1997,,,,88,,91,88,,90
Trinidad and Tobago,TTO,1998,,8,,90,,91,90,,91
Trinidad and Tobago,TTO,1999,,49,,88,,90,88,,90
Trinidad and Tobago,TTO,2000,,74,,90,,90,90,,90
Trinidad and Tobago,TTO,2001,,85,,91,,91,91,,91
Trinidad and Tobago,TTO,2002,5,59,,87,,96,87,,96
Trinidad and Tobago,TTO,2003,76,92,,88,,91,88,,91
Trinidad and Tobago,TTO,2004,94,94,,95,,94,95,,94
Trinidad and Tobago,TTO,2005,95,95,,93,,95,93,,95
Trinidad and Tobago,TTO,2006,89,89,,89,,89,89,,92
Trinidad and Tobago,TTO,2007,89,88,,91,,90,91,,88
Trinidad and Tobago,TTO,2008,90,90,,91,,91,91,,90
Trinidad and Tobago,TTO,2009,90,90,,94,,90,94,,90
Trinidad and Tobago,TTO,2010,90,90,,92,,91,92,,90
Trinidad and Tobago,TTO,2011,90,90,,92,,91,92,,90
Trinidad and Tobago,TTO,2012,92,92,,85,41,91,85,,92
Trinidad and Tobago,TTO,2013,92,92,,91,80,94,91,,92
Trinidad and Tobago,TTO,2014,92,92,,96,95,94,96,,92
Trinidad and Tobago,TTO,2015,90,90,6,89,92,88,89,,96
Trinidad and Tobago,TTO,2016,97,97,96,86,91,91,86,,97
Trinidad and Tobago,TTO,2017,89,89,90,93,93,94,93,,89
Trinidad and Tobago,TTO,2018,99,99,99,90,99,99,90,,99
Trinidad and Tobago,TTO,2019,93,93,92,99,93,93,99,,93
Trinidad and Tobago,TTO,2020,96,96,92,91,95,93,91,,96
Trinidad and Tobago,TTO,2021,94,94,96,93,95,94,93,,94
Trinidad and Tobago,TTO,2022,93,93,92,92,93,93,92,,93
Trinidad and Tobago,TTO,2023,96,96,99,90,94,96,90,,96
Trinidad and Tobago,TTO,2024,92,92,90,96,91,92,96,,92
Tunisia,TUN,1982,,,,43,,,,,
Tunisia,TUN,1983,,,,42,,62,,,62
Tunisia,TUN,1984,,,,55,,66,,,66
Tunisia,TUN,1985,,,,65,,70,,,70
Tunisia,TUN,1986,,,,67,,72,,,72
Tunisia,TUN,1987,,,,81,,84,,,84
Tunisia,TUN,1988,,,,87,,91,,,91
Tunisia,TUN,1989,,,,93,,93,,,93
Tunisia,TUN,1990,,,,93,,93,,,93
Tunisia,TUN,1991,,,,94,,93,,,93
Tunisia,TUN,1992,,,,94,,95,,,95
Tunisia,TUN,1993,,,,92,,94,,,94
Tunisia,TUN,1994,,,,91,,93,,,93
Tunisia,TUN,1995,,,,91,,94,,,94
Tunisia,TUN,1996,83,,,92,,95,,,95
Tunisia,TUN,1997,88,,,92,,96,,,96
Tunisia,TUN,1998,91,,,94,,96,,,96
Tunisia,TUN,1999,94,,,90,,99,,,99
Tunisia,TUN,2000,94,,,95,,97,,,97
Tunisia,TUN,2001,94,,,92,,98,,,98
Tunisia,TUN,2002,93,,,94,,96,,,96
Tunisia,TUN,2003,92,96,,90,,95,,,95
Tunisia,TUN,2004,96,97,,95,,97,,,97
Tunisia,TUN,2005,97,80,,96,,98,,,98
Tunisia,TUN,2006,99,,,98,,99,,,99
Tunisia,TUN,2007,98,,,98,,98,,,98
Tunisia,TUN,2008,99,,,98,,99,,,99
Tunisia,TUN,2009,99,,,98,,99,,,99
Tunisia,TUN,2010,98,,,97,,98,,,98
Tunisia,TUN,2011,98,43,,96,,98,,,98
Tunisia,TUN,2012,97,97,,96,,97,96,,97
Tunisia,TUN,2013,98,98,,94,,98,94,,98
Tunisia,TUN,2014,98,98,,98,,98,98,,98
Tunisia,TUN,2015,98,98,98,98,,98,98,,98
Tunisia,TUN,2016,98,98,98,96,,98,96,,98
Tunisia,TUN,2017,98,98,96,98,,98,98,,98
Tunisia,TUN,2018,97,97,98,96,,97,96,,97
Tunisia,TUN,2019,98,98,98,98,,98,98,,98
Tunisia,TUN,2020,97,97,94,98,87,97,98,,97
Tunisia,TUN,2021,97,97,95,95,96,97,95,,97
Tunisia,TUN,2022,97,97,96,95,98,97,95,,97
Tunisia,TUN,2023,97,97,96,96,97,97,96,,97
Tunisia,TUN,2024,97,97,96,96,97,96,96,,97
Turkey,TUR,1980,,,,27,,63,,,42
Turkey,TUR,1981,,,,52,,69,,,64
Turkey,TUR,1982,,,,64,,61,,,58
Turkey,TUR,1983,,,,63,,59,,,56
Turkey,TUR,1984,,,,62,,57,,,56
Turkey,TUR,1985,,,,61,,55,,,55
Turkey,TUR,1986,,,,64,,45,,,45
Turkey,TUR,1987,,,,67,,86,,,86
Turkey,TUR,1988,,,,82,,86,,,86
Turkey,TUR,1989,,,,71,,79,,,79
Turkey,TUR,1990,,,,78,,84,,,84
Turkey,TUR,1991,,,,73,,72,,,72
Turkey,TUR,1992,,,,78,,77,,,77
Turkey,TUR,1993,,,,72,,76,,,76
Turkey,TUR,1994,,,,76,,91,,,87
Turkey,TUR,1995,,,,65,,67,,,67
Turkey,TUR,1996,,,,72,,73,,,72
Turkey,TUR,1997,,,,79,,79,,,79
Turkey,TUR,1998,,,,81,,81,,,81
Turkey,TUR,1999,,,,82,,79,,,79
Turkey,TUR,2000,71,,,87,,85,,,85
Turkey,TUR,2001,77,,,91,,88,,,88
Turkey,TUR,2002,72,,,83,,78,,,78
Turkey,TUR,2003,68,,,75,,69,,,68
Turkey,TUR,2004,77,,,81,,85,,,85
Turkey,TUR,2005,85,,,91,,90,,,90
Turkey,TUR,2006,82,,,98,,90,98,,90
Turkey,TUR,2007,96,76,,96,,96,96,,96
Turkey,TUR,2008,92,96,,97,,96,97,,96
Turkey,TUR,2009,94,96,,97,97,96,97,,96
Turkey,TUR,2010,96,97,,97,93,97,97,,97
Turkey,TUR,2011,96,97,,98,96,97,98,,97
Turkey,TUR,2012,97,97,,96,97,97,96,,97
Turkey,TUR,2013,97,98,,98,97,98,98,,98
Turkey,TUR,2014,96,96,,94,96,96,94,,96
Turkey,TUR,2015,97,97,98,97,97,97,97,,97
Turkey,TUR,2016,98,98,99,98,98,98,98,,98
Turkey,TUR,2017,96,96,98,96,96,96,96,,96
Turkey,TUR,2018,98,98,99,96,97,98,96,,98
Turkey,TUR,2019,99,99,99,97,97,99,97,,99
Turkey,TUR,2020,98,98,99,95,95,98,95,,98
Turkey,TUR,2021,96,95,95,96,96,95,96,,95
Turkey,TUR,2022,99,99,99,95,95,99,95,,99
Turkey,TUR,2023,99,99,96,95,95,99,95,,99
Turkey,TUR,2024,99,99,96,95,95,99,95,,99
Turkmenistan,TKM,1992,,,,76,,91,,,84
Turkmenistan,TKM,1993,,,,84,,92,,,73
Turkmenistan,TKM,1994,,,,90,,94,,,90
Turkmenistan,TKM,1995,,,,92,,96,,,93
Turkmenistan,TKM,1996,,,,98,,98,,,97
Turkmenistan,TKM,1997,,,,99,,99,,,98
Turkmenistan,TKM,1998,,,,99,,99,,,99
Turkmenistan,TKM,1999,,,,97,,98,,,98
Turkmenistan,TKM,2000,,,,96,,98,,,97
Turkmenistan,TKM,2001,,,,98,,94,,,95
Turkmenistan,TKM,2002,96,,,88,,99,,,98
Turkmenistan,TKM,2003,97,,,97,,66,,,83
Turkmenistan,TKM,2004,96,,,97,,98,,,97
Turkmenistan,TKM,2005,99,,,99,,99,,,99
Turkmenistan,TKM,2006,98,,,99,,98,,,98
Turkmenistan,TKM,2007,98,,,99,,98,99,,98
Turkmenistan,TKM,2008,96,,,99,,96,99,,96
Turkmenistan,TKM,2009,97,,,99,,97,99,,96
Turkmenistan,TKM,2010,96,58,,99,,96,99,,96
Turkmenistan,TKM,2011,97,71,,99,,97,99,,97
Turkmenistan,TKM,2012,98,97,,99,,98,99,,97
Turkmenistan,TKM,2013,98,97,,99,,98,99,,98
Turkmenistan,TKM,2014,97,97,,99,,98,99,,98
Turkmenistan,TKM,2015,99,99,,99,,99,99,,99
Turkmenistan,TKM,2016,98,98,,99,,98,99,,98
Turkmenistan,TKM,2017,99,99,,99,,99,99,,99
Turkmenistan,TKM,2018,99,99,96,99,,99,99,,99
Turkmenistan,TKM,2019,99,99,99,99,,99,99,5,99
Turkmenistan,TKM,2020,99,99,99,98,23,99,98,95,98
Turkmenistan,TKM,2021,97,97,98,97,97,97,97,97,97
Turkmenistan,TKM,2022,98,98,98,98,98,98,98,98,98
Turkmenistan,TKM,2023,98,98,99,99,99,98,99,98,98
Turkmenistan,TKM,2024,99,98,99,99,99,98,99,98,98
Tuvalu,TUV,1980,,,,,,23,,,36
Tuvalu,TUV,1981,,,,,,44,,,49
Tuvalu,TUV,1982,,,,,,79,,,72
Tuvalu,TUV,1983,,,,65,,83,,,79
Tuvalu,TUV,1984,,,,71,,74,,,37
Tuvalu,TUV,1985,,,,92,,97,,,52
Tuvalu,TUV,1986,,,,65,,73,,,73
Tuvalu,TUV,1987,,,,65,,59,,,59
Tuvalu,TUV,1988,,,,90,,91,,,89
Tuvalu,TUV,1989,,,,79,,66,,,85
Tuvalu,TUV,1990,,,,95,,84,,,99
Tuvalu,TUV,1991,,,,63,,71,,,74
Tuvalu,TUV,1992,,,,66,,86,,,70
Tuvalu,TUV,1993,,,,64,,86,,,80
Tuvalu,TUV,1994,17,,,79,,95,,,99
Tuvalu,TUV,1995,49,,,94,,85,,,87
Tuvalu,TUV,1996,86,,,94,,92,,,97
Tuvalu,TUV,1997,88,,,99,,80,,,77
Tuvalu,TUV,1998,96,,,96,,78,,,94
Tuvalu,TUV,1999,93,,,94,,84,,,83
Tuvalu,TUV,2000,81,,,81,,82,,,82
Tuvalu,TUV,2001,99,,,99,,96,,,96
Tuvalu,TUV,2002,99,,,99,,98,,,98
Tuvalu,TUV,2003,95,,,95,,93,,,93
Tuvalu,TUV,2004,98,,,97,,98,,,98
Tuvalu,TUV,2005,79,,,62,,99,62,,93
Tuvalu,TUV,2006,97,,,84,,97,84,,97
Tuvalu,TUV,2007,97,,,95,,97,95,,97
Tuvalu,TUV,2008,99,,,93,,99,93,,99
Tuvalu,TUV,2009,91,84,,90,,85,90,,88
Tuvalu,TUV,2010,89,89,,85,,89,85,,89
Tuvalu,TUV,2011,96,96,,98,,96,98,,96
Tuvalu,TUV,2012,97,97,,98,,97,98,,97
Tuvalu,TUV,2013,90,90,,96,,90,96,,90
Tuvalu,TUV,2014,89,89,,94,,89,94,,89
Tuvalu,TUV,2015,96,96,99,94,,96,94,,96
Tuvalu,TUV,2016,94,94,99,96,,94,96,,94
Tuvalu,TUV,2017,96,96,99,95,,96,95,,96
Tuvalu,TUV,2018,89,89,99,88,,89,88,,89
Tuvalu,TUV,2019,92,92,99,96,,92,96,,92
Tuvalu,TUV,2020,93,93,99,93,,90,93,,95
Tuvalu,TUV,2021,94,94,99,93,,87,93,59,94
Tuvalu,TUV,2022,91,91,99,90,83,90,90,89,91
Tuvalu,TUV,2023,94,94,99,98,98,94,98,94,94
Tuvalu,TUV,2024,94,94,99,97,97,94,97,94,94
Uganda,UGA,1981,,,,22,,8,,,9
Uganda,UGA,1982,,,,21,,9,,,12
Uganda,UGA,1983,,,,20,,11,,,14
Uganda,UGA,1984,,,,18,,12,,,14
Uganda,UGA,1985,,,,17,,13,,,14
Uganda,UGA,1986,,,,27,,21,,,21
Uganda,UGA,1987,,,,38,,30,,,30
Uganda,UGA,1988,,,,49,,38,,,38
Uganda,UGA,1989,,,,51,,42,,,42
Uganda,UGA,1990,,,,52,,45,,,45
Uganda,UGA,1991,,,,54,,49,,,49
Uganda,UGA,1992,,,,56,,52,,,53
Uganda,UGA,1993,,,,57,,56,,,56
Uganda,UGA,1994,,,,59,,59,,,60
Uganda,UGA,1995,,,,57,,58,,,59
Uganda,UGA,1996,,,,55,,57,,,57
Uganda,UGA,1997,,,,54,,55,,,56
Uganda,UGA,1998,,,,50,,50,,,48
Uganda,UGA,1999,,,,55,,54,,,50
Uganda,UGA,2000,,,,57,,55,,,52
Uganda,UGA,2001,,,,59,,56,,,55
Uganda,UGA,2002,29,29,,62,,57,,,57
Uganda,UGA,2003,44,44,,64,,57,,,59
Uganda,UGA,2004,62,62,,66,,58,,,62
Uganda,UGA,2005,64,64,,68,,59,,,64
Uganda,UGA,2006,64,64,,75,,62,,,64
Uganda,UGA,2007,73,73,,75,,70,,,73
Uganda,UGA,2008,71,71,,70,,69,,,71
Uganda,UGA,2009,79,79,,77,,78,,,79
Uganda,UGA,2010,80,80,,73,,79,,,80
Uganda,UGA,2011,82,82,,75,,79,,,82
Uganda,UGA,2012,83,83,,80,,79,,,83
Uganda,UGA,2013,84,84,,83,,78,,,84
Uganda,UGA,2014,85,85,,85,60,78,,,85
Uganda,UGA,2015,89,89,,79,64,85,,,89
Uganda,UGA,2016,93,93,44,79,77,88,,,93
Uganda,UGA,2017,94,94,70,83,90,90,,,94
Uganda,UGA,2018,93,93,84,86,92,88,,36,93
Uganda,UGA,2019,93,93,88,87,92,92,,87,93
Uganda,UGA,2020,89,89,89,89,89,88,89,88,89
Uganda,UGA,2021,91,91,90,90,91,91,90,87,91
Uganda,UGA,2022,89,89,95,90,90,90,90,84,89
Uganda,UGA,2023,91,91,96,90,91,89,90,86,91
Uganda,UGA,2024,91,91,96,90,91,89,90,86,91
Ukraine,UKR,1992,,,,90,,89,,,88
Ukraine,UKR,1993,,,,94,,91,,,93
Ukraine,UKR,1994,,,,96,,96,,,97
Ukraine,UKR,1995,,,,97,,97,,,98
Ukraine,UKR,1996,,,,92,,99,,,99
Ukraine,UKR,1997,,,,97,,99,,,99
Ukraine,UKR,1998,,,,96,,98,,,98
Ukraine,UKR,1999,,,,99,,98,,,99
Ukraine,UKR,2000,4,,,99,,99,,,99
Ukraine,UKR,2001,7,,,99,,99,99,,99
Ukraine,UKR,2002,48,,,99,,99,99,,99
Ukraine,UKR,2003,77,,,99,,99,99,,97
Ukraine,UKR,2004,98,,,99,,99,99,,99
Ukraine,UKR,2005,97,,,96,,95,96,,96
Ukraine,UKR,2006,96,11,,98,,99,98,,98
Ukraine,UKR,2007,92,46,,97,,98,97,,98
Ukraine,UKR,2008,84,81,,94,,91,94,,90
Ukraine,UKR,2009,66,66,,75,,74,75,,71
Ukraine,UKR,2010,48,51,,56,,57,56,,52
Ukraine,UKR,2011,21,26,,67,,54,67,,50
Ukraine,UKR,2012,46,83,,79,,72,79,,76
Ukraine,UKR,2013,46,83,,79,,72,79,,76
Ukraine,UKR,2014,22,38,,56,,45,56,,23
Ukraine,UKR,2015,22,38,59,56,,51,56,,23
Ukraine,UKR,2016,26,47,75,42,,56,42,,19
Ukraine,UKR,2017,52,39,43,86,,48,86,,50
Ukraine,UKR,2018,67,58,92,91,,71,91,,69
Ukraine,UKR,2019,77,80,83,93,,78,93,,80
Ukraine,UKR,2020,81,85,87,85,,84,85,,81
Ukraine,UKR,2021,77,87,84,89,,78,89,,78
Ukraine,UKR,2022,62,70,73,74,,69,74,,73
Ukraine,UKR,2023,79,78,85,92,,85,92,,83
Ukraine,UKR,2024,88,93,90,91,,88,91,,88
United Arab Emirates,ARE,1980,,,,34,,11,,,11
United Arab Emirates,ARE,1981,,,,42,,45,,,45
United Arab Emirates,ARE,1982,,,,41,,46,,,43
United Arab Emirates,ARE,1983,,,,51,,50,,,50
United Arab Emirates,ARE,1984,,,,53,,59,,,59
United Arab Emirates,ARE,1985,,,,60,,74,60,,76
United Arab Emirates,ARE,1986,,,,67,,77,67,,78
United Arab Emirates,ARE,1987,,,,71,,80,71,,80
United Arab Emirates,ARE,1988,,,,74,,82,74,,82
United Arab Emirates,ARE,1989,,,,78,,85,78,,84
United Arab Emirates,ARE,1990,,,,80,,85,80,,85
United Arab Emirates,ARE,1991,,,,82,,85,82,,85
United Arab Emirates,ARE,1992,,,,85,,86,85,,86
United Arab Emirates,ARE,1993,90,,,90,,90,90,,90
United Arab Emirates,ARE,1994,90,,,90,,90,90,,90
United Arab Emirates,ARE,1995,90,,,90,,90,90,,90
United Arab Emirates,ARE,1996,90,,,90,,90,90,,90
United Arab Emirates,ARE,1997,90,,,95,,92,95,,92
United Arab Emirates,ARE,1998,96,,,95,,94,95,,94
United Arab Emirates,ARE,1999,92,94,,96,,94,96,,94
United Arab Emirates,ARE,2000,92,92,,94,,94,94,,94
United Arab Emirates,ARE,2001,92,92,,94,,94,94,,94
United Arab Emirates,ARE,2002,92,94,,94,,94,94,,94
United Arab Emirates,ARE,2003,92,94,,94,,94,94,,94
United Arab Emirates,ARE,2004,92,94,,94,,94,94,,94
United Arab Emirates,ARE,2005,92,94,,92,,94,92,,94
United Arab Emirates,ARE,2006,92,92,,92,,94,92,,92
United Arab Emirates,ARE,2007,92,92,,92,,94,92,,92
United Arab Emirates,ARE,2008,92,92,,92,,94,92,,92
United Arab Emirates,ARE,2009,93,93,,93,,94,93,,93
United Arab Emirates,ARE,2010,94,94,,94,94,94,94,,94
United Arab Emirates,ARE,2011,95,95,,95,95,95,95,,95
United Arab Emirates,ARE,2012,96,96,,96,96,96,96,,96
United Arab Emirates,ARE,2013,98,98,,98,98,98,98,,98
United Arab Emirates,ARE,2014,99,99,,99,99,99,99,56,99
United Arab Emirates,ARE,2015,99,99,99,99,99,99,99,87,99
United Arab Emirates,ARE,2016,99,99,99,99,99,99,99,92,99
United Arab Emirates,ARE,2017,98,98,99,99,96,96,99,90,97
United Arab Emirates,ARE,2018,99,99,99,99,99,99,99,99,99
United Arab Emirates,ARE,2019,98,99,95,99,99,95,99,92,99
United Arab Emirates,ARE,2020,91,90,90,99,84,80,99,86,90
United Arab Emirates,ARE,2021,95,96,96,99,95,96,99,91,96
United Arab Emirates,ARE,2022,95,96,96,98,95,95,98,91,96
United Arab Emirates,ARE,2023,96,96,96,98,94,96,98,91,96
United Arab Emirates,ARE,2024,93,96,96,98,94,95,98,90,96
United Kingdom,GBR,1980,,,,53,,81,53,,41
United Kingdom,GBR,1981,,,,55,,82,55,,46
United Kingdom,GBR,1982,,,,58,,84,58,,53
United Kingdom,GBR,1983,,,,60,,84,60,,59
United Kingdom,GBR,1984,,,,63,,84,63,,65
United Kingdom,GBR,1985,,,,68,,95,68,,65
United Kingdom,GBR,1986,,,,71,,85,71,,67
United Kingdom,GBR,1987,,,,76,,87,76,,73
United Kingdom,GBR,1988,,,,80,,87,80,,75
United Kingdom,GBR,1989,,,,84,,89,84,,78
United Kingdom,GBR,1990,,,,87,,92,87,,84
United Kingdom,GBR,1991,,,,90,,93,90,,88
United Kingdom,GBR,1992,,,,92,,95,92,,92
United Kingdom,GBR,1993,,89,,91,,95,91,,93
United Kingdom,GBR,1994,,93,,91,,95,91,,93
United Kingdom,GBR,1995,,94,,92,,96,92,,94
United Kingdom,GBR,1996,,95,,92,,96,92,,94
United Kingdom,GBR,1997,,92,,91,,92,91,,92
United Kingdom,GBR,1998,,91,,87,,91,87,,91
United Kingdom,GBR,1999,,92,,88,,92,88,,92
United Kingdom,GBR,2000,,91,,88,,91,88,,91
United Kingdom,GBR,2001,,91,,85,,91,85,,91
United Kingdom,GBR,2002,,91,,85,,91,85,,91
United Kingdom,GBR,2003,,91,,82,,91,82,,91
United Kingdom,GBR,2004,,92,,81,,92,81,,92
United Kingdom,GBR,2005,,91,,82,,91,82,,91
United Kingdom,GBR,2006,,92,,85,,92,85,,92
United Kingdom,GBR,2007,,92,,86,,92,86,,92
United Kingdom,GBR,2008,,92,,86,,92,86,,92
United Kingdom,GBR,2009,,93,,86,,93,86,,93
United Kingdom,GBR,2010,,94,,89,89,94,89,,94
United Kingdom,GBR,2011,,95,,90,90,95,90,,95
United Kingdom,GBR,2012,,95,,92,92,95,92,,95
United Kingdom,GBR,2013,,95,,93,93,95,93,,95
United Kingdom,GBR,2014,,95,,93,93,95,93,,95
United Kingdom,GBR,2015,,95,95,93,93,95,93,89,95
United Kingdom,GBR,2016,,94,94,92,92,94,92,90,94
United Kingdom,GBR,2017,,94,94,92,92,94,92,90,94
United Kingdom,GBR,2018,,94,94,92,92,94,92,91,94
United Kingdom,GBR,2019,93,93,93,91,91,93,91,90,93
United Kingdom,GBR,2020,93,93,93,91,91,93,91,91,93
United Kingdom,GBR,2021,93,93,93,91,91,93,91,91,93
United Kingdom,GBR,2022,92,92,92,90,90,92,90,90,92
United Kingdom,GBR,2023,92,92,92,90,89,92,90,90,92
United Kingdom,GBR,2024,92,92,92,89,89,92,89,89,92
United States,USA,1980,,,,86,,95,86,,96
United States,USA,1981,,,,97,,96,97,,96
United States,USA,1982,,,,97,,97,97,,96
United States,USA,1983,,,,98,,97,98,,97
United States,USA,1984,,,,98,,97,98,,97
United States,USA,1985,,,,97,,96,97,,96
United States,USA,1986,,,,97,,97,97,,97
United States,USA,1987,,,,82,,97,82,,97
United States,USA,1988,,,,98,,97,98,,97
United States,USA,1989,,,,94,,91,94,,94
United States,USA,1990,,,,90,,85,90,,90
United States,USA,1991,,,,87,,78,87,,86
United States,USA,1992,,,,83,,72,83,,83
United States,USA,1993,16,,,84,,79,84,,88
United States,USA,1994,42,,,89,,84,89,,94
United States,USA,1995,68,91,,88,,88,88,,95
United States,USA,1996,82,91,,91,,91,91,,95
United States,USA,1997,84,93,,91,,91,91,,96
United States,USA,1998,87,93,,92,,91,92,,96
United States,USA,1999,88,94,,92,,90,92,,96
United States,USA,2000,90,93,,91,,90,91,,94
United States,USA,2001,89,93,,91,,89,91,,94
United States,USA,2002,88,93,,91,,90,91,,94
United States,USA,2003,92,94,,93,,91,93,,96
United States,USA,2004,92,94,,93,,92,93,,96
United States,USA,2005,93,94,,92,,92,92,,96
United States,USA,2006,93,93,,92,,93,92,,96
United States,USA,2007,93,93,,92,,93,92,,96
United States,USA,2008,94,91,,92,93,94,92,,96
United States,USA,2009,92,84,,90,93,93,90,44,95
United States,USA,2010,92,90,,92,93,93,92,59,95
United States,USA,2011,91,94,,92,94,94,92,67,96
United States,USA,2012,90,93,,91,92,93,91,69,94
United States,USA,2013,91,93,,92,92,93,92,73,94
United States,USA,2014,92,93,,92,93,93,92,72,95
United States,USA,2015,92,93,97,92,93,93,92,72,95
United States,USA,2016,93,93,97,92,93,94,92,73,95
United States,USA,2017,91,92,97,91,92,92,91,74,94
United States,USA,2018,91,92,96,92,92,93,92,73,94
United States,USA,2019,91,91,97,90,92,93,90,74,94
United States,USA,2020,91,91,96,91,82,92,91,75,93
United States,USA,2021,92,91,97,92,82,93,92,76,94
United States,USA,2022,93,92,97,92,84,93,92,77,94
United States,USA,2023,93,92,97,92,84,93,92,77,94
United States,USA,2024,93,92,97,92,84,93,92,77,94
Upper-middle-income countries,OWID_UMC,1980,,,,12,,19,0,,13
Upper-middle-income countries,OWID_UMC,1981,,,,15,,18,0,,15
Upper-middle-income countries,OWID_UMC,1982,,,,15,,62,0,,16
Upper-middle-income countries,OWID_UMC,1983,,,,56,,62,0,,48
Upper-middle-income countries,OWID_UMC,1984,,,,61,,66,0,,59
Upper-middle-income countries,OWID_UMC,1985,0,,,71,,70,0,,65
Upper-middle-income countries,OWID_UMC,1986,0,,,60,,65,0,,68
Upper-middle-income countries,OWID_UMC,1987,0,,,69,,73,0,,69
Upper-middle-income countries,OWID_UMC,1988,0,,,82,,85,0,,82
Upper-middle-income countries,OWID_UMC,1989,1,,,83,,85,0,,83
Upper-middle-income countries,OWID_UMC,1990,1,0,,87,,87,0,,86
Upper-middle-income countries,OWID_UMC,1991,1,0,,85,,86,0,,86
Upper-middle-income countries,OWID_UMC,1992,5,0,,83,,85,0,,84
Upper-middle-income countries,OWID_UMC,1993,8,0,,81,,84,3,,83
Upper-middle-income countries,OWID_UMC,1994,11,0,,78,,84,3,,83
Upper-middle-income countries,OWID_UMC,1995,15,0,,81,,82,7,,81
Upper-middle-income countries,OWID_UMC,1996,18,0,,84,,85,7,,83
Upper-middle-income countries,OWID_UMC,1997,21,0,,85,,86,8,,84
Upper-middle-income countries,OWID_UMC,1998,22,3,,86,,87,16,,85
Upper-middle-income countries,OWID_UMC,1999,30,4,,87,,88,16,,86
Upper-middle-income countries,OWID_UMC,2000,65,20,,87,,87,24,,86
Upper-middle-income countries,OWID_UMC,2001,67,20,,87,,87,28,,87
Upper-middle-income countries,OWID_UMC,2002,71,21,,86,,87,28,,86
Upper-middle-income countries,OWID_UMC,2003,76,22,,86,,88,30,,86
Upper-middle-income countries,OWID_UMC,2004,81,24,,87,,88,33,,87
Upper-middle-income countries,OWID_UMC,2005,85,26,,87,,88,33,,87
Upper-middle-income countries,OWID_UMC,2006,88,26,,91,,91,37,4,90
Upper-middle-income countries,OWID_UMC,2007,90,28,,91,,92,36,6,91
Upper-middle-income countries,OWID_UMC,2008,92,32,,93,1,94,36,13,93
Upper-middle-income countries,OWID_UMC,2009,94,32,,93,6,95,36,15,94
Upper-middle-income countries,OWID_UMC,2010,93,32,,93,13,94,63,17,94
Upper-middle-income countries,OWID_UMC,2011,93,32,,94,19,94,74,18,94
Upper-middle-income countries,OWID_UMC,2012,94,33,,94,22,94,78,19,95
Upper-middle-income countries,OWID_UMC,2013,93,35,,94,23,94,77,20,95
Upper-middle-income countries,OWID_UMC,2014,93,37,,94,25,94,79,20,93
Upper-middle-income countries,OWID_UMC,2015,92,48,25,94,26,94,77,22,93
Upper-middle-income countries,OWID_UMC,2016,92,47,31,95,26,92,79,21,93
Upper-middle-income countries,OWID_UMC,2017,91,46,85,93,28,93,82,21,93
Upper-middle-income countries,OWID_UMC,2018,91,49,89,94,30,93,86,23,93
Upper-middle-income countries,OWID_UMC,2019,90,49,92,93,31,93,90,21,91
Upper-middle-income countries,OWID_UMC,2020,88,50,84,90,31,88,87,24,88
Upper-middle-income countries,OWID_UMC,2021,86,52,87,89,32,86,85,26,86
Upper-middle-income countries,OWID_UMC,2022,91,58,91,91,34,90,88,28,91
Upper-middle-income countries,OWID_UMC,2023,90,59,89,89,40,90,86,31,90
Upper-middle-income countries,OWID_UMC,2024,88,58,91,90,49,89,87,41,89
Uruguay,URY,1980,,,,50,,59,,,53
Uruguay,URY,1981,,,,55,,60,,,57
Uruguay,URY,1982,,,,52,,72,52,,67
Uruguay,URY,1983,,,,65,,77,65,,73
Uruguay,URY,1984,,,,66,,80,66,,62
Uruguay,URY,1985,,,,59,,58,59,,63
Uruguay,URY,1986,,,,82,,64,82,,70
Uruguay,URY,1987,,,,88,,85,88,,85
Uruguay,URY,1988,,,,72,,82,72,,82
Uruguay,URY,1989,,,,82,,88,82,,88
Uruguay,URY,1990,,,,97,,97,97,,97
Uruguay,URY,1991,,,,96,,96,96,,96
Uruguay,URY,1992,,,,93,,93,93,,93
Uruguay,URY,1993,,,,90,,92,90,,92
Uruguay,URY,1994,,,,90,,91,90,,91
Uruguay,URY,1995,,,,90,,91,90,,91
Uruguay,URY,1996,,,,89,,91,89,,91
Uruguay,URY,1997,,84,,92,,91,92,,91
Uruguay,URY,1998,,75,,96,,91,96,,91
Uruguay,URY,1999,93,91,,99,,93,99,,93
Uruguay,URY,2000,92,88,,89,,92,89,,90
Uruguay,URY,2001,94,90,,94,,94,94,,94
Uruguay,URY,2002,95,95,,95,,93,95,,95
Uruguay,URY,2003,91,91,,95,,91,95,,91
Uruguay,URY,2004,94,94,,95,,95,95,,94
Uruguay,URY,2005,96,96,,95,,96,95,,96
Uruguay,URY,2006,95,95,,94,,95,94,,95
Uruguay,URY,2007,94,94,,96,,94,96,,94
Uruguay,URY,2008,94,94,,95,,94,95,,94
Uruguay,URY,2009,95,95,,94,,95,94,,95
Uruguay,URY,2010,95,95,,95,91,95,95,,95
Uruguay,URY,2011,95,95,,95,92,95,95,,95
Uruguay,URY,2012,95,95,,96,93,95,96,,95
Uruguay,URY,2013,95,95,,96,93,95,96,,95
Uruguay,URY,2014,95,95,,96,95,95,96,,95
Uruguay,URY,2015,95,95,99,96,94,95,96,,95
Uruguay,URY,2016,95,95,97,95,94,95,95,,95
Uruguay,URY,2017,93,93,97,96,94,93,96,,93
Uruguay,URY,2018,91,91,96,97,93,91,97,,91
Uruguay,URY,2019,94,94,99,96,95,93,96,,94
Uruguay,URY,2020,92,92,97,95,94,91,95,,92
Uruguay,URY,2021,91,91,98,93,94,90,93,,91
Uruguay,URY,2022,94,94,99,96,94,94,96,,94
Uruguay,URY,2023,95,95,98,96,94,95,96,,95
Uruguay,URY,2024,94,94,97,97,96,94,97,,94
Uzbekistan,UZB,1992,,,,84,,85,,,90
Uzbekistan,UZB,1993,,,,82,,46,,,45
Uzbekistan,UZB,1994,,,,71,,79,,,67
Uzbekistan,UZB,1995,,,,91,,99,,,87
Uzbekistan,UZB,1996,,,,95,,97,,,95
Uzbekistan,UZB,1997,,,,96,,98,,,96
Uzbekistan,UZB,1998,,,,95,,99,,,99
Uzbekistan,UZB,1999,,,,96,,99,,,99
Uzbekistan,UZB,2000,,,,99,,99,,,99
Uzbekistan,UZB,2001,,,,99,,99,,,99
Uzbekistan,UZB,2002,62,,,97,,99,,,99
Uzbekistan,UZB,2003,99,,,99,,99,,,98
Uzbekistan,UZB,2004,99,,,98,,99,,,99
Uzbekistan,UZB,2005,99,,,99,,99,,,99
Uzbekistan,UZB,2006,98,,,98,,94,98,,96
Uzbekistan,UZB,2007,99,,,98,,98,98,,96
Uzbekistan,UZB,2008,91,,,98,,98,98,,98
Uzbekistan,UZB,2009,98,98,,95,,99,95,,98
Uzbekistan,UZB,2010,99,99,,98,,99,98,,99
Uzbekistan,UZB,2011,99,99,,99,,99,99,,99
Uzbekistan,UZB,2012,99,99,,99,,99,99,,99
Uzbekistan,UZB,2013,99,99,,97,,99,97,,99
Uzbekistan,UZB,2014,99,99,,99,,99,99,52,99
Uzbekistan,UZB,2015,99,99,,99,,99,99,95,99
Uzbekistan,UZB,2016,99,99,,99,,99,99,74,99
Uzbekistan,UZB,2017,99,99,,99,99,99,99,99,99
Uzbekistan,UZB,2018,98,98,56,96,96,98,96,84,98
Uzbekistan,UZB,2019,96,96,94,98,99,98,98,48,96
Uzbekistan,UZB,2020,95,95,89,99,93,97,99,90,95
Uzbekistan,UZB,2021,98,98,99,99,98,99,99,52,98
Uzbekistan,UZB,2022,99,99,99,99,99,99,99,62,99
Uzbekistan,UZB,2023,99,99,99,99,99,99,99,89,99
Uzbekistan,UZB,2024,88,90,97,99,94,87,99,99,90
Vanuatu,VUT,1982,,,,20,,17,,,22
Vanuatu,VUT,1983,,,,23,,18,,,27
Vanuatu,VUT,1984,,,,18,,27,,,28
Vanuatu,VUT,1985,,,,26,,27,,,30
Vanuatu,VUT,1986,,,,22,,31,,,31
Vanuatu,VUT,1987,,,,34,,53,,,56
Vanuatu,VUT,1988,,,,46,,58,,,58
Vanuatu,VUT,1989,,,,50,,70,,,61
Vanuatu,VUT,1990,,,,66,,78,,,76
Vanuatu,VUT,1991,46,,,63,,82,,,83
Vanuatu,VUT,1992,82,,,66,,78,,,77
Vanuatu,VUT,1993,82,,,74,,87,,,86
Vanuatu,VUT,1994,69,,,53,,74,,,74
Vanuatu,VUT,1995,66,,,60,,74,,,73
Vanuatu,VUT,1996,69,,,61,,68,,,67
Vanuatu,VUT,1997,75,,,65,,67,,,72
Vanuatu,VUT,1998,73,,,64,,67,,,72
Vanuatu,VUT,1999,71,,,62,,67,,,71
Vanuatu,VUT,2000,70,,,61,,67,,,71
Vanuatu,VUT,2001,68,,,60,,67,,,70
Vanuatu,VUT,2002,66,,,58,,67,,,70
Vanuatu,VUT,2003,64,,,57,,67,,,69
Vanuatu,VUT,2004,63,,,56,,67,,,69
Vanuatu,VUT,2005,61,,,54,,67,,,68
Vanuatu,VUT,2006,59,,,53,,67,,,68
Vanuatu,VUT,2007,63,,,56,,69,,,70
Vanuatu,VUT,2008,67,,,62,,70,,,73
Vanuatu,VUT,2009,70,,,65,,72,,,75
Vanuatu,VUT,2010,75,,,71,,74,,,77
Vanuatu,VUT,2011,79,79,,75,,75,,,79
Vanuatu,VUT,2012,82,82,,80,,77,,,82
Vanuatu,VUT,2013,84,84,,84,,78,,,84
Vanuatu,VUT,2014,86,86,,90,,80,,,86
Vanuatu,VUT,2015,80,80,4,76,,80,76,,80
Vanuatu,VUT,2016,81,81,50,84,,81,84,,81
Vanuatu,VUT,2017,85,85,85,80,,83,80,,85
Vanuatu,VUT,2018,85,85,84,75,,85,75,,85
Vanuatu,VUT,2019,90,90,90,80,,90,80,,90
Vanuatu,VUT,2020,78,78,78,78,,76,78,,78
Vanuatu,VUT,2021,62,62,62,50,39,62,50,29,62
Vanuatu,VUT,2022,68,68,61,70,42,68,70,53,68
Vanuatu,VUT,2023,72,72,71,70,63,71,70,73,72
Vanuatu,VUT,2024,71,71,74,61,74,65,61,77,71
Venezuela,VEN,1980,,,,50,,95,,,56
Venezuela,VEN,1981,,,,43,,75,,,54
Venezuela,VEN,1982,,,,45,,76,,,53
Venezuela,VEN,1983,,,,42,,77,,,58
Venezuela,VEN,1984,,,,41,,59,,,33
Venezuela,VEN,1985,,,,56,,59,,,49
Venezuela,VEN,1986,,,,48,,64,,,58
Venezuela,VEN,1987,,,,54,,61,,,57
Venezuela,VEN,1988,,,,51,,74,,,56
Venezuela,VEN,1989,,,,50,,67,,,57
Venezuela,VEN,1990,,,,61,,72,,,63
Venezuela,VEN,1991,,,,63,,74,,,64
Venezuela,VEN,1992,,,,61,,73,,,67
Venezuela,VEN,1993,,,,62,,72,,,67
Venezuela,VEN,1994,,,,94,,73,,,63
Venezuela,VEN,1995,,,,47,,85,,,68
Venezuela,VEN,1996,,,,64,,73,,,57
Venezuela,VEN,1997,,,,68,,76,,,60
Venezuela,VEN,1998,,,,92,,62,92,,39
Venezuela,VEN,1999,,,,84,,86,84,,76
Venezuela,VEN,2000,5,2,,84,,86,84,,77
Venezuela,VEN,2001,53,34,,98,,87,98,,70
Venezuela,VEN,2002,60,59,,83,,81,83,,65
Venezuela,VEN,2003,72,54,,83,,86,83,,68
Venezuela,VEN,2004,82,60,,80,,83,80,,86
Venezuela,VEN,2005,88,87,,76,,80,76,,87
Venezuela,VEN,2006,71,71,,82,,73,82,13,71
Venezuela,VEN,2007,62,62,,87,,67,87,29,62
Venezuela,VEN,2008,53,51,,93,,76,93,50,50
Venezuela,VEN,2009,84,84,,87,,75,87,54,84
Venezuela,VEN,2010,78,78,,79,,74,79,49,78
Venezuela,VEN,2011,78,78,,86,,78,86,66,78
Venezuela,VEN,2012,81,81,,87,,73,87,76,81
Venezuela,VEN,2013,82,82,,85,,82,85,77,82
Venezuela,VEN,2014,78,78,,89,,79,89,76,78
Venezuela,VEN,2015,87,87,,92,24,87,92,84,87
Venezuela,VEN,2016,84,84,68,88,7,82,88,47,84
Venezuela,VEN,2017,66,66,70,96,0,79,96,18,66
Venezuela,VEN,2018,60,60,32,74,0,53,74,0,60
Venezuela,VEN,2019,64,64,55,93,0,62,93,0,64
Venezuela,VEN,2020,54,54,68,76,0,62,76,0,54
Venezuela,VEN,2021,56,56,59,68,0,50,68,0,56
Venezuela,VEN,2022,43,43,53,52,0,47,52,0,43
Venezuela,VEN,2023,54,54,68,68,0,62,68,0,54
Venezuela,VEN,2024,62,62,67,71,0,62,71,0,62
Vietnam,VNM,1982,,,,1,,,,,
Vietnam,VNM,1983,,,,3,,2,,,4
Vietnam,VNM,1984,,,,4,,5,,,5
Vietnam,VNM,1985,,,,19,,62,,,42
Vietnam,VNM,1986,,,,39,,45,,,43
Vietnam,VNM,1987,,,,36,,45,,,50
Vietnam,VNM,1988,,,,56,,54,,,70
Vietnam,VNM,1989,,,,76,,70,,,88
Vietnam,VNM,1990,,,,88,,88,,,88
Vietnam,VNM,1991,,,,88,,88,,,88
Vietnam,VNM,1992,,,,90,,89,,,88
Vietnam,VNM,1993,,,,93,,91,,,91
Vietnam,VNM,1994,,,,96,,94,,,94
Vietnam,VNM,1995,,,,95,,94,,,93
Vietnam,VNM,1996,,,,96,,94,,,94
Vietnam,VNM,1997,,,,96,,95,,,95
Vietnam,VNM,1998,,,,96,,94,,,94
Vietnam,VNM,1999,,,,94,,93,,,93
Vietnam,VNM,2000,,,,97,,96,,,96
Vietnam,VNM,2001,,,,98,,96,,,96
Vietnam,VNM,2002,,,,96,,92,,,75
Vietnam,VNM,2003,78,,,93,,96,,,99
Vietnam,VNM,2004,94,,,97,,96,,,96
Vietnam,VNM,2005,94,,,95,,94,,,95
Vietnam,VNM,2006,93,,,93,,94,,,94
Vietnam,VNM,2007,67,,,83,,92,,,92
Vietnam,VNM,2008,87,,,92,,93,,,93
Vietnam,VNM,2009,94,,,97,,97,,,96
Vietnam,VNM,2010,88,63,,98,,94,,,93
Vietnam,VNM,2011,95,95,,96,,96,,,95
Vietnam,VNM,2012,97,97,,96,,97,,,97
Vietnam,VNM,2013,59,59,,98,,93,,,59
Vietnam,VNM,2014,95,95,,97,,96,,,95
Vietnam,VNM,2015,97,97,,97,,97,92,,97
Vietnam,VNM,2016,96,96,,99,,95,95,,96
Vietnam,VNM,2017,94,94,,97,,94,93,,94
Vietnam,VNM,2018,75,75,19,97,,90,90,,75
Vietnam,VNM,2019,89,89,73,95,,89,92,,89
Vietnam,VNM,2020,94,94,88,97,,80,93,,94
Vietnam,VNM,2021,83,83,80,89,,81,85,,83
Vietnam,VNM,2022,91,91,89,88,,70,81,,91
Vietnam,VNM,2023,65,65,85,82,,60,86,,65
Vietnam,VNM,2024,97,97,93,98,,73,95,,97
West and Central Africa (UNICEF),,1980,,,,4,,3,0,,1
West and Central Africa (UNICEF),,1981,,,,8,,6,0,,5
West and Central Africa (UNICEF),,1982,,,,9,,7,0,,6
West and Central Africa (UNICEF),,1983,,,,9,,8,0,,7
West and Central Africa (UNICEF),,1984,,,,15,,12,0,,13
West and Central Africa (UNICEF),,1985,0,,,24,,18,0,,19
West and Central Africa (UNICEF),,1986,0,,,32,,25,0,,25
West and Central Africa (UNICEF),,1987,0,,,36,,30,0,,30
West and Central Africa (UNICEF),,1988,0,,,42,,35,0,,35
West and Central Africa (UNICEF),,1989,0,,,50,,42,0,,42
West and Central Africa (UNICEF),,1990,0,0,,50,,49,0,,49
West and Central Africa (UNICEF),,1991,0,0,,47,,39,0,,37
West and Central Africa (UNICEF),,1992,0,0,,42,,40,0,,40
West and Central Africa (UNICEF),,1993,0,0,,42,,36,0,,36
West and Central Africa (UNICEF),,1994,0,0,,44,,43,0,,42
West and Central Africa (UNICEF),,1995,0,0,,44,,37,0,,38
West and Central Africa (UNICEF),,1996,0,0,,41,,34,0,,34
West and Central Africa (UNICEF),,1997,0,0,,41,,34,0,,32
West and Central Africa (UNICEF),,1998,0,0,,40,,33,0,,33
West and Central Africa (UNICEF),,1999,0,0,,39,,37,0,,39
West and Central Africa (UNICEF),,2000,0,0,,41,,42,0,,41
West and Central Africa (UNICEF),,2001,1,0,,43,,44,0,,40
West and Central Africa (UNICEF),,2002,7,4,,44,,50,0,,42
West and Central Africa (UNICEF),,2003,12,4,,48,,53,0,,46
West and Central Africa (UNICEF),,2004,17,4,,52,,55,0,,51
West and Central Africa (UNICEF),,2005,27,6,,56,,60,0,,55
West and Central Africa (UNICEF),,2006,34,12,,58,,61,0,0,58
West and Central Africa (UNICEF),,2007,54,15,,58,,64,0,0,60
West and Central Africa (UNICEF),,2008,60,18,,62,0,67,0,0,65
West and Central Africa (UNICEF),,2009,69,45,,68,0,71,0,0,70
West and Central Africa (UNICEF),,2010,63,44,,65,0,66,0,0,66
West and Central Africa (UNICEF),,2011,62,45,,64,6,61,0,0,65
West and Central Africa (UNICEF),,2012,62,50,,61,16,62,0,2,60
West and Central Africa (UNICEF),,2013,62,56,,60,20,60,6,4,60
West and Central Africa (UNICEF),,2014,63,63,,60,31,62,6,14,63
West and Central Africa (UNICEF),,2015,62,62,30,60,53,62,9,21,62
West and Central Africa (UNICEF),,2016,67,67,48,62,61,66,10,25,67
West and Central Africa (UNICEF),,2017,68,68,47,64,64,68,13,27,68
West and Central Africa (UNICEF),,2018,70,70,62,64,66,69,18,27,70
West and Central Africa (UNICEF),,2019,72,72,72,65,67,72,20,28,72
West and Central Africa (UNICEF),,2020,69,69,70,64,64,69,20,34,69
West and Central Africa (UNICEF),,2021,69,69,69,63,63,67,20,39,69
West and Central Africa (UNICEF),,2022,69,69,68,60,64,66,20,47,69
West and Central Africa (UNICEF),,2023,71,71,73,62,53,72,21,57,71
West and Central Africa (UNICEF),,2024,72,72,73,65,54,72,22,62,72
Western Pacific (WHO),WHO_WPAC,1980,,,,4,,5,0,,8
Western Pacific (WHO),WHO_WPAC,1981,,,,4,,7,0,,11
Western Pacific (WHO),WHO_WPAC,1982,,,,4,,73,0,,11
Western Pacific (WHO),WHO_WPAC,1983,,,,65,,73,2,,55
Western Pacific (WHO),WHO_WPAC,1984,,,,73,,76,2,,67
Western Pacific (WHO),WHO_WPAC,1985,0,,,78,,82,3,,73
Western Pacific (WHO),WHO_WPAC,1986,0,,,61,,67,2,,74
Western Pacific (WHO),WHO_WPAC,1987,0,,,73,,76,2,,73
Western Pacific (WHO),WHO_WPAC,1988,0,,,89,,91,2,,90
Western Pacific (WHO),WHO_WPAC,1989,1,,,91,,92,5,,92
Western Pacific (WHO),WHO_WPAC,1990,1,0,,94,,95,5,,94
Western Pacific (WHO),WHO_WPAC,1991,2,0,,89,,92,6,,92
Western Pacific (WHO),WHO_WPAC,1992,2,0,,85,,90,7,,88
Western Pacific (WHO),WHO_WPAC,1993,2,0,,80,,87,7,,86
Western Pacific (WHO),WHO_WPAC,1994,3,0,,77,,86,7,,84
Western Pacific (WHO),WHO_WPAC,1995,9,0,,81,,82,8,,80
Western Pacific (WHO),WHO_WPAC,1996,9,0,,84,,84,8,,83
Western Pacific (WHO),WHO_WPAC,1997,8,1,,84,,85,8,,83
Western Pacific (WHO),WHO_WPAC,1998,8,1,,84,,85,10,,83
Western Pacific (WHO),WHO_WPAC,1999,9,1,,85,,86,11,,84
Western Pacific (WHO),WHO_WPAC,2000,49,1,,85,,86,11,,85
Western Pacific (WHO),WHO_WPAC,2001,56,1,,86,,85,11,,86
Western Pacific (WHO),WHO_WPAC,2002,59,1,,86,,85,10,,85
Western Pacific (WHO),WHO_WPAC,2003,69,1,,86,,88,10,,87
Western Pacific (WHO),WHO_WPAC,2004,72,3,,88,,88,10,,88
Western Pacific (WHO),WHO_WPAC,2005,76,3,,88,,88,10,,88
Western Pacific (WHO),WHO_WPAC,2006,85,3,,93,,93,10,0,92
Western Pacific (WHO),WHO_WPAC,2007,85,3,,92,,93,10,0,92
Western Pacific (WHO),WHO_WPAC,2008,89,4,,95,1,96,9,1,95
Western Pacific (WHO),WHO_WPAC,2009,93,4,,97,1,97,9,1,97
Western Pacific (WHO),WHO_WPAC,2010,92,10,,97,1,97,62,1,96
Western Pacific (WHO),WHO_WPAC,2011,93,17,,96,6,97,79,1,97
Western Pacific (WHO),WHO_WPAC,2012,93,24,,96,5,97,86,1,97
Western Pacific (WHO),WHO_WPAC,2013,90,22,,96,5,96,87,4,94
Western Pacific (WHO),WHO_WPAC,2014,92,25,,96,9,96,89,1,96
Western Pacific (WHO),WHO_WPAC,2015,92,26,0,96,11,96,93,1,96
Western Pacific (WHO),WHO_WPAC,2016,93,25,6,96,13,96,96,1,97
Western Pacific (WHO),WHO_WPAC,2017,93,25,86,96,12,96,96,1,96
Western Pacific (WHO),WHO_WPAC,2018,91,26,88,96,15,96,95,2,95
Western Pacific (WHO),WHO_WPAC,2019,95,27,93,96,16,96,96,2,95
Western Pacific (WHO),WHO_WPAC,2020,95,30,94,95,19,94,95,2,95
Western Pacific (WHO),WHO_WPAC,2021,92,30,91,92,21,92,92,2,92
Western Pacific (WHO),WHO_WPAC,2022,94,34,94,93,25,92,93,4,95
Western Pacific (WHO),WHO_WPAC,2023,90,33,92,91,26,90,91,7,91
Western Pacific (WHO),WHO_WPAC,2024,91,34,93,92,23,92,92,8,92
World,OWID_WRL,1980,,,,16,,21,3,,20
World,OWID_WRL,1981,,,,19,,22,4,,23
World,OWID_WRL,1982,,,,20,,41,4,,25
World,OWID_WRL,1983,,,,36,,42,4,,37
World,OWID_WRL,1984,,,,40,,46,5,,44
World,OWID_WRL,1985,0,,,46,,50,5,,48
World,OWID_WRL,1986,0,,,46,,50,5,,51
World,OWID_WRL,1987,0,,,53,,56,5,,55
World,OWID_WRL,1988,0,,,62,,64,6,,63
World,OWID_WRL,1989,0,,,67,,70,7,,68
World,OWID_WRL,1990,1,0,,73,,75,7,,76
World,OWID_WRL,1991,1,0,,68,,71,8,,71
World,OWID_WRL,1992,3,1,,68,,69,8,,69
World,OWID_WRL,1993,4,1,,69,,70,9,,69
World,OWID_WRL,1994,7,1,,71,,72,10,,72
World,OWID_WRL,1995,11,4,,73,,73,11,,72
World,OWID_WRL,1996,13,5,,73,,73,12,,72
World,OWID_WRL,1997,14,5,,71,,73,12,,71
World,OWID_WRL,1998,15,7,,70,,72,15,,71
World,OWID_WRL,1999,18,8,,71,,72,16,,71
World,OWID_WRL,2000,29,13,,71,,72,20,,72
World,OWID_WRL,2001,31,14,,72,,73,21,,72
World,OWID_WRL,2002,37,16,,72,,74,21,,72
World,OWID_WRL,2003,44,17,,73,,75,22,,74
World,OWID_WRL,2004,48,19,,75,,76,23,,76
World,OWID_WRL,2005,54,20,,77,,78,23,,77
World,OWID_WRL,2006,58,21,,79,,79,25,1,78
World,OWID_WRL,2007,63,24,,79,,80,25,2,78
World,OWID_WRL,2008,69,27,,81,4,82,25,4,81
World,OWID_WRL,2009,73,38,,83,6,83,25,6,83
World,OWID_WRL,2010,72,40,,84,10,83,34,8,83
World,OWID_WRL,2011,74,43,,84,15,83,37,9,84
World,OWID_WRL,2012,79,45,,84,19,84,39,11,84
World,OWID_WRL,2013,78,50,,84,26,84,42,14,83
World,OWID_WRL,2014,81,55,,84,32,84,44,18,85
World,OWID_WRL,2015,83,63,20,84,38,85,46,22,85
World,OWID_WRL,2016,84,70,40,85,41,85,47,24,86
World,OWID_WRL,2017,84,71,58,85,45,86,51,27,86
World,OWID_WRL,2018,84,73,73,86,48,86,68,35,86
World,OWID_WRL,2019,86,74,83,86,51,86,69,40,86
World,OWID_WRL,2020,83,72,80,83,52,82,68,47,83
World,OWID_WRL,2021,81,72,80,81,52,81,66,49,82
World,OWID_WRL,2022,84,77,84,83,61,84,72,52,85
World,OWID_WRL,2023,84,77,84,83,63,84,71,56,84
World,OWID_WRL,2024,84,78,85,84,67,84,73,59,85
Yemen,YEM,1980,,,,2,,1,,,1
Yemen,YEM,1981,,,,4,,3,,,3
Yemen,YEM,1982,,,,4,,4,,,4
Yemen,YEM,1983,,,,6,,5,,,5
Yemen,YEM,1984,,,,8,,7,,,7
Yemen,YEM,1985,,,,13,,12,,,12
Yemen,YEM,1986,,,,15,,13,,,13
Yemen,YEM,1987,,,,22,,18,,,18
Yemen,YEM,1988,,,,34,,36,,,36
Yemen,YEM,1989,,,,48,,56,,,56
Yemen,YEM,1990,,,,69,,84,,,84
Yemen,YEM,1991,,,,53,,47,,,47
Yemen,YEM,1992,,,,46,,50,,,50
Yemen,YEM,1993,,,,51,,54,,,54
Yemen,YEM,1994,,,,31,,33,,,33
Yemen,YEM,1995,,,,40,,44,,,44
Yemen,YEM,1996,,,,43,,47,,,47
Yemen,YEM,1997,,,,41,,40,,,40
Yemen,YEM,1998,,,,66,,68,,,68
Yemen,YEM,1999,9,,,74,,71,,,71
Yemen,YEM,2000,14,,,70,,74,,,74
Yemen,YEM,2001,19,,,72,,73,,,73
Yemen,YEM,2002,31,,,62,,64,,,65
Yemen,YEM,2003,38,,,64,,61,,,61
Yemen,YEM,2004,43,,,74,,72,,,72
Yemen,YEM,2005,80,43,,73,,80,,,79
Yemen,YEM,2006,78,73,,65,,78,,,78
Yemen,YEM,2007,79,75,,71,,79,,,79
Yemen,YEM,2008,78,75,,69,,78,,,78
Yemen,YEM,2009,76,74,,65,,76,,,76
Yemen,YEM,2010,76,75,,68,,77,,,76
Yemen,YEM,2011,69,69,,66,41,69,,,69
Yemen,YEM,2012,67,67,,63,67,68,,23,67
Yemen,YEM,2013,71,71,,68,71,72,,56,71
Yemen,YEM,2014,70,70,,64,69,70,,55,70
Yemen,YEM,2015,63,63,12,61,63,64,61,47,63
Yemen,YEM,2016,63,63,61,62,62,64,62,52,63
Yemen,YEM,2017,59,59,58,56,58,59,56,59,59
Yemen,YEM,2018,54,54,52,53,51,54,53,53,54
Yemen,YEM,2019,60,60,59,54,58,60,54,59,60
Yemen,YEM,2020,57,57,55,53,55,57,53,57,57
Yemen,YEM,2021,56,56,55,51,55,56,51,58,56
Yemen,YEM,2022,58,58,59,53,57,58,53,61,58
Yemen,YEM,2023,46,46,48,45,45,46,45,48,46
Yemen,YEM,2024,42,42,45,41,41,42,41,42,42
Zambia,ZMB,1983,,,,56,,46,,,49
Zambia,ZMB,1984,,,,57,,50,,,59
Zambia,ZMB,1985,,,,58,,61,,,66
Zambia,ZMB,1986,,,,58,,74,,,66
Zambia,ZMB,1987,,,,80,,81,,,83
Zambia,ZMB,1988,,,,80,,81,,,83
Zambia,ZMB,1989,,,,80,,81,,,83
Zambia,ZMB,1990,,,,90,,90,,,91
Zambia,ZMB,1991,,,,80,,80,,,79
Zambia,ZMB,1992,,,,85,,83,,,83
Zambia,ZMB,1993,,,,91,,87,,,86
Zambia,ZMB,1994,,,,96,,90,,,90
Zambia,ZMB,1995,,,,86,,84,,,86
Zambia,ZMB,1996,,,,86,,83,,,84
Zambia,ZMB,1997,,,,86,,82,,,83
Zambia,ZMB,1998,,,,86,,83,,,84
Zambia,ZMB,1999,,,,85,,84,,,84
Zambia,ZMB,2000,,,,85,,85,,,85
Zambia,ZMB,2001,,,,84,,86,,,85
Zambia,ZMB,2002,,,,84,,85,,,84
Zambia,ZMB,2003,,,,84,,85,,,83
Zambia,ZMB,2004,,83,,85,,84,,,83
Zambia,ZMB,2005,82,82,,85,,84,,,82
Zambia,ZMB,2006,81,81,,85,,83,,,81
Zambia,ZMB,2007,80,80,,93,,77,,,80
Zambia,ZMB,2008,87,87,,87,,90,,,87
Zambia,ZMB,2009,94,94,,90,,93,,,94
Zambia,ZMB,2010,83,83,,96,,80,,,83
Zambia,ZMB,2011,81,81,,83,,83,,,81
Zambia,ZMB,2012,78,78,,82,,70,,,78
Zambia,ZMB,2013,79,79,,80,,74,,,79
Zambia,ZMB,2014,86,86,,85,77,78,,73,86
Zambia,ZMB,2015,90,90,,90,81,90,,82,90
Zambia,ZMB,2016,95,95,,97,94,91,,94,95
Zambia,ZMB,2017,94,94,,96,94,92,96,96,94
Zambia,ZMB,2018,90,90,36,94,90,90,94,91,90
Zambia,ZMB,2019,88,88,73,93,89,89,93,90,88
Zambia,ZMB,2020,84,84,84,96,85,83,96,87,84
Zambia,ZMB,2021,91,91,80,90,89,87,90,87,91
Zambia,ZMB,2022,92,92,78,88,87,94,88,50,92
Zambia,ZMB,2023,90,90,77,83,87,91,83,58,90
Zambia,ZMB,2024,91,91,87,88,91,90,88,58,91
Zimbabwe,ZWE,1981,,,,56,,38,,,39
Zimbabwe,ZWE,1982,,,,58,,46,,,46
Zimbabwe,ZWE,1983,,,,60,,53,,,53
Zimbabwe,ZWE,1984,,,,62,,61,,,60
Zimbabwe,ZWE,1985,,,,78,,63,,,63
Zimbabwe,ZWE,1986,,,,83,,82,,,75
Zimbabwe,ZWE,1987,,,,88,,86,,,84
Zimbabwe,ZWE,1988,,,,88,,87,,,85
Zimbabwe,ZWE,1989,,,,87,,88,,,87
Zimbabwe,ZWE,1990,,,,87,,89,,,88
Zimbabwe,ZWE,1991,,,,87,,88,,,87
Zimbabwe,ZWE,1992,,,,86,,86,,,86
Zimbabwe,ZWE,1993,,,,86,,85,,,85
Zimbabwe,ZWE,1994,,,,87,,87,,,87
Zimbabwe,ZWE,1995,1,,,87,,88,,,88
Zimbabwe,ZWE,1996,9,,,88,,90,,,90
Zimbabwe,ZWE,1997,16,,,84,,86,,,86
Zimbabwe,ZWE,1998,24,,,79,,84,,,84
Zimbabwe,ZWE,1999,31,,,77,,81,,,81
Zimbabwe,ZWE,2000,79,,,75,,78,,,78
Zimbabwe,ZWE,2001,76,,,73,,76,,,75
Zimbabwe,ZWE,2002,73,,,70,,73,,,71
Zimbabwe,ZWE,2003,70,,,68,,70,,,68
Zimbabwe,ZWE,2004,68,,,66,,67,,,65
Zimbabwe,ZWE,2005,65,,,67,,69,,,68
Zimbabwe,ZWE,2006,68,,,68,,71,,,70
Zimbabwe,ZWE,2007,72,,,69,,73,,,73
Zimbabwe,ZWE,2008,75,75,,70,,75,,,75
Zimbabwe,ZWE,2009,73,73,,76,,69,,,73
Zimbabwe,ZWE,2010,90,90,,90,,89,,,89
Zimbabwe,ZWE,2011,94,94,,92,,93,,,93
Zimbabwe,ZWE,2012,97,97,,97,21,95,,,95
Zimbabwe,ZWE,2013,95,95,,93,95,95,,,95
Zimbabwe,ZWE,2014,91,91,,92,91,92,,48,91
Zimbabwe,ZWE,2015,87,87,,86,87,88,,87,87
Zimbabwe,ZWE,2016,90,90,,95,90,90,95,91,90
Zimbabwe,ZWE,2017,89,89,,90,89,89,90,91,89
Zimbabwe,ZWE,2018,89,89,,88,89,89,88,90,89
Zimbabwe,ZWE,2019,90,90,65,85,90,90,85,92,90
Zimbabwe,ZWE,2020,86,86,86,85,86,86,85,88,86
Zimbabwe,ZWE,2021,88,88,88,88,88,88,88,86,88
Zimbabwe,ZWE,2022,90,90,90,90,90,90,90,55,90
Zimbabwe,ZWE,2023,90,90,90,90,90,90,90,55,90
Zimbabwe,ZWE,2024,91,91,88,90,91,91,90,85,91